{"genre":"soundcloud:genres:all-music","kind":"top","last_updated":"2019-10-10T06:09:20Z","collection":[{"track":{"comment_count":5285,"full_duration":192121,"downloadable":false,"created_at":"2019-10-04T02:24:58Z","description":"","media":{"transcodings":[{"url":"https://api-mobi.soundcloud.com/media/soundcloud:tracks:690770410/967c1f82-506a-44d3-a070-12272a9fd516/stream/hls","preset":"mp3_0_0","duration":192121,"snipped":false,"format":{"protocol":"hls","mime_type":"audio/mpeg"},"quality":"sq"},{"url":"https://api-mobi.soundcloud.com/media/soundcloud:tracks:690770410/967c1f82-506a-44d3-a070-12272a9fd516/stream/progressive","preset":"mp3_0_0","duration":192121,"snipped":false,"format":{"protocol":"progressive","mime_type":"audio/mpeg"},"quality":"sq"},{"url":"https://api-mobi.soundcloud.com/media/soundcloud:tracks:690770410/d26af646-7fe6-4f6f-96ae-9e995c2e1963/stream/hls","preset":"opus_0_0","duration":192055,"snipped":false,"format":{"protocol":"hls","mime_type":"audio/ogg; codecs=\"opus\""},"quality":"sq"}]},"title":"Bandit ft. NBA Youngboy","publisher_metadata":{"p_line_for_display":"℗ ","artist":"","iswc":"","isrc":"USUG11903492","upc_or_ean":"","p_line":"","urn":"soundcloud:tracks:690770410","contains_music":true,"writer_composer":"","publisher":"","id":690770410,"album_title":"","release_title":""},"duration":192121,"has_downloads_left":true,"artwork_url":"https://i1.sndcdn.com/artworks-000607413409-8kknp0-large.jpg","public":true,"streamable":true,"tag_list":"\"juice wrld\" \"nba youngboy\" bandit","download_url":null,"genre":"Hip-hop & Rap","id":690770410,"reposts_count":5448,"state":"finished","label_name":null,"last_modified":"2019-10-10T10:57:25Z","commentable":true,"policy":"MONETIZE","visuals":null,"kind":"track","purchase_url":null,"sharing":"public","uri":"https://api.soundcloud.com/tracks/690770410","secret_token":null,"download_count":0,"likes_count":191030,"urn":"soundcloud:tracks:690770410","license":"all-rights-reserved","purchase_title":null,"display_date":"2019-10-04T04:01:44Z","embeddable_by":"all","release_date":null,"user_id":132790246,"monetization_model":"AD_SUPPORTED","waveform_url":"https://wave.sndcdn.com/9DBAIJ7V8SaQ_m.json","permalink":"bandit-ft-nba-youngboy","permalink_url":"https://soundcloud.com/uiceheidd/bandit-ft-nba-youngboy","user":{"avatar_url":"https://i1.sndcdn.com/avatars-000310352068-6gufdm-large.jpg","first_name":"","full_name":"","id":132790246,"kind":"user","last_modified":"2019-10-04T04:20:47Z","last_name":"","permalink":"uiceheidd","permalink_url":"https://soundcloud.com/uiceheidd","uri":"https://api.soundcloud.com/users/132790246","urn":"soundcloud:users:132790246","username":"Juice WRLD","verified":false,"city":"Chicago","country_code":null},"playback_count":6172872},"score":5673787},{"track":{"comment_count":13104,"full_duration":224072,"downloadable":false,"created_at":"2019-08-05T20:52:22Z","description":null,"media":{"transcodings":[{"url":"https://api-mobi.soundcloud.com/media/soundcloud:tracks:661628567/df9cf5a1-d898-449c-b256-e7d0b9c1c36e/stream/hls","preset":"mp3_0_0","duration":224072,"snipped":false,"format":{"protocol":"hls","mime_type":"audio/mpeg"},"quality":"sq"},{"url":"https://api-mobi.soundcloud.com/media/soundcloud:tracks:661628567/df9cf5a1-d898-449c-b256-e7d0b9c1c36e/stream/progressive","preset":"mp3_0_0","duration":224072,"snipped":false,"format":{"protocol":"progressive","mime_type":"audio/mpeg"},"quality":"sq"},{"url":"https://api-mobi.soundcloud.com/media/soundcloud:tracks:661628567/f1793e21-5ec7-4519-98ab-c82daaef30ad/stream/hls","preset":"opus_0_0","duration":224007,"snipped":false,"format":{"protocol":"hls","mime_type":"audio/ogg; codecs=\"opus\""},"quality":"sq"}]},"title":"F.N","publisher_metadata":{"urn":"soundcloud:tracks:661628567","explicit":true,"contains_music":true,"p_line_for_display":"℗ 2019 Columbia Records, a Division of Sony Music Entertainment","artist":"Lil Tjay","isrc":"USSM11904899","id":661628567,"album_title":"F.N","upc_or_ean":"886447882375","p_line":"(P) 2019 Columbia Records, a Division of Sony Music Entertainment","release_title":"F.N"},"duration":224072,"has_downloads_left":true,"artwork_url":"https://i1.sndcdn.com/artworks-rleaJ8hnvHZA-0-large.jpg","public":true,"streamable":true,"tag_list":"","download_url":null,"genre":"Hip Hop","id":661628567,"reposts_count":7246,"state":"finished","label_name":"Columbia","last_modified":"2019-10-10T09:33:28Z","commentable":true,"policy":"MONETIZE","visuals":null,"kind":"track","purchase_url":null,"sharing":"public","uri":"https://api.soundcloud.com/tracks/661628567","secret_token":null,"download_count":0,"likes_count":378020,"urn":"soundcloud:tracks:661628567","license":"all-rights-reserved","purchase_title":null,"display_date":"2018-10-26T00:00:00Z","embeddable_by":"all","release_date":"2018-10-26T00:00:00Z","user_id":245152552,"monetization_model":"AD_SUPPORTED","waveform_url":"https://wave.sndcdn.com/cs5AgiAQyvo9_m.json","permalink":"f-n","permalink_url":"https://soundcloud.com/liltjay/f-n","user":{"avatar_url":"https://i1.sndcdn.com/avatars-000663199790-k3tox1-large.jpg","first_name":"","full_name":"","id":245152552,"kind":"user","last_modified":"2019-08-20T06:43:07Z","last_name":"","permalink":"liltjay","permalink_url":"https://soundcloud.com/liltjay","uri":"https://api.soundcloud.com/users/245152552","urn":"soundcloud:users:245152552","username":"Lil Tjay","verified":false,"city":"Bronx","country_code":null},"playback_count":27760965},"score":4287659},{"track":{"comment_count":14586,"full_duration":148832,"downloadable":false,"created_at":"2019-09-11T23:54:52Z","description":"Listen to \"Camelot\" out now:\nhttps://nlechoppa.lnk.to/camelot","media":{"transcodings":[{"url":"https://api-mobi.soundcloud.com/media/soundcloud:tracks:679809245/d3a958d4-ab77-41e7-9eed-cbc5f89d2856/stream/hls","preset":"mp3_0_0","duration":148832,"snipped":false,"format":{"protocol":"hls","mime_type":"audio/mpeg"},"quality":"sq"},{"url":"https://api-mobi.soundcloud.com/media/soundcloud:tracks:679809245/d3a958d4-ab77-41e7-9eed-cbc5f89d2856/stream/progressive","preset":"mp3_0_0","duration":148832,"snipped":false,"format":{"protocol":"progressive","mime_type":"audio/mpeg"},"quality":"sq"},{"url":"https://api-mobi.soundcloud.com/media/soundcloud:tracks:679809245/7aca4a9e-7d98-4bd9-9d07-4f77ef916ba6/stream/hls","preset":"opus_0_0","duration":148766,"snipped":false,"format":{"protocol":"hls","mime_type":"audio/ogg; codecs=\"opus\""},"quality":"sq"}]},"title":"Camelot","publisher_metadata":{"p_line_for_display":"℗ ","artist":"NLE Choppa","iswc":"","isrc":"USWB11901876","upc_or_ean":"","p_line":"","urn":"soundcloud:tracks:679809245","contains_music":true,"writer_composer":"","publisher":"","id":679809245,"album_title":"","release_title":"Camelot"},"duration":148832,"has_downloads_left":true,"artwork_url":"https://i1.sndcdn.com/artworks-000596445971-jh3py0-large.jpg","public":true,"streamable":true,"tag_list":"\"NLE Choppa\" Camelot SCFirst \"New Hip Hop\" Rap Trap \"New Rap\"","download_url":null,"genre":"Hip-hop & Rap","id":679809245,"reposts_count":7056,"state":"finished","label_name":null,"last_modified":"2019-10-10T10:57:26Z","commentable":true,"policy":"MONETIZE","visuals":null,"kind":"track","purchase_url":null,"sharing":"public","uri":"https://api.soundcloud.com/tracks/679809245","secret_token":null,"download_count":0,"likes_count":327016,"urn":"soundcloud:tracks:679809245","license":"all-rights-reserved","purchase_title":null,"display_date":"2019-09-13T04:00:55Z","embeddable_by":"all","release_date":null,"user_id":579673896,"monetization_model":"AD_SUPPORTED","waveform_url":"https://wave.sndcdn.com/Z7EWLFoSsZmD_m.json","permalink":"camelot","permalink_url":"https://soundcloud.com/nlechoppa/camelot","user":{"avatar_url":"https://i1.sndcdn.com/avatars-000689089568-nwa2jz-large.jpg","first_name":"","full_name":"","id":579673896,"kind":"user","last_modified":"2019-09-13T04:18:06Z","last_name":"","permalink":"nlechoppa","permalink_url":"https://soundcloud.com/nlechoppa","uri":"https://api.soundcloud.com/users/579673896","urn":"soundcloud:users:579673896","username":"NLE Choppa","verified":false,"city":null,"country_code":null},"playback_count":18190603},"score":4046452},{"track":{"comment_count":3656,"full_duration":172868,"downloadable":false,"created_at":"2019-09-19T21:50:49Z","description":null,"media":{"transcodings":[{"url":"https://api-mobi.soundcloud.com/media/soundcloud:tracks:683577108/dd512682-e46f-4ce2-8279-2e0429818268/stream/hls","preset":"mp3_0_0","duration":172868,"snipped":false,"format":{"protocol":"hls","mime_type":"audio/mpeg"},"quality":"sq"},{"url":"https://api-mobi.soundcloud.com/media/soundcloud:tracks:683577108/dd512682-e46f-4ce2-8279-2e0429818268/stream/progressive","preset":"mp3_0_0","duration":172868,"snipped":false,"format":{"protocol":"progressive","mime_type":"audio/mpeg"},"quality":"sq"},{"url":"https://api-mobi.soundcloud.com/media/soundcloud:tracks:683577108/f63299ae-cf99-4709-bf25-28431ef8a586/stream/hls","preset":"opus_0_0","duration":172807,"snipped":false,"format":{"protocol":"hls","mime_type":"audio/ogg; codecs=\"opus\""},"quality":"sq"}]},"title":"INTRO","publisher_metadata":{"p_line_for_display":"℗ 2019 Interscope Records","artist":"DaBaby","isrc":"USUM71918716","c_line":"2019 © 2019 Interscope Records","upc_or_ean":"00602508323799","p_line":"℗ 2019 Interscope Records","urn":"soundcloud:tracks:683577108","explicit":true,"c_line_for_display":"© 2019 © 2019 Interscope Records","contains_music":true,"id":683577108,"album_title":"KIRK","release_title":"INTRO"},"duration":172868,"has_downloads_left":true,"artwork_url":"https://i1.sndcdn.com/artworks-PqiOaGo3mry1-0-large.jpg","public":true,"streamable":true,"tag_list":"","download_url":null,"genre":"Hip Hop","id":683577108,"reposts_count":3572,"state":"finished","label_name":null,"last_modified":"2019-10-10T09:33:28Z","commentable":true,"policy":"MONETIZE","visuals":null,"kind":"track","purchase_url":null,"sharing":"public","uri":"https://api.soundcloud.com/tracks/683577108","secret_token":null,"download_count":0,"likes_count":159500,"urn":"soundcloud:tracks:683577108","license":"all-rights-reserved","purchase_title":null,"display_date":"2019-09-27T04:00:00Z","embeddable_by":"all","release_date":"2019-09-27T00:00:00Z","user_id":132004414,"monetization_model":"AD_SUPPORTED","waveform_url":"https://wave.sndcdn.com/i1v0iDYoOcCn_m.json","permalink":"intro-1","permalink_url":"https://soundcloud.com/dabilliondollarbaby/intro-1","user":{"avatar_url":"https://i1.sndcdn.com/avatars-000305293317-xh9nur-large.jpg","first_name":"BABY","full_name":"BABY JESUS","id":132004414,"kind":"user","last_modified":"2019-09-27T16:37:26Z","last_name":"JESUS","permalink":"dabilliondollarbaby","permalink_url":"https://soundcloud.com/dabilliondollarbaby","uri":"https://api.soundcloud.com/users/132004414","urn":"soundcloud:users:132004414","username":"Baby Jesus (DaBaby)","verified":false,"city":"Charlotte,NC","country_code":"US"},"playback_count":8219614},"score":3916585},{"track":{"comment_count":59919,"full_duration":131355,"downloadable":false,"created_at":"2019-05-22T13:48:27Z","description":"https://www.youtube.com/watch?v=1XzY2ij_vL4","media":{"transcodings":[{"url":"https://api-mobi.soundcloud.com/media/soundcloud:tracks:624758298/fdcdb6be-a7b6-4a1b-a178-4866cfe902d4/stream/hls","preset":"mp3_0_0","duration":131355,"snipped":false,"format":{"protocol":"hls","mime_type":"audio/mpeg"},"quality":"sq"},{"url":"https://api-mobi.soundcloud.com/media/soundcloud:tracks:624758298/fdcdb6be-a7b6-4a1b-a178-4866cfe902d4/stream/progressive","preset":"mp3_0_0","duration":131355,"snipped":false,"format":{"protocol":"progressive","mime_type":"audio/mpeg"},"quality":"sq"},{"url":"https://api-mobi.soundcloud.com/media/soundcloud:tracks:624758298/84df23ac-55d7-46cc-82a9-d0c93fa3c2dc/stream/hls","preset":"opus_0_0","duration":131287,"snipped":false,"format":{"protocol":"hls","mime_type":"audio/ogg; codecs=\"opus\""},"quality":"sq"}]},"title":"Ransom","publisher_metadata":{"p_line_for_display":"℗ 2019 Galactic Records, LLC, under exclusive license to Republic Records, a division of UMG Recordings, Inc.","artist":"Lil Tecca","isrc":"QZ85M1940160","c_line":"2019 © 2019 Galactic Records, LLC, under exclusive license to Republic Records, a division of UMG Recordings, Inc.","upc_or_ean":"00602577983252","p_line":"℗ 2019 Galactic Records, LLC, under exclusive license to Republic Records, a division of UMG Recordings, Inc.","urn":"soundcloud:tracks:624758298","explicit":true,"c_line_for_display":"© 2019 © 2019 Galactic Records, LLC, under exclusive license to Republic Records, a division of UMG Recordings, Inc.","contains_music":true,"id":624758298,"album_title":"Ransom","release_title":"Ransom"},"duration":131355,"has_downloads_left":true,"artwork_url":"https://i1.sndcdn.com/artworks-XVHOH5bcv2QD-0-large.jpg","public":true,"streamable":true,"tag_list":"","download_url":null,"genre":"Hip Hop","id":624758298,"reposts_count":28963,"state":"finished","label_name":"Galactic","last_modified":"2019-10-10T09:33:28Z","commentable":true,"policy":"MONETIZE","visuals":null,"kind":"track","purchase_url":null,"sharing":"public","uri":"https://api.soundcloud.com/tracks/624758298","secret_token":null,"download_count":0,"likes_count":1219572,"urn":"soundcloud:tracks:624758298","license":"all-rights-reserved","purchase_title":null,"display_date":"2019-06-04T00:00:00Z","embeddable_by":"all","release_date":"2019-06-04T00:00:00Z","user_id":294810691,"monetization_model":"AD_SUPPORTED","waveform_url":"https://wave.sndcdn.com/VTaN9p2vsXAy_m.json","permalink":"lil-tecca-ransom-1","permalink_url":"https://soundcloud.com/liltecca/lil-tecca-ransom-1","user":{"avatar_url":"https://i1.sndcdn.com/avatars-000693089973-ufo3lz-large.jpg","first_name":"2900","full_name":"2900 Racers","id":294810691,"kind":"user","last_modified":"2019-09-30T14:52:37Z","last_name":"Racers","permalink":"liltecca","permalink_url":"https://soundcloud.com/liltecca","uri":"https://api.soundcloud.com/users/294810691","urn":"soundcloud:users:294810691","username":"Lil Tecca ✰","verified":false,"city":"The Trap","country_code":"JP"},"playback_count":95425935},"score":3187368},{"track":{"comment_count":3875,"full_duration":175793,"downloadable":false,"created_at":"2019-10-02T03:51:13Z","description":null,"media":{"transcodings":[{"url":"https://api-mobi.soundcloud.com/media/soundcloud:tracks:689814901/a8da0682-100e-4608-aaeb-39da2c307064/stream/hls","preset":"mp3_0_0","duration":175793,"snipped":false,"format":{"protocol":"hls","mime_type":"audio/mpeg"},"quality":"sq"},{"url":"https://api-mobi.soundcloud.com/media/soundcloud:tracks:689814901/a8da0682-100e-4608-aaeb-39da2c307064/stream/progressive","preset":"mp3_0_0","duration":175793,"snipped":false,"format":{"protocol":"progressive","mime_type":"audio/mpeg"},"quality":"sq"},{"url":"https://api-mobi.soundcloud.com/media/soundcloud:tracks:689814901/3bc1a0c3-03e3-4b8b-b631-499e78f98cc2/stream/hls","preset":"opus_0_0","duration":175727,"snipped":false,"format":{"protocol":"hls","mime_type":"audio/ogg; codecs=\"opus\""},"quality":"sq"}]},"title":"HIGHEST IN THE ROOM","publisher_metadata":{"urn":"soundcloud:tracks:689814901","explicit":true,"contains_music":true,"p_line_for_display":"℗ 2019 Epic Records. With Cactus Jack.","artist":"Travis Scott","isrc":"USSM11904276","id":689814901,"album_title":"HIGHEST IN THE ROOM","upc_or_ean":"886448042792","p_line":"(P) 2019 Epic Records. With Cactus Jack.","release_title":"HIGHEST IN THE ROOM"},"duration":175793,"has_downloads_left":true,"artwork_url":"https://i1.sndcdn.com/artworks-ywis5Jz0EbCZ-0-large.jpg","public":true,"streamable":true,"tag_list":"","download_url":null,"genre":"Hip Hop","id":689814901,"reposts_count":5299,"state":"finished","label_name":"Cactus Jack / Epic","last_modified":"2019-10-10T09:33:28Z","commentable":true,"policy":"MONETIZE","visuals":null,"kind":"track","purchase_url":null,"sharing":"public","uri":"https://api.soundcloud.com/tracks/689814901","secret_token":null,"download_count":0,"likes_count":124183,"urn":"soundcloud:tracks:689814901","license":"all-rights-reserved","purchase_title":null,"display_date":"2019-10-04T04:00:00Z","embeddable_by":"all","release_date":"2019-10-04T00:00:00Z","user_id":40174345,"monetization_model":"AD_SUPPORTED","waveform_url":"https://wave.sndcdn.com/dXLxauWFvwPE_m.json","permalink":"highest-in-the-room","permalink_url":"https://soundcloud.com/travisscott-2/highest-in-the-room","user":{"avatar_url":"https://i1.sndcdn.com/avatars-000701366305-hu9f0i-large.jpg","first_name":"","full_name":"","id":40174345,"kind":"user","last_modified":"2019-10-03T22:47:21Z","last_name":"","permalink":"travisscott-2","permalink_url":"https://soundcloud.com/travisscott-2","uri":"https://api.soundcloud.com/users/40174345","urn":"soundcloud:users:40174345","username":"Travis Scott","verified":false,"city":"Houston, TX","country_code":"US"},"playback_count":3304480},"score":3108059},{"track":{"comment_count":3819,"full_duration":123649,"downloadable":false,"created_at":"2019-09-10T02:43:58Z","description":null,"media":{"transcodings":[{"url":"https://api-mobi.soundcloud.com/media/soundcloud:tracks:678917328/b605ff8c-ee43-4e08-819c-4d6a296b0809/stream/hls","preset":"mp3_0_0","duration":123649,"snipped":false,"format":{"protocol":"hls","mime_type":"audio/mpeg"},"quality":"sq"},{"url":"https://api-mobi.soundcloud.com/media/soundcloud:tracks:678917328/b605ff8c-ee43-4e08-819c-4d6a296b0809/stream/progressive","preset":"mp3_0_0","duration":123649,"snipped":false,"format":{"protocol":"progressive","mime_type":"audio/mpeg"},"quality":"sq"},{"url":"https://api-mobi.soundcloud.com/media/soundcloud:tracks:678917328/e3d5e69f-a992-4dbe-8421-db735192e263/stream/hls","preset":"opus_0_0","duration":123567,"snipped":false,"format":{"protocol":"hls","mime_type":"audio/ogg; codecs=\"opus\""},"quality":"sq"}]},"title":"Stuck In A Dream (feat. Gunna)","publisher_metadata":{"p_line_for_display":"℗ 2019 Interscope Records","artist":"Lil Mosey","isrc":"USUM71911881","c_line":"2019 © 2019 Interscope Records","upc_or_ean":"00602508273605","p_line":"℗ 2019 Interscope Records","urn":"soundcloud:tracks:678917328","explicit":true,"c_line_for_display":"© 2019 © 2019 Interscope Records","contains_music":true,"id":678917328,"album_title":"Stuck In A Dream (feat. Gunna)","release_title":"Stuck In A Dream (feat. Gunna)"},"duration":123649,"has_downloads_left":true,"artwork_url":"https://i1.sndcdn.com/artworks-tUBFOYezvA8r-0-large.jpg","public":true,"streamable":true,"tag_list":"","download_url":null,"genre":"Hip Hop","id":678917328,"reposts_count":3214,"state":"finished","label_name":null,"last_modified":"2019-10-10T09:33:28Z","commentable":true,"policy":"MONETIZE","visuals":null,"kind":"track","purchase_url":null,"sharing":"public","uri":"https://api.soundcloud.com/tracks/678917328","secret_token":null,"download_count":0,"likes_count":130752,"urn":"soundcloud:tracks:678917328","license":"all-rights-reserved","purchase_title":null,"display_date":"2019-09-17T00:00:00Z","embeddable_by":"all","release_date":"2019-09-17T00:00:00Z","user_id":210558840,"monetization_model":"AD_SUPPORTED","waveform_url":"https://wave.sndcdn.com/zScbvbjyHuVh_m.json","permalink":"stuck-in-a-dream-feat-gunna","permalink_url":"https://soundcloud.com/lilmosey/stuck-in-a-dream-feat-gunna","user":{"avatar_url":"https://i1.sndcdn.com/avatars-000333186243-4q0la9-large.jpg","first_name":"","full_name":"","id":210558840,"kind":"user","last_modified":"2019-09-18T16:11:35Z","last_name":"","permalink":"lilmosey","permalink_url":"https://soundcloud.com/lilmosey","uri":"https://api.soundcloud.com/users/210558840","urn":"soundcloud:users:210558840","username":"Lil Mosey","verified":false,"city":"1320","country_code":null},"playback_count":8809327},"score":2643275},{"track":{"comment_count":8428,"full_duration":180521,"downloadable":false,"created_at":"2019-06-26T21:52:03Z","description":null,"media":{"transcodings":[{"url":"https://api-mobi.soundcloud.com/media/soundcloud:tracks:642558573/e8fc273b-0a45-497a-87c8-426e2c14c2be/stream/hls","preset":"mp3_0_0","duration":180521,"snipped":false,"format":{"protocol":"hls","mime_type":"audio/mpeg"},"quality":"sq"},{"url":"https://api-mobi.soundcloud.com/media/soundcloud:tracks:642558573/e8fc273b-0a45-497a-87c8-426e2c14c2be/stream/progressive","preset":"mp3_0_0","duration":180521,"snipped":false,"format":{"protocol":"progressive","mime_type":"audio/mpeg"},"quality":"sq"},{"url":"https://api-mobi.soundcloud.com/media/soundcloud:tracks:642558573/20ed35a3-90ce-4d32-96a9-02910daf0c0b/stream/hls","preset":"opus_0_0","duration":180441,"snipped":false,"format":{"protocol":"hls","mime_type":"audio/ogg; codecs=\"opus\""},"quality":"sq"}]},"title":"Ballin' (feat. Roddy Ricch)","publisher_metadata":{"p_line_for_display":"℗ 2019 10 Summers Records, Inc./Interscope Records","artist":"Mustard","isrc":"USUM71911808","c_line":"2019 © 2019 10 Summers Records, Inc./Interscope Records","upc_or_ean":"00602577982583","p_line":"℗ 2019 10 Summers Records, Inc./Interscope Records","urn":"soundcloud:tracks:642558573","explicit":true,"c_line_for_display":"© 2019 © 2019 10 Summers Records, Inc./Interscope Records","contains_music":true,"id":642558573,"album_title":"Perfect Ten","release_title":"Ballin' (feat. Roddy Ricch)"},"duration":180521,"has_downloads_left":true,"artwork_url":"https://i1.sndcdn.com/artworks-YOBLOEi6zHVT-0-large.jpg","public":true,"streamable":true,"tag_list":"","download_url":null,"genre":"Hip Hop","id":642558573,"reposts_count":7069,"state":"finished","label_name":null,"last_modified":"2019-10-10T09:33:28Z","commentable":true,"policy":"MONETIZE","visuals":null,"kind":"track","purchase_url":null,"sharing":"public","uri":"https://api.soundcloud.com/tracks/642558573","secret_token":null,"download_count":0,"likes_count":369113,"urn":"soundcloud:tracks:642558573","license":"all-rights-reserved","purchase_title":null,"display_date":"2019-06-28T04:00:00Z","embeddable_by":"all","release_date":"2019-06-28T00:00:00Z","user_id":76258256,"monetization_model":"AD_SUPPORTED","waveform_url":"https://wave.sndcdn.com/oh8xKBlTvjH5_m.json","permalink":"ballin-feat-roddy-ricch","permalink_url":"https://soundcloud.com/mustardofficial/ballin-feat-roddy-ricch","user":{"avatar_url":"https://i1.sndcdn.com/avatars-000482090871-ipmyk2-large.jpg","first_name":"","full_name":"MUSTARD","id":76258256,"kind":"user","last_modified":"2018-08-04T05:58:42Z","last_name":"MUSTARD","permalink":"mustardofficial","permalink_url":"https://soundcloud.com/mustardofficial","uri":"https://api.soundcloud.com/users/76258256","urn":"soundcloud:users:76258256","username":"MUSTARD","verified":false,"city":"LA","country_code":null},"playback_count":22307648},"score":2264704},{"track":{"comment_count":2064,"full_duration":168307,"downloadable":false,"created_at":"2019-09-26T18:15:00Z","description":"\"The Continuance\" available now!\nStream/Download: youngboy.lnk.to/TheContinuanceSo\n\nSubscribe for more official content from YoungBoy NBA: youngboy.lnk.to/Subscribe\n\nConnect with YoungBoy Never Broke Again:\nwww.youngboynba.com\nwww.facebook.com/nbayoungboy\nwww.twitter.com/GGYOUNGBOY\nwww.instagram.com/nba_youngboy\nwww.youtube.com/nba-youngboy","media":{"transcodings":[{"url":"https://api-mobi.soundcloud.com/media/soundcloud:tracks:687231130/bd12875c-585c-4bb4-9da3-8f852e7ef396/stream/hls","preset":"mp3_0_1","duration":168307,"snipped":false,"format":{"protocol":"hls","mime_type":"audio/mpeg"},"quality":"sq"},{"url":"https://api-mobi.soundcloud.com/media/soundcloud:tracks:687231130/bd12875c-585c-4bb4-9da3-8f852e7ef396/stream/progressive","preset":"mp3_0_1","duration":168307,"snipped":false,"format":{"protocol":"progressive","mime_type":"audio/mpeg"},"quality":"sq"},{"url":"https://api-mobi.soundcloud.com/media/soundcloud:tracks:687231130/e968e7ca-edd8-449a-a401-9c6232b8da9b/stream/hls","preset":"opus_0_0","duration":168287,"snipped":false,"format":{"protocol":"hls","mime_type":"audio/ogg; codecs=\"opus\""},"quality":"sq"}]},"title":"House Arrest Tingz","publisher_metadata":{"urn":"soundcloud:tracks:687231130","contains_music":true,"id":687231130},"duration":168307,"has_downloads_left":true,"artwork_url":"https://i1.sndcdn.com/artworks-000603860398-k0r152-large.jpg","public":true,"streamable":true,"tag_list":"\"NBA YoungBoy\" \"YoungBoy Never Broke Again\" YB YoungBoy \"House Arrest Tingz\"","download_url":null,"genre":"Hip-hop & Rap","id":687231130,"reposts_count":3275,"state":"finished","label_name":null,"last_modified":"2019-10-10T10:57:25Z","commentable":true,"policy":"MONETIZE","visuals":null,"kind":"track","purchase_url":"http://youngboy.lnk.to/TheContinuanceSo","sharing":"public","uri":"https://api.soundcloud.com/tracks/687231130","secret_token":null,"download_count":0,"likes_count":101040,"urn":"soundcloud:tracks:687231130","license":"all-rights-reserved","purchase_title":"Stream/Download","display_date":"2019-09-26T18:15:00Z","embeddable_by":"all","release_date":null,"user_id":247784448,"monetization_model":"BLACKBOX","waveform_url":"https://wave.sndcdn.com/0VIsB2a2n13K_m.json","permalink":"house-arrest-tingz","permalink_url":"https://soundcloud.com/nba-youngboy/house-arrest-tingz","user":{"avatar_url":"https://i1.sndcdn.com/avatars-000352390670-faj2m2-large.jpg","first_name":"","full_name":"","id":247784448,"kind":"user","last_modified":"2019-09-26T18:16:08Z","last_name":"","permalink":"nba-youngboy","permalink_url":"https://soundcloud.com/nba-youngboy","uri":"https://api.soundcloud.com/users/247784448","urn":"soundcloud:users:247784448","username":"YoungBoy Never Broke Again","verified":false,"city":"Baton Rouge","country_code":null},"playback_count":4056066},"score":2260078},{"track":{"comment_count":6834,"full_duration":176733,"downloadable":false,"created_at":"2019-08-07T18:39:09Z","description":"","media":{"transcodings":[{"url":"https://api-mobi.soundcloud.com/media/soundcloud:tracks:662566772/0a95b2a3-6c4e-488f-9968-7f7c25f8c86b/stream/hls","preset":"mp3_0_0","duration":176733,"snipped":false,"format":{"protocol":"hls","mime_type":"audio/mpeg"},"quality":"sq"},{"url":"https://api-mobi.soundcloud.com/media/soundcloud:tracks:662566772/0a95b2a3-6c4e-488f-9968-7f7c25f8c86b/stream/progressive","preset":"mp3_0_0","duration":176733,"snipped":false,"format":{"protocol":"progressive","mime_type":"audio/mpeg"},"quality":"sq"},{"url":"https://api-mobi.soundcloud.com/media/soundcloud:tracks:662566772/628a9297-1059-4c1f-83b3-8adf1c42ae0d/stream/hls","preset":"opus_0_0","duration":176648,"snipped":false,"format":{"protocol":"hls","mime_type":"audio/ogg; codecs=\"opus\""},"quality":"sq"}]},"title":"223's ft. 9lokknine","publisher_metadata":{"p_line_for_display":"℗ ","artist":"YNW Melly & 9lokknine & YNW Melly & 9lokknine","iswc":"","isrc":"QMCE31902418","upc_or_ean":"","p_line":"","urn":"soundcloud:tracks:662566772","contains_music":true,"writer_composer":"","publisher":"","id":662566772,"album_title":"223's","release_title":""},"duration":176733,"has_downloads_left":true,"artwork_url":"https://i1.sndcdn.com/artworks-000579672425-svgxbs-large.jpg","public":true,"streamable":true,"tag_list":"\"Hip Hop/Rap\" scfirst","download_url":null,"genre":"Hip-hop & Rap","id":662566772,"reposts_count":3657,"state":"finished","label_name":null,"last_modified":"2019-10-10T09:33:28Z","commentable":true,"policy":"MONETIZE","visuals":null,"kind":"track","purchase_url":null,"sharing":"public","uri":"https://api.soundcloud.com/tracks/662566772","secret_token":null,"download_count":0,"likes_count":188856,"urn":"soundcloud:tracks:662566772","license":"all-rights-reserved","purchase_title":null,"display_date":"2019-08-09T04:00:35Z","embeddable_by":"all","release_date":null,"user_id":57260844,"monetization_model":"AD_SUPPORTED","waveform_url":"https://wave.sndcdn.com/sEPp0ovm7708_m.json","permalink":"223s-ft-glokknine","permalink_url":"https://soundcloud.com/ynwmelly/223s-ft-glokknine","user":{"avatar_url":"https://i1.sndcdn.com/avatars-000464884083-l16pnv-large.jpg","first_name":"YNW MELLY","full_name":"YNW MELLY","id":57260844,"kind":"user","last_modified":"2019-08-09T04:21:15Z","last_name":"","permalink":"ynwmelly","permalink_url":"https://soundcloud.com/ynwmelly","uri":"https://api.soundcloud.com/users/57260844","urn":"soundcloud:users:57260844","username":"Ynw Melly","verified":false,"city":null,"country_code":null},"playback_count":10358343},"score":2141065}],"query_urn":"soundcloud:charts:9817708b7be94b00b61a688d2e999171","next_href":"https://api-mobi.soundcloud.com/charts?genre=soundcloud%3Agenres%3Aall-music&query_urn=soundcloud%3Acharts%3A9817708b7be94b00b61a688d2e999171&offset=10&kind=top&limit=10"}