{"status":200,"data":{"title":"手机搜狐网","description":"手机搜狐网，懂手机，更懂你！手机搜狐是国内最大的移动门户之一，利用搜狐门户矩阵资源，内容覆盖新闻、财经、体育、娱乐、汽车、房产、图库、视频等资讯，为10亿手机用户打造随时随地的掌上资讯生活。手机搜狐网，手机搜狐触版- m.sohu.com","keywords":"手机搜狐,手机搜狐网,搜狐手机版,搜狐新闻,搜狐,搜狐网,资讯,娱乐,体育,财经,汽车,房产,NBA,自媒体,视频,直播,小说","spmACode":"smwp","spmBCode":"home","pvSdkUrl":"//js.sohu.com/spv.js","appQmReportCode":"<script type=\"text/javascript\">\n    var _maq = _maq || [];\n    var userAgent = window.navigator.userAgent;\n    var android = userAgent.match(/(Android)[s/]*([d.]+)/i);\n    var ios = userAgent.match(/(iPad|iPhone|iPod)[ws]*;(?:[ws]+;)*[ws]+(?:iPad|iPhone|iPod)?sOSs([d_.]+)/i);\n    _maq.push(\n    ['account', 'sohunews'],\n    ['channel', ''],\n    ['point', ''],\n    ['platform', android ? 'android' : (ios ? 'ios' : '')]);\n    (function() {\n        var ma = document.createElement('script');\n        ma.type = 'text/javascript';\n        ma.async = true;\n        ma.src = ('https:' == document.location.protocol ? 'https://' : 'http://') + 'www.qchannel03.cn/m2.js?w='+_maq[0][1];\n        var s = document.getElementsByTagName('script')[0];\n        s.parentNode.insertBefore(ma, s);\n    })();\n</script>","getCBDCongfigUrl":"//m.sohu.com/cbdconf/getPageConfig/Index?randomKey=1570572508825tddjatv5nj","templateName":"Index","components":[{"compName":"Header","spmCode":"hdn","serverRender":true},{"compName":"SpecialAd","spmCode":"SpecialAd","serverRender":false},{"compName":"Navbar","spmCode":"nav-ch","serverRender":true,"data":[{"title":"新闻","url":"/ch/8/?_f=m-index_important_hsdh","showOrder":1},{"title":"\n  财经","url":"/ch/15/?_f=m-index_business_hsdh","showOrder":2},{"title":"\n  体育","url":"https://m.sohu.com/z/?_f=m-index_sports_hsdh","showOrder":3},{"title":"\n  娱乐","url":"//m.sohu.com/yule","showOrder":4},{"title":"\n  军事","url":"/ch/10/?_f=m-index_mil_hshd","showOrder":5},{"title":"\n  图库","url":"/picture?_f=m-index_pic_hshd&_once_=000025_top_tuku_v3","showOrder":6},{"title":"\n  健康","url":"/ch/24/?_f=m-index_health_hshd","showOrder":7},{"title":"\n  汽车","url":"https://m.auto.sohu.com/?_f=m-index_auto_hsdh","showOrder":8},{"title":"\n  房产","url":"https://m.focus.cn/?_f=m-index_focus_hsdh&channelId=361&amp","showOrder":9},{"title":"\n  小说","url":"https://read.sohu.com/?_once_=000218_rk_dh","showOrder":10},{"title":"\n  历史","url":"/ch/13/?_f=m-index_history_hshd","showOrder":11},{"title":"\n  科技","url":"/ch/30/?_f=m-index_it_hshd","showOrder":12},{"title":"\n  教育","url":"/ch/25/?_f=m-index_edu_hshd","showOrder":13},{"title":"\n  母婴","url":"/ch/26/?_f=m-index_baobao_hshd","showOrder":14},{"title":"\n  时尚","url":"/ch/23/?_f=m-index_fashion_hshd","showOrder":15},{"title":"\n  文化","url":"/ch/12/?_f=m-index_cul_hshd","showOrder":16},{"title":"\n  无人机","url":"https://wrj.sohu.com","showOrder":17},{"title":"\n  校花","url":"/cbd/sp/belle/","showOrder":18},{"title":"\n  游戏","url":"/ch/42/?_f=m-index_game_hshd","showOrder":19},{"title":"\n  动漫","url":"/ch/41/?_f=m-index_acg_hshd","showOrder":20},{"title":"\n  旅游","url":"/ch/29/?_f=m-index_travel_hshd","showOrder":21},{"title":"\n  美食","url":"/ch/28/?_f=m-index_chihe_hshd","showOrder":22},{"title":"\n  星座","url":"/ch/27/?_f=m-index_astro_hshd","showOrder":23},{"title":"\n  搞笑","url":"/ch/45/?_f=m-index_fun_hshd","showOrder":24},{"title":"\n  宠物","url":"/ch/44/?_f=m-index_pets_hshd","showOrder":25},{"title":"\n  直播","url":"https://m.sohu.com/z/live/?_f=m-index_live_hshd&_once_=000090_zhibo","showOrder":26},{"title":"\n  NBA","url":"https://m.sohu.com/z/nba/","showOrder":27},{"title":"\n  情感","url":"http://m.sohu.com/column/10467","showOrder":28},{"title":"\n  短视频","url":"/v/?_f=m-index_video_hshd","showOrder":29}],"getDataKey":"Navbar"},{"compName":"VideoPromotion","spmCode":"tvpromo","serverRender":true,"data":[{"title":"视频","url":"http://m.tv.sohu.com/?src=1412%7C0001&_once_=000025_top_nav_sohutv","showOrder":0,"iconUrl":"","showIcon":false},{"title":"自媒体","url":"http://m.tv.sohu.com/pgc/71010000?src=1411&_once_=000025_top_nav_show","showOrder":1,"iconUrl":"","showIcon":false},{"title":"电视剧","url":"http://m.tv.sohu.com/drama?src=1413%7C0001&_once_=000025_top_nav_drama","showOrder":2,"iconUrl":"","showIcon":false},{"title":"美剧","url":"http://m.tv.sohu.com/drama_us?src=1414%7C0001&_once_=000025_top_nav_drama_us","showOrder":3,"iconUrl":"","showIcon":false},{"title":"电影","url":"https://m.tv.sohu.com/movie?src=1410&_once_=000025_top_nav_drama_jk","showOrder":4,"iconUrl":"","showIcon":false}],"getDataKey":"VideoPromotion"},{"compName":"FocusPic","spmCode":"pic-focus","serverRender":true,"data":[{"title":"利率换锚 哪些城市房贷成本涨了？","url":"/a/345647615_123753","imageUrl":"//29e5534ea20a8.cdn.sohucs.com/q_70,c_fill,w_640,h_320,g_faces/os/news/1e828dcfb22e19ea8d6c835a2a2d75ae.jpg"},{"title":"女排合照惠若琪被打马赛克 本人回应","url":"/a/345635508_114941","imageUrl":"//29e5534ea20a8.cdn.sohucs.com/q_70,c_fill,w_640,h_320,g_faces/os/news/2195e3144fde925a59bde015ea0fed8a.jpg"},{"title":"示威者抗议气候变化 美警方逮捕近百人","url":"/a/345633451_115479","imageUrl":"//29e5534ea20a8.cdn.sohucs.com/q_70,c_fill,w_640,h_320,g_faces/os/news/eed29e88f2e405765dc9652654d65cc4.jpg"},{"itemspaceid":12273,"maxTurn":6,"adps":"6400320","position":4,"backup":{"title":"成品油价格不调了 今年第3次搁浅","url":"/a/345560633_114988","imageUrl":"//29e5534ea20a8.cdn.sohucs.com/q_70,c_fill,w_640,h_320,g_faces/os/news/34f2d9605013b07169a5d63a3861547.jpg"}},{"itemspaceid":12781,"maxTurn":3,"adps":"6400320","position":5,"backup":{"title":"诺贝尔物理学奖“再望星空”","url":"/a/345634805_114986","imageUrl":"//29e5534ea20a8.cdn.sohucs.com/q_70,c_fill,w_640,h_320,g_faces/os/news/ecc0b47cfef3c313daca6c65e928771d.jpg"}},{"title":"特朗普“即兴决定”抛弃库尔德盟友","url":"/a/345588528_313745","imageUrl":"//29e5534ea20a8.cdn.sohucs.com/q_70,c_fill,w_640,h_320,g_faces/os/news/60e946f5742a9a60bb130eaf48f07fa8.jpg"},{"title":"国家医保局：全国医保将实现一码通","url":"/a/345610611_260616","imageUrl":"//29e5534ea20a8.cdn.sohucs.com/q_70,c_fill,w_640,h_320,g_faces/os/news/6ca3934988f3ea1afe6bed868b7342c3.jpg"}],"getDataKey":"FocusPic","insertAdData":[{"itemspaceid":12273,"maxTurn":6,"adps":"6400320","position":4,"backup":{"title":"成品油价格不调了 今年第3次搁浅","url":"/a/345560633_114988","imageUrl":"//29e5534ea20a8.cdn.sohucs.com/q_70,c_fill,w_640,h_320,g_faces/os/news/34f2d9605013b07169a5d63a3861547.jpg"}},{"itemspaceid":12781,"maxTurn":3,"adps":"6400320","position":5,"backup":{"title":"诺贝尔物理学奖“再望星空”","url":"/a/345634805_114986","imageUrl":"//29e5534ea20a8.cdn.sohucs.com/q_70,c_fill,w_640,h_320,g_faces/os/news/ecc0b47cfef3c313daca6c65e928771d.jpg"}}]},{"compName":"TextCpcNews","spmCode":"d-news","serverRender":true,"data":[{"title":"这七个字，习近平为何一再强调？","url":"/a/345618385_585752"}],"getDataKey":"TextCpcNews"},{"compName":"TextFocusNews","spmCode":"hot-news","serverRender":true,"data":[{"title":"母亲，我为您骄傲！","url":"/a/345635899_585752"},{"title":"中美，又开谈了","url":"/a/345481749_114731"}],"getDataKey":"TextFocusNews"},{"compName":"TextVideoNews","spmCode":"rt-promo","serverRender":true,"videoData":[],"liveData":[],"getDataKey":"TextVideoNews","isRecentReadShow":false},{"compName":"PlateBlock","spmCode":"important","serverRender":true,"insertAdData":[{"itemspaceid":12416,"maxTurn":3,"adps":"160001","position":3,"type":22},{"itemspaceid":15690,"maxTurn":3,"adps":"160001","position":10,"type":22},{"itemspaceid":12278,"maxTurn":3,"adps":"160001","position":16,"type":22},{"itemspaceid":13702,"maxTurn":3,"adps":"160001","type":22,"position":23}],"orderId":-3,"channelId":8,"acquiredFromBackend":true,"topLeftLinks":[{"title":"要闻","url":"/cpn/1","showOrder":0}],"promoLinks":[{"title":"军事","url":"/ch/10","showOrder":0},{"title":"\n  专题","url":"/subject","showOrder":1},{"title":"\n  图库","url":"//m.sohu.com/picture?spm=smwp.home.nav-important.4.1546410243706PSID1g4","showOrder":2},{"title":"\n  视频","url":"/v","showOrder":3}],"news":[{"id":0,"authorId":0,"title":"美将28家中国实体列入出口管制实体清单","url":"/a/345638684_114988","outerLink":false,"html":false,"resourceType":1,"promo":false},{"id":0,"authorId":0,"title":"25省份国庆假期旅游收入出炉 江苏第一","url":"/a/345643671_123753","outerLink":false,"html":false,"resourceType":1,"promo":false},{"id":0,"authorId":0,"title":"NBA总裁肖华将来华 称知道姚明很生气","url":"/a/345634364_162522","outerLink":false,"html":false,"resourceType":1,"promo":false},{"itemspaceid":12416,"maxTurn":3,"adps":"160001","position":3,"type":22},{"id":0,"authorId":0,"title":"遭央视停播 NBA中国的生意有多大？","url":"/a/345632467_114988","outerLink":false,"html":false,"resourceType":1,"promo":false},{"id":0,"authorId":0,"title":"从踌躇满志到放弃：港交所28天\"求婚记\"","url":"/a/345628076_114986","outerLink":false,"html":false,"resourceType":1,"promo":false},{"id":0,"authorId":0,"title":"被问\"新疆再教育营\" 耿爽：称谓都没搞对","url":"/a/345634381_115479","outerLink":false,"html":false,"resourceType":1,"promo":false},{"id":0,"authorId":0,"title":"电竞选手喊乱港口号 被美国暴雪公司禁赛","url":"/a/345644870_161795","outerLink":false,"html":false,"resourceType":1,"promo":false},{"id":0,"authorId":0,"title":"35年共杀害93人 79岁的美国男子认罪","url":"/a/345635127_114988","outerLink":false,"html":false,"resourceType":1,"promo":false},{"id":0,"authorId":0,"title":"公开发文反对改革开放的公职干部拟开除","url":"/a/345623903_114988","outerLink":false,"html":false,"resourceType":1,"promo":false},{"itemspaceid":15690,"maxTurn":3,"adps":"160001","position":10,"type":22},{"id":0,"authorId":0,"title":"香港零售业遇寒冬：至少19家商场停业","url":"/a/345630627_161795","outerLink":false,"html":false,"resourceType":1,"promo":false},{"id":0,"authorId":0,"title":"最强国庆档成绩单出炉 为何影视股大跌？","url":"/a/345632900_260616","outerLink":false,"html":false,"resourceType":1,"promo":false},{"id":0,"authorId":0,"title":"甘肃一扶贫干部与4名记者下乡时车辆坠河","url":"/a/345629644_114988","outerLink":false,"html":false,"resourceType":1,"promo":false},{"id":0,"authorId":0,"title":"女星自拍中的瞳孔暴露位置 招致色狼上门","url":"/a/345656843_162522","outerLink":false,"html":false,"resourceType":1,"promo":false},{"id":0,"authorId":0,"title":"心腹涉丑闻不断发酵 文在寅被要求下台","url":"/a/345657705_162522","outerLink":false,"html":false,"resourceType":1,"promo":false},{"itemspaceid":12278,"maxTurn":3,"adps":"160001","position":16,"type":22},{"id":0,"authorId":0,"title":"张振新假死?英政府死亡证明显示确已死亡","url":"/a/345637307_115362","outerLink":false,"html":false,"resourceType":1,"promo":false},{"id":0,"authorId":0,"title":"一叙利亚人在德国驾驶卡车横冲直撞致8伤","url":"/a/345656404_123753","outerLink":false,"html":false,"resourceType":1,"promo":false},{"id":0,"authorId":0,"title":"被弃女婴获外国养母收养 如今回国寻亲","url":"/a/345652230_161623","outerLink":false,"html":false,"resourceType":1,"promo":false},{"id":0,"authorId":0,"title":"假冒警察抢劫千枚战国古钱币 4男子被拘","url":"/a/345630009_114988","outerLink":false,"html":false,"resourceType":1,"promo":false},{"id":0,"authorId":0,"title":"美空军一架F-16战斗机在德国西部坠毁","url":"/a/345637644_115479","outerLink":false,"html":false,"resourceType":1,"promo":false},{"id":0,"authorId":0,"title":"施魏因施泰格宣布退役 德国传奇已成往事","url":"/a/345638869_461392","outerLink":false,"html":false,"resourceType":1,"promo":false},{"itemspaceid":13702,"maxTurn":3,"adps":"160001","type":22,"position":23}],"bottomChannels":[{"title":"要闻","url":"/cpn/1","showOrder":0}],"channelNameEn":"important","channelNameZh":"要闻","channelLink":"/ch/8"},{"compName":"PlateBlockAd","spmCode":"important","serverRender":false,"adData":[{"adData":{"itemspaceid":12274,"itemspaceidTest":12931,"maxTurn":3,"adps":"30000002","type":"banner"},"backup":{"adData":{"itemspaceid":"u4507449","qpbUrl":"//qpb.sohu.com/source/lg-cd/source/mh-cc/static/o.js"},"adType":"BAIDUUNION"}}],"specialAdData":{"compName":"SpecialVideoAd","spmCode":"SpecialAd"}},{"compName":"PlateBlock","spmCode":"yule","serverRender":true,"insertAdData":[{"itemspaceid":12418,"maxTurn":3,"adps":"160001","position":3,"type":22},{"itemspaceid":12281,"maxTurn":3,"adps":"160001","type":22,"position":8}],"orderId":1,"channelId":19,"acquiredFromBackend":true,"topLeftLinks":[{"title":"\n  娱乐","url":"//m.sohu.com/yule","showOrder":0}],"promoLinks":[{"title":"\n  影视圈","url":"//m.sohu.com/yule?tab=movietv","showOrder":0},{"title":"\n  短视频","url":"//m.sohu.com/yule?tab=video","showOrder":1},{"title":"\n  美图","url":"//m.sohu.com/yule?tab=meitu","showOrder":2}],"focus":[{"id":0,"authorId":0,"title":"杨幂离婚后彻底放飞 穿黑丝秀美腿太诱人","focus":"http://29e5534ea20a8.cdn.sohucs.com/c_cut,x_0,y_0,w_449,h_300/os/news/9fbc93fcac4508741f03ce6bac8c8fc6.jpg","url":"https://www.sohu.com/picture/345502659","outerLink":false,"html":false,"resourceType":1,"promo":false},{"id":0,"authorId":0,"title":"郭涛一双儿女当花童 石头兄妹长得太像了","focus":"http://29e5534ea20a8.cdn.sohucs.com/c_cut,x_7,y_69,w_564,h_376/os/news/2baf6f65c02b46500a871bf003b931d2.jpg","url":"https://www.sohu.com/picture/345545974","outerLink":false,"html":false,"resourceType":1,"promo":false}],"news":[{"id":0,"authorId":0,"title":"许晴大秀美腿 眼神魅惑迷人50岁仍似少女","url":"https://www.sohu.com/picture/345488672","outerLink":false,"html":false,"resourceType":1,"promo":false},{"id":0,"authorId":0,"title":"62岁冯巩近照曝光，身形消瘦头发稀疏","url":"/a/345521694_603537","outerLink":false,"html":false,"resourceType":1,"promo":false},{"id":0,"authorId":0,"title":"谢霆锋大儿子公开指责爸爸配不上张柏芝","focus":"http://29e5534ea20a8.cdn.sohucs.com/os/news/a3c4308dc25003a35dded70e3970c618.jpg","url":"/a/345427112_220938","outerLink":false,"html":false,"resourceType":1,"promo":false},{"itemspaceid":12418,"maxTurn":3,"adps":"160001","position":3,"type":22},{"id":0,"authorId":0,"title":"徐冬冬穿吊带秀身材 大波浪配红唇太性感","focus":"http://29e5534ea20a8.cdn.sohucs.com/os/news/a3c4308dc25003a35dded70e3970c618.jpg","url":"https://www.sohu.com/picture/345543926","outerLink":false,"html":false,"resourceType":1,"promo":false},{"id":0,"authorId":0,"title":"范冰冰高云翔《赢天下》重拍 花费超6000万","url":"/a/345502839_114941","outerLink":false,"html":false,"resourceType":1,"promo":false},{"id":0,"authorId":0,"title":"48岁央主郎永淳主持婚礼，形象朴素年轻","focus":"http://29e5534ea20a8.cdn.sohucs.com/os/news/a3c4308dc25003a35dded70e3970c618.jpg","url":"/a/345538563_112864","outerLink":false,"html":false,"resourceType":1,"promo":false},{"id":0,"authorId":0,"title":"不是软饭男!他终于摆脱霍思燕老公称号了","focus":"http://29e5534ea20a8.cdn.sohucs.com/os/news/a3c4308dc25003a35dded70e3970c618.jpg","url":"/a/345553316_413670","outerLink":false,"html":false,"resourceType":1,"promo":false},{"itemspaceid":12281,"maxTurn":3,"adps":"160001","type":22,"position":8}],"bottomChannels":[{"title":"\n  娱乐","url":"//m.sohu.com/yule","showOrder":0}],"channelNameEn":"yule","channelNameZh":"娱乐","channelLink":"//m.sohu.com/c/4/"},{"compName":"PlateBlockAd","spmCode":"yule","serverRender":false,"adData":[{"adData":{"itemspaceid":13818,"itemspaceidTest":14321,"maxTurn":3,"adps":"30000002","type":"banner"},"backup":{"adData":{"itemspaceid":"u4467769","qpbUrl":"//qpb.sohu.com/common/v/q_mm/source/p_rrpy.js"},"adType":"BAIDUUNION"}}]},{"compName":"SogouHotworda","channelNameZh":"热门搜索"},{"compName":"SogouHotwordb","channelNameZh":"热门搜索"},{"compName":"PlateBlock","spmCode":"sports","childComps":[{"compName":"HotGames","spmCodeList":"livelink-sports","spmCodeLive":"live-sports"}],"serverRender":true,"insertAdData":[{"itemspaceid":12419,"maxTurn":3,"adps":"160001","position":3,"type":22},{"itemspaceid":12280,"maxTurn":3,"adps":"160001","type":22,"position":9}],"orderId":2,"channelId":17,"acquiredFromBackend":true,"topLeftLinks":[{"title":"\n  体育","url":"//m.sohu.com/z/","showOrder":0}],"promoLinks":[{"title":"\n  NBA","url":"https://m.sohu.com/z/nba/","showOrder":0},{"title":"\n  CBA","url":"https://m.sohu.com/z/cba/ ","showOrder":1},{"title":"\n  中超","url":"//m.sohu.com/c/82/?_once_=000025_xiaodaohang_tiyu_3v3","showOrder":2},{"title":"\n  直播","url":"//m.sohu.com/z/live/","showOrder":3}],"focus":[{"id":0,"authorId":0,"title":"男足广州备战 武磊归来全队气氛融洽轻松","focus":"http://29e5534ea20a8.cdn.sohucs.com/c_cut,x_49,y_1,w_819,h_546/os/news/83fcdfe14f8b813dbea89ffd561df82.jpg","url":"/picture/345590794","outerLink":false,"html":false,"resourceType":1,"promo":false},{"id":0,"authorId":0,"title":"篮网队抵达上海 全队合影地标东方明珠","focus":"http://29e5534ea20a8.cdn.sohucs.com/c_cut,x_80,y_92,w_639,h_426/os/news/4f26df03535f89ff05e06bc856c0acbe.jpg","url":"/picture/345495253","outerLink":false,"html":false,"resourceType":1,"promo":false}],"news":[{"id":0,"authorId":0,"title":"肖华新声明:尊重言论自由 相信体育的力量","url":"/a/345586055_458722","outerLink":false,"html":false,"resourceType":1,"promo":false},{"id":0,"authorId":0,"title":"央视暂停NBA赛事转播 排查一切合作","url":"http://m.sohu.com/subject/318112","outerLink":false,"html":false,"resourceType":1,"promo":false},{"id":0,"authorId":0,"title":"外交部回应暂停转播NBA:中方立场非常清楚","url":"/a/345561162_458722","outerLink":false,"html":false,"resourceType":1,"promo":false},{"itemspaceid":12419,"maxTurn":3,"adps":"160001","position":3,"type":22},{"id":0,"authorId":0,"title":"关岛助教曾征战中超 颜骏凌期待赛场叙旧","url":"/a/345598258_463728","outerLink":false,"html":false,"resourceType":1,"promo":false},{"id":0,"authorId":0,"title":"杨旭：举国上下为世界杯创造便利","url":"/a/345593021_463728","outerLink":false,"html":false,"resourceType":1,"promo":false},{"id":0,"authorId":0,"title":"莫德斯特转会案今日开庭 卡纳瓦罗出庭","url":"/a/345586120_463728","outerLink":false,"html":false,"resourceType":1,"promo":false},{"id":0,"authorId":0,"title":"阿根廷11月中旬大战巴西 梅西解禁复出","url":"/a/345575847_461392","outerLink":false,"html":false,"resourceType":1,"promo":false},{"id":0,"authorId":0,"title":"曾被当做废物的他，终成为世界顶级巨星","url":"//m.sohu.com/promotion?posId=10070101&itemId=10420&link=gQiccHClVxg3lh9NjkSPaREgWCXLJchaej%2BxvxSjkbTe%2FUAB%2FntwPaSeANFarDaAxoce%2BKT9hd1ZwaoZ73XmUHNClcNUTqOZPWeSXtRl7rJxGmli694gYoGbM9BLEMFRzO%2FG4lDb4WKf6Smkxd4STJFvWxPuuWFDGUyHktPC2Pw%3D","outerLink":false,"html":false,"resourceType":1,"promo":true},{"itemspaceid":12280,"maxTurn":3,"adps":"160001","type":22,"position":9}],"bottomChannels":[{"title":"\n  体育","url":"//m.sohu.com/z/","showOrder":0}],"channelNameEn":"sports","channelNameZh":"体育","channelLink":"//m.sohu.com/c/3/"},{"compName":"PlateBlockAd","spmCode":"sports","serverRender":false,"adData":[{"adData":{"itemspaceid":13819,"itemspaceidTest":14321,"maxTurn":3,"adps":"30000002","type":"banner"},"backup":{"adData":{"itemspaceid":" u4507446","qpbUrl":"//qpb.sohu.com/site/idza_j/openjs/ezz/common/c.js"},"adType":"BAIDUUNION"}}]},{"compName":"PlateBlock","spmCode":"business","childComps":[{"compName":"OptionalStock"}],"serverRender":true,"insertAdData":[{"itemspaceid":12417,"maxTurn":3,"adps":"160001","position":3,"type":22},{"itemspaceid":12279,"maxTurn":3,"adps":"160001","type":22,"position":10}],"orderId":3,"channelId":15,"acquiredFromBackend":true,"topLeftLinks":[{"title":"\n  财经","url":"/ch/15","showOrder":0}],"promoLinks":[{"title":"\n  宏观","url":"/ch/15/994","showOrder":0},{"title":"\n  理财","url":"/ch/15/998","showOrder":1},{"title":"\n  股票","url":"/ch/15/997","showOrder":2}],"news":[{"id":345586193,"authorId":0,"title":"房贷利率正式\"换锚\" ，未来房子更贵了？","mobileTitle":"房贷利率正式\"换锚\" ，未来房子更贵了？","url":"/a/345586193_161795?scm=1002.500047.0.0-0","outerLink":false,"html":false,"pcm":"","resourceType":1,"contentType":1,"promo":false},{"id":345580192,"authorId":0,"title":"年赚中国10亿美金仍头铁?央视立即暂停NBA","mobileTitle":"年赚中国10亿美金仍头铁?央视立即暂停NBA","focus":"//5b0988e595225.cdn.sohucs.com/q_70,c_lfill,w_228,h_148,g_faces/images/20191008/e7182653415c477d8ddde6419596cb46.jpg","url":"/a/345580192_334198?scm=1002.500047.0.0-0","outerLink":false,"html":false,"pcm":"","resourceType":1,"contentType":2,"promo":false},{"id":345573372,"authorId":0,"title":"获年内银行业最大罚单2个月后，中信银行再接195万元罚单","mobileTitle":"获年内银行业最大罚单2个月后，中信银行再接195万元罚单","focus":"//5b0988e595225.cdn.sohucs.com/q_70,c_lfill,w_228,h_148,g_faces/images/20191008/ac5bcd113f5b43cba137f72affa864ac.jpeg","url":"/a/345573372_100001551?scm=1002.500047.0.0-0","outerLink":false,"html":false,"pcm":"","resourceType":1,"contentType":2,"promo":false},{"itemspaceid":12417,"maxTurn":3,"adps":"160001","position":3,"type":22},{"id":345573277,"authorId":0,"title":"蔚来称第三季度交付4799辆汽车，9月销售2019辆创年度新高","mobileTitle":"蔚来称第三季度交付4799辆汽车，9月销售2019辆创年度新高","focus":"//5b0988e595225.cdn.sohucs.com/q_70,c_lfill,w_228,h_148,g_faces/images/20191008/958e1858af2e4bff82dea33ec6289ea3.jpeg","url":"/a/345573277_100001551?scm=1002.500047.0.0-0","outerLink":false,"html":false,"pcm":"","resourceType":1,"contentType":2,"promo":false},{"id":345570651,"authorId":0,"title":"\"假疫苗\"长生生物终止上市,8天后退市整理","mobileTitle":"\"假疫苗\"长生生物终止上市,8天后退市整理","focus":"//5b0988e595225.cdn.sohucs.com/q_70,c_lfill,w_228,h_148,g_faces/images/20191008/245d4f7c08bb42c29d6f510747887438.jpg","url":"/a/345570651_100001551?scm=1002.500047.0.0-0","outerLink":false,"html":false,"pcm":"","resourceType":1,"contentType":2,"promo":false},{"id":345543273,"authorId":0,"title":"俄罗斯\"去美元化\"，人民币国际化再提速!","mobileTitle":"俄罗斯\"去美元化\"，人民币国际化再提速!","focus":"//5b0988e595225.cdn.sohucs.com/q_70,c_lfill,w_228,h_148,g_faces/images/20191008/8e949c4ce0db453696e553c70dabe0dc.jpg","url":"/a/345543273_334198?scm=1002.500047.0.0-0","outerLink":false,"html":false,"pcm":"","resourceType":1,"contentType":2,"promo":false},{"id":344200735,"authorId":0,"title":"北汽新能源销量逆市增3成，167亿补贴待收","mobileTitle":"北汽新能源销量逆市增3成，167亿补贴待收","focus":"//5b0988e595225.cdn.sohucs.com/q_70,c_lfill,w_228,h_148,g_faces/images/20190929/8cf4c7d624a044659896562661d302e0.jpeg","url":"/a/344200735_100001551?scm=1002.500047.0.0-0","outerLink":false,"html":false,"pcm":"","resourceType":1,"contentType":2,"promo":false},{"id":345532410,"authorId":0,"title":"世纪联姻黄了！港交所放弃对伦交所的收购要约，李小加：无悔无憾","mobileTitle":"世纪联姻黄了！港交所放弃对伦交所的收购要约，李小加：无悔无憾","focus":"//5b0988e595225.cdn.sohucs.com/q_70,c_lfill,w_228,h_148,g_faces/images/20191008/9f51dd18752d4e2590bc38e9a65cc52b.jpeg","url":"/a/345532410_115433?scm=1002.500047.0.0-0","outerLink":false,"html":false,"pcm":"","resourceType":1,"contentType":2,"promo":false},{"id":345528659,"authorId":0,"title":"火箭队的中国捞金：市值曾因姚明直接翻倍","mobileTitle":"火箭队的中国捞金：市值曾因姚明直接翻倍","focus":"//5b0988e595225.cdn.sohucs.com/q_70,c_lfill,w_228,h_148,g_faces/images/20191008/772d8972b3dc438392572d5a2d1b794d.jpeg","url":"/a/345528659_161795?scm=1002.500047.0.0-0","outerLink":false,"html":false,"pcm":"","resourceType":1,"contentType":2,"promo":false},{"itemspaceid":12279,"maxTurn":3,"adps":"160001","type":22,"position":10}],"bottomChannels":[{"title":"\n  财经","url":"/ch/15","showOrder":0}],"channelNameEn":"business","channelNameZh":"财经","channelLink":"/ch/15"},{"compName":"PlateBlockAd","spmCode":"business","serverRender":false,"adData":[{"adData":{"itemspaceid":12275,"itemspaceidTest":12931,"maxTurn":3,"adps":"30000002","type":"banner"},"backup":{"adData":{"itemspaceid":"u4507478","qpbUrl":"//qpb.sohu.com/production/n/static/ie/fojej-k.js"},"adType":"BAIDUUNION"}}]},{"compName":"PlateBlock","spmCode":"auto","serverRender":true,"insertAdData":[{"itemspaceid":12424,"maxTurn":3,"adps":"160001","position":3,"type":22},{"itemspaceid":12292,"maxTurn":3,"adps":"160001","type":22,"position":7}],"orderId":4,"channelId":18,"acquiredFromBackend":true,"topLeftLinks":[{"title":"\n  汽车","url":"//m.auto.sohu.com","showOrder":0}],"promoLinks":[{"title":"\n  选车","url":"//db.m.auto.sohu.com/","showOrder":0},{"title":"\n  降价","url":"//db.m.auto.sohu.com/jiangjia/0-0-0-all-all-td-0.shtml","showOrder":1},{"title":"\n  好车榜","url":"//haochebang.auto.sohu.com/show/","showOrder":2},{"title":"\n  精彩视频","url":"http://db.m.auto.sohu.com/video","showOrder":3}],"focus":[{"id":0,"authorId":0,"title":"试驾3款自主高端车型 落地20万值不值?","focus":"http://29e5534ea20a8.cdn.sohucs.com/c_cut,x_0,y_0,w_1487,h_991/os/news/68863f4abcccf2fe3c34e44646ff4e2d.jpg","url":"/a/345105424_430555","outerLink":false,"html":false,"resourceType":1,"promo":false},{"id":0,"authorId":0,"title":"舒适/越野SUV各级别盘点","focus":"http://29e5534ea20a8.cdn.sohucs.com/c_cut,x_138,y_89,w_1077,h_718/os/news/f5998447c9b379571fe93151bda18ed5.jpg","url":"http://db.m.auto.sohu.com/carpic/home/4/0/group_149738/pic_-1","outerLink":false,"html":false,"resourceType":1,"promo":false}],"news":[{"id":0,"authorId":0,"title":"高性价比?讴歌RDX对比英菲尼迪QX50选谁","focus":"http://29e5534ea20a8.cdn.sohucs.com/os/news/a3c4308dc25003a35dded70e3970c618.jpg","url":"http://m.auto.sohu.com","outerLink":false,"html":false,"resourceType":1,"promo":false},{"id":0,"authorId":0,"title":"10月上市新车提前看:全新RAV4/奔腾T99等","url":"/a/345400010_215942","outerLink":false,"html":false,"resourceType":1,"promo":false},{"id":0,"authorId":0,"title":"凯迪拉克CT5配置曝光 预售价28-34万元","url":"/a/345511621_430526","outerLink":false,"html":false,"resourceType":1,"promo":false},{"itemspaceid":12424,"maxTurn":3,"adps":"160001","position":3,"type":22},{"id":0,"authorId":0,"title":"星途-LX正式上市 售价12.59-15.09万元","url":"/a/345534304_430526","outerLink":false,"html":false,"resourceType":1,"promo":false},{"id":0,"authorId":0,"title":"纯电动车怎么开省电?教你拥有\"黄金右脚\"","url":"/a/345426149_383324","outerLink":false,"html":false,"resourceType":1,"promo":false},{"id":0,"authorId":0,"title":"国庆很多车主被扣6分罚200 竟因没注意这","url":"/a/345364312_100256387","outerLink":false,"html":false,"resourceType":1,"promo":false},{"itemspaceid":12292,"maxTurn":3,"adps":"160001","type":22,"position":7}],"bottomChannels":[{"title":"\n  汽车","url":"//m.auto.sohu.com","showOrder":0},{"title":"\n  二手车","url":"//m.2sc.sohu.com/","showOrder":1}],"channelNameEn":"auto","channelNameZh":"汽车","channelLink":"//m.auto.sohu.com"},{"compName":"AsspAd","adData":{"itemspaceid":"u4467771","adType":"BAIDUUNION","qpbUrl":"//qpb.sohu.com/common/oj-f-fikk/source/ks.js"}},{"compName":"PlateBlock","spmCode":"house","serverRender":true,"orderId":5,"channelId":0,"acquiredFromBackend":false,"topLeftLinks":[{"title":"\n  房产","url":"","showOrder":0}],"channelNameEn":"house","channelNameZh":"房产"},{"compName":"PlateBlock","spmCode":"mil","serverRender":true,"insertAdData":[{"itemspaceid":12420,"maxTurn":3,"adps":"160001","position":3,"type":22},{"itemspaceid":12288,"maxTurn":3,"adps":"160001","type":22,"position":9}],"orderId":6,"channelId":10,"acquiredFromBackend":true,"topLeftLinks":[{"title":"\n  军事","url":"/ch/10","showOrder":0}],"promoLinks":[{"title":"\n  环球","url":"/ch/10/1469","showOrder":0},{"title":"\n  国防","url":"/ch/10/1468","showOrder":1},{"title":"\n  兵器","url":"/ch/10/1470","showOrder":2},{"title":"\n  军史","url":"/column/10533","showOrder":3}],"focus":[{"id":344866255,"authorId":536837,"authorName":"军品阅读","title":"解放军一个陆军师，机动能力有多强？一天内可横跨整个中国","mobileTitle":"解放军一个陆军师，机动能力有多强？一天内可横跨整个中国","focus":"//5b0988e595225.cdn.sohucs.com/q_70,c_fill,w_320,h_240,g_faces/images/20191003/54837becd36c46aba347f5b7c1d8a561.jpeg","relativeUrl":"/a/344866255_536837","outerLink":false,"html":false,"resourceType":1,"promo":false},{"id":345630606,"authorId":655502,"authorName":"武器正能量","title":"“168广州舰”去哪儿了？作为曾经的王者，假以时日必定重出江湖","mobileTitle":"“168广州舰”去哪儿了？作为曾经的王者，假以时日必定重出江湖","focus":"//5b0988e595225.cdn.sohucs.com/q_70,c_fill,w_320,h_240,g_faces/images/20191008/b45a4a5bc33640b4831478c38ec630a0.jpg","relativeUrl":"/a/345630606_655502","outerLink":false,"html":false,"resourceType":1,"promo":false}],"news":[{"id":345573535,"authorId":0,"title":"外交部回应伊拉克动荡：相信伊政府和人民有能力处理好当前事态","mobileTitle":"外交部回应伊拉克动荡：相信伊政府和人民有能力处理好当前事态","focus":"//5b0988e595225.cdn.sohucs.com/q_70,c_lfill,w_228,h_148,g_faces/images/20191008/c8fcb7262b5b40e1bf815f817599683b.jpg","url":"/a/345573535_162522?scm=1002.500047.0.0-0","outerLink":false,"html":false,"pcm":"","resourceType":1,"contentType":2,"promo":false},{"id":345566593,"authorId":0,"title":"歼20已具备成熟战力，飞行中队首次训练展示！","mobileTitle":"歼20已具备成熟战力，飞行中队首次训练展示！","focus":"//5b0988e595225.cdn.sohucs.com/q_70,c_lfill,w_228,h_148,g_faces/images/20191008/08d3539aaa14403ab6a27de8e3472066.jpg","url":"/a/345566593_120126853?scm=1002.500047.0.0-0","outerLink":false,"html":false,"pcm":"","resourceType":1,"contentType":2,"promo":false},{"id":345564070,"authorId":0,"title":"美国务院2019财年批准的对外军售额达679亿美元","mobileTitle":"美国务院2019财年批准的对外军售额达679亿美元","url":"/a/345564070_313834?scm=1002.500047.0.0-0","outerLink":false,"html":false,"pcm":"","resourceType":1,"contentType":1,"promo":false},{"itemspaceid":12420,"maxTurn":3,"adps":"160001","position":3,"type":22},{"id":345563542,"authorId":0,"title":"印巴开战，就是决战：印度防长：巴基斯坦将解体，这次谁也救不了","mobileTitle":"印巴开战，就是决战：印度防长：巴基斯坦将解体，这次谁也救不了","focus":"//5b0988e595225.cdn.sohucs.com/q_70,c_lfill,w_228,h_148,g_faces/images/20191008/90b48278d9904886902569557d5e70bb.jpeg","url":"/a/345563542_100235166?scm=1002.500047.0.0-0","outerLink":false,"html":false,"pcm":"","resourceType":1,"contentType":2,"promo":false},{"id":345562016,"authorId":0,"title":"澳媒：实力犹存的美国权威不在","mobileTitle":"澳媒：实力犹存的美国权威不在","url":"/a/345562016_114911?scm=1002.500047.0.0-0","outerLink":false,"html":false,"pcm":"","resourceType":1,"contentType":1,"promo":false},{"id":345557015,"authorId":0,"title":"罕见，机组目睹核导与客机齐飞！","mobileTitle":"罕见，机组目睹核导与客机齐飞！","focus":"//5b0988e595225.cdn.sohucs.com/q_70,c_lfill,w_228,h_148,g_faces/images/20191008/d6843ff6a7d74208ac8152dbba5a681e.gif","url":"/a/345557015_115479?scm=1002.500047.0.0-0","outerLink":false,"html":false,"pcm":"","resourceType":1,"contentType":2,"promo":false},{"id":345575202,"authorId":0,"title":"美伊博弈：伊朗面临不利拐点","mobileTitle":"美伊博弈：伊朗面临不利拐点","focus":"//5b0988e595225.cdn.sohucs.com/q_70,c_lfill,w_228,h_148,g_faces/images/20191008/f3d04cdff5db4aeeaf68f4b7bb5f8b9d.jpeg","url":"/a/345575202_617943?scm=1002.500047.0.0-0","outerLink":false,"html":false,"pcm":"","resourceType":1,"contentType":2,"promo":false},{"id":345417507,"authorId":0,"title":"叙北建立“安全区”土耳其准备单干？  ","mobileTitle":"叙北建立“安全区”土耳其准备单干？  ","focus":"//5b0988e595225.cdn.sohucs.com/q_70,c_lfill,w_228,h_148,g_faces/images/20191007/71326413650a4c61823d9214a75e2350.jpeg","url":"/a/345417507_542050?scm=1002.500047.0.0-0","outerLink":false,"html":false,"pcm":"","resourceType":1,"contentType":2,"promo":false},{"itemspaceid":12288,"maxTurn":3,"adps":"160001","type":22,"position":9}],"bottomChannels":[{"title":"\n  军事","url":"/ch/10","showOrder":0}],"channelNameEn":"mil","channelNameZh":"军事","channelLink":"/ch/10"},{"compName":"AsspAd","adData":{"itemspaceid":"u4420715","adType":"BAIDUUNION","qpbUrl":"//qpb.sohu.com/common/b-w/resource/s-slc/source/xft.js"}},{"compName":"PlateBlock","spmCode":"it","serverRender":true,"insertAdData":[{"itemspaceid":12423,"maxTurn":3,"adps":"160001","position":3,"type":22},{"itemspaceid":12290,"maxTurn":3,"adps":"160001","type":22,"position":7}],"orderId":7,"channelId":30,"acquiredFromBackend":true,"topLeftLinks":[{"title":"\n  科技","url":"/ch/30","showOrder":0}],"promoLinks":[{"title":"\n  科学","url":"/column/10420","showOrder":-1},{"title":"\n  5G","url":"/subject/316065","showOrder":0},{"title":"\n  通讯","url":"/ch/30/934","showOrder":1},{"title":"\n  数码","url":"/column/10590","showOrder":2}],"focus":[{"id":345664864,"authorId":114760,"authorName":"IT之家","title":"苹果 iOS 13 疯狂弹出窗口，应有不少用户受到影响","mobileTitle":"苹果 iOS 13 疯狂弹出窗口，应有不少用户受到影响","focus":"//5b0988e595225.cdn.sohucs.com/q_70,c_fill,w_320,h_240,g_faces/images/20191009/5562804d36354d4c8d448b2240897d00.jpeg","relativeUrl":"/a/345664864_114760","originalSource":"https://www.ithome.com/0/449/171.htm","outerLink":false,"html":false,"resourceType":1,"promo":false},{"id":345644736,"authorId":116157,"authorName":"雷科技","title":"苹果越来越好色了，库克路子真野！","mobileTitle":"苹果越来越好色了，库克路子真野！","focus":"//5b0988e595225.cdn.sohucs.com/q_70,c_fill,w_320,h_240,g_faces/images/20191009/2208a3a8b0c846ca8c4f27902c78eeb1.jpeg","relativeUrl":"/a/345644736_116157","originalSource":"http://www.leikeji.com/article/28393","outerLink":false,"html":false,"resourceType":1,"promo":false}],"news":[{"id":345536741,"authorId":0,"title":"8家人工智能企业被美列入实体清单 多家抗议","mobileTitle":"8家人工智能企业被美列入实体清单 多家抗议","focus":"//5b0988e595225.cdn.sohucs.com/q_70,c_lfill,w_228,h_148,g_faces/images/20191008/8565e9370abd4aee9ddfefb153ba5a6e.jpeg","url":"/a/345536741_115565?scm=1002.500047.0.0-0","outerLink":false,"html":false,"pcm":"","resourceType":1,"contentType":2,"promo":false},{"id":345517604,"authorId":0,"title":"海康威视等8家人工智能企业被美列入实体名单","mobileTitle":"海康威视等8家人工智能企业被美列入实体名单","url":"/a/345517604_115565?scm=1002.500047.0.0-0","outerLink":false,"html":false,"pcm":"","resourceType":1,"contentType":1,"promo":false},{"id":345486109,"authorId":0,"title":"日本运营商宣布5G设备商 华为中兴无缘分羹","mobileTitle":"日本运营商宣布5G设备商 华为中兴无缘分羹","focus":"//5b0988e595225.cdn.sohucs.com/q_70,c_lfill,w_228,h_148,g_faces/images/20191008/89288ec555844a3498e3b87113550b8a.jpeg","url":"/a/345486109_452858?scm=1002.500047.0.0-0","outerLink":false,"html":false,"pcm":"","resourceType":1,"contentType":2,"promo":false},{"itemspaceid":12423,"maxTurn":3,"adps":"160001","position":3,"type":22},{"id":345485060,"authorId":0,"title":"新加坡防止假信息法令:个人违反最高判10年","mobileTitle":"新加坡防止假信息法令:个人违反最高判10年","focus":"//5b0988e595225.cdn.sohucs.com/q_70,c_lfill,w_228,h_148,g_faces/images/20191008/55410b94a9284b5bb416cf814e3d3c93.jpg","url":"/a/345485060_162522?scm=1002.500047.0.0-0","outerLink":false,"html":false,"pcm":"","resourceType":1,"contentType":2,"promo":false},{"id":345483411,"authorId":0,"title":"锤子新机渲染图曝光，被网友吐槽","mobileTitle":"锤子新机渲染图曝光，被网友吐槽","focus":"//5b0988e595225.cdn.sohucs.com/q_70,c_lfill,w_228,h_148,g_faces/images/20191008/fa92be6b32034c109c5a0057bfabd3cc.jpeg","url":"/a/345483411_175648?scm=1002.500047.0.0-0","outerLink":false,"html":false,"pcm":"","resourceType":1,"contentType":2,"promo":false},{"id":345478071,"authorId":0,"title":"红米5G手机要来了？卢伟冰：该发布新机了","mobileTitle":"红米5G手机要来了？卢伟冰：该发布新机了","focus":"//5b0988e595225.cdn.sohucs.com/q_70,c_lfill,w_228,h_148,g_faces/images/20191008/0a89efc770bf4fc39dca274b454336fc.jpeg","url":"/a/345478071_99946558?scm=1002.500047.0.0-0","outerLink":false,"html":false,"pcm":"","resourceType":1,"contentType":2,"promo":false},{"itemspaceid":12290,"maxTurn":3,"adps":"160001","type":22,"position":7}],"bottomChannels":[{"title":"\n  科技","url":"/ch/30","showOrder":0}],"channelNameEn":"it","channelNameZh":"科技","channelLink":"/ch/30"},{"compName":"PlateBlockAd","spmCode":"it","serverRender":false,"adData":[{"adData":{"itemspaceid":16185,"itemspaceidTest":16185,"maxTurn":1,"adps":"30000002","type":"banner"}}]},{"compName":"PlateBlock","spmCode":"subject","serverRender":true,"insertAdData":[{"itemspaceid":12426,"maxTurn":3,"adps":"160001","position":3,"type":22},{"itemspaceid":12293,"maxTurn":3,"adps":"160001","type":22,"position":7}],"orderId":8,"channelId":0,"acquiredFromBackend":true,"topLeftLinks":[{"title":"\n  专题","url":"/subject","showOrder":0}],"promoLinks":[{"title":"\n  图库","url":"/column/10624","showOrder":0}],"news":[{"id":318110,"authorId":0,"title":"2019年诺贝尔奖陆续揭晓","mobileTitle":"2019年诺贝尔奖陆续揭晓","focus":"//29e5534ea20a8.cdn.sohucs.com/q_70,c_lfill,w_228,h_148,g_faces/os/news/3883c89d61ce13ea190eb3e6fd360eb6.jpg","url":"/subject/318110?scm=1002.400064.0.0-0","outerLink":false,"html":false,"pcm":"","resourceType":1,"contentType":186,"promo":false},{"id":318112,"authorId":0,"title":"肖华回应莫雷港独言论 央视暂停NBA赛事转播","mobileTitle":"肖华回应莫雷港独言论 央视暂停NBA赛事转播","focus":"//29e5534ea20a8.cdn.sohucs.com/q_70,c_lfill,w_228,h_148,g_faces/os/news/4b5062c81c68e9abee22de9d6d590753.jpg","url":"/subject/318112?scm=1002.400064.0.0-0","outerLink":false,"html":false,"pcm":"","resourceType":1,"contentType":186,"promo":false},{"id":318134,"authorId":0,"title":"便秘、高血压、肿瘤为什么都“怕”这一菜！","mobileTitle":"便秘、高血压、肿瘤为什么都“怕”这一菜！","focus":"//29e5534ea20a8.cdn.sohucs.com/q_70,c_lfill,w_228,h_148,g_faces/os/news/2b8fc95faf57fcdb94edfc89f1666402.jpg","url":"/subject/318134?scm=1002.400064.0.0-0","outerLink":false,"html":false,"pcm":"","resourceType":1,"contentType":186,"promo":false},{"itemspaceid":12426,"maxTurn":3,"adps":"160001","position":3,"type":22},{"id":318133,"authorId":0,"title":"2019 诺贝尔文学奖 花落谁家","mobileTitle":"2019 诺贝尔文学奖 花落谁家","focus":"//29e5534ea20a8.cdn.sohucs.com/q_70,c_lfill,w_228,h_148,g_faces/os/news/e236001d34af2c01d422bc1bd2e2ae26.jpg","url":"/subject/318133?scm=1002.400064.0.0-0","outerLink":false,"html":false,"pcm":"","resourceType":1,"contentType":186,"promo":false},{"id":318130,"authorId":0,"title":"NBA 总裁支持涉港言论,明天的 NBA 中国赛还办吗？","mobileTitle":"NBA 总裁支持涉港言论,明天的 NBA 中国赛还办吗？","focus":"//29e5534ea20a8.cdn.sohucs.com/q_70,c_lfill,w_228,h_148,g_faces/os/news/69947503b7b62a3ffa7db719b4ebb72.jpg","url":"/subject/318130?scm=1002.400064.0.0-0","outerLink":false,"html":false,"pcm":"","resourceType":1,"contentType":186,"promo":false},{"id":318129,"authorId":0,"title":"✎又一企业家迎娶女明星，两人相差17岁，男方曾为贾跃亭融资80亿","mobileTitle":"✎又一企业家迎娶女明星，两人相差17岁，男方曾为贾跃亭融资80亿","focus":"//29e5534ea20a8.cdn.sohucs.com/q_70,c_lfill,w_228,h_148,g_faces/os/news/970cc89af468860db8f26cdf7ba34f0a.jpg","url":"/subject/318129?scm=1002.400064.0.0-0","outerLink":false,"html":false,"pcm":"","resourceType":1,"contentType":186,"promo":false},{"itemspaceid":12293,"maxTurn":3,"adps":"160001","type":22,"position":7}],"bottomChannels":[{"title":"\n  专题","url":"/subject","showOrder":0}],"channelNameEn":"subject","channelNameZh":"专题","channelLink":"/subject"},{"compName":"PlateBlock","spmCode":"history","serverRender":true,"insertAdData":[{"itemspaceid":12421,"maxTurn":3,"adps":"160001","position":3,"type":22},{"itemspaceid":12291,"maxTurn":3,"adps":"160001","type":22,"position":7}],"orderId":9,"channelId":13,"acquiredFromBackend":true,"topLeftLinks":[{"title":"\n  历史","url":"/ch/13","showOrder":0}],"promoLinks":[{"title":"\n  隋唐","url":"/ch/13/1423","showOrder":0},{"title":"\n  三国","url":"/ch/13/1338","showOrder":1},{"title":"\n  清史","url":"/ch/13/1342","showOrder":2},{"title":"\n  老照片","url":"/column/10483","showOrder":3}],"focus":[{"id":345566499,"authorId":239401,"authorName":"陈冠任","title":"团长打冲锋！一个团堵住敌三个师，危急时敌轰炸机竟把敌兵炸退","mobileTitle":"团长打冲锋！一个团堵住敌三个师，危急时敌轰炸机竟把敌兵炸退","focus":"//5b0988e595225.cdn.sohucs.com/q_70,c_fill,w_320,h_240,g_faces/images/20191008/c5eb49cc050c463cb5c620f1e7234cac.jpeg","relativeUrl":"/a/345566499_239401","outerLink":false,"html":false,"resourceType":1,"promo":false},{"id":345627506,"authorId":120334575,"authorName":"史记帝","title":"1955年授衔, 彭总得知此人军衔后很不高兴说: 太高, 必须降低!","mobileTitle":"1955年授衔, 彭总得知此人军衔后很不高兴说: 太高, 必须降低!","focus":"//5b0988e595225.cdn.sohucs.com/q_70,c_fill,w_320,h_240,g_faces/images/20191008/0c2dac6d8a784ec28d00f06dbdacefc0.jpeg","relativeUrl":"/a/345627506_120334575","outerLink":false,"html":false,"resourceType":1,"promo":false}],"news":[{"id":345581316,"authorId":0,"title":"诸葛亮北伐注定无法成功，为何还要坚持？","mobileTitle":"诸葛亮北伐注定无法成功，为何还要坚持？","focus":"//5b0988e595225.cdn.sohucs.com/q_70,c_lfill,w_228,h_148,g_faces/images/20191008/3509b319f30b498eb223cee03365e4b7.jpg","url":"/a/345581316_189939?scm=1002.500047.0.0-0","outerLink":false,"html":false,"pcm":"","resourceType":1,"contentType":2,"promo":false},{"id":345543372,"authorId":0,"title":"吕布从未斩杀过大将，为何能称霸三国？","mobileTitle":"吕布从未斩杀过大将，为何能称霸三国？","focus":"//5b0988e595225.cdn.sohucs.com/q_70,c_lfill,w_228,h_148,g_faces/images/20191008/6b9a31ddac374cd2bb4fccbae1ac1dff.jpeg","url":"/a/345543372_699296?scm=1002.500047.0.0-0","outerLink":false,"html":false,"pcm":"","resourceType":1,"contentType":2,"promo":false},{"id":345539200,"authorId":0,"title":"为什么秦国统一天下花了数百年，覆灭只需要15年？","mobileTitle":"为什么秦国统一天下花了数百年，覆灭只需要15年？","focus":"//5b0988e595225.cdn.sohucs.com/q_70,c_lfill,w_228,h_148,g_faces/images/20191008/2549af5c096b482da307e752d293990e.jpeg","url":"/a/345539200_632520?scm=1002.500047.0.0-0","outerLink":false,"html":false,"pcm":"","resourceType":1,"contentType":2,"promo":false},{"itemspaceid":12421,"maxTurn":3,"adps":"160001","position":3,"type":22},{"id":345538398,"authorId":0,"title":"没能拯救靖康之耻的八十万禁军，后来都去哪了？","mobileTitle":"没能拯救靖康之耻的八十万禁军，后来都去哪了？","focus":"//5b0988e595225.cdn.sohucs.com/q_70,c_lfill,w_228,h_148,g_faces/images/20191008/c7b8026e548c4dc999300fa19376e0f7.jpeg","url":"/a/345538398_99993079?scm=1002.500047.0.0-0","outerLink":false,"html":false,"pcm":"","resourceType":1,"contentType":2,"promo":false},{"id":345530680,"authorId":0,"title":"袁崇焕立下赫赫战功，为何还会被杀掉？","mobileTitle":"袁崇焕立下赫赫战功，为何还会被杀掉？","focus":"//5b0988e595225.cdn.sohucs.com/q_70,c_lfill,w_228,h_148,g_faces/images/20191008/edacc1880f524ce4921537bfcca8498c.JPG","url":"/a/345530680_587798?scm=1002.500047.0.0-0","outerLink":false,"html":false,"pcm":"","resourceType":1,"contentType":2,"promo":false},{"id":345515171,"authorId":0,"title":"从哈里发到凯末尔：奥斯曼帝国的最后岁月","mobileTitle":"从哈里发到凯末尔：奥斯曼帝国的最后岁月","focus":"//5b0988e595225.cdn.sohucs.com/q_70,c_lfill,w_228,h_148,g_faces/images/20191008/6898ad3a665c46418fceb6a0a0263005.jpeg","url":"/a/345515171_260616?scm=1002.500047.0.0-0","outerLink":false,"html":false,"pcm":"","resourceType":1,"contentType":2,"promo":false},{"itemspaceid":12291,"maxTurn":3,"adps":"160001","type":22,"position":7}],"bottomChannels":[{"title":"\n  历史","url":"/ch/13","showOrder":0}],"channelNameEn":"history","channelNameZh":"历史","channelLink":"/ch/13"},{"compName":"PlateBlockAd","spmCode":"history","serverRender":false,"adData":[{"adData":{"itemspaceid":13820,"itemspaceidTest":14321,"maxTurn":3,"adps":"30000002","type":"banner"},"backup":{"adData":{"itemspaceid":"u4507455","qpbUrl":"//qpb.sohu.com/source/idz/a-je/static/z/common/aa.js"},"adType":"BAIDUUNION"}}]},{"compName":"PlateBlock","spmCode":"cul","serverRender":true,"insertAdData":[{"itemspaceid":13784,"maxTurn":3,"adps":"160001","position":3,"type":22}],"orderId":10,"channelId":12,"acquiredFromBackend":true,"topLeftLinks":[{"title":"\n  文化","url":"/ch/12","showOrder":0}],"promoLinks":[{"title":"\n  奇闻","url":"/column/10555","showOrder":-1},{"title":"\n  人物","url":"/column/10593","showOrder":0},{"title":"\n  读书","url":"/ch/12/1350","showOrder":1},{"title":"\n  江湖","url":"/column/10594","showOrder":2}],"focus":[{"id":345635546,"authorId":100160223,"authorName":"老街味道","title":"对于学诗的人来说 红楼梦中香菱提出的这两个问题不可不知","mobileTitle":"对于学诗的人来说 红楼梦中香菱提出的这两个问题不可不知","focus":"//5b0988e595225.cdn.sohucs.com/q_70,c_fill,w_320,h_240,g_faces/images/20191008/ece229a3389242fd9e95e22695d91edb.jpeg","relativeUrl":"/a/345635546_100160223","outerLink":false,"html":false,"resourceType":1,"promo":false},{"id":345516973,"authorId":120005162,"authorName":"搜狐文化","title":"湖南作家残雪，为何成诺贝尔文学奖热门人选","mobileTitle":"湖南作家残雪，为何成诺贝尔文学奖热门人选","focus":"//5b0988e595225.cdn.sohucs.com/q_70,c_fill,w_320,h_240,g_faces/images/20191008/edf6eca20a224a6f92db24ff42815eaa.jpeg","relativeUrl":"/a/345516973_120005162","outerLink":false,"html":false,"resourceType":1,"promo":false}],"news":[{"id":345574652,"authorId":0,"title":"银河系中心是超级黑洞，宇宙中心是什么？","mobileTitle":"银河系中心是超级黑洞，宇宙中心是什么？","focus":"//5b0988e595225.cdn.sohucs.com/q_70,c_lfill,w_228,h_148,g_faces/images/20191008/3d4991a696714061989c0cdef0d81016.jpeg","url":"/a/345574652_221039?scm=1002.500047.0.0-0","outerLink":false,"html":false,"pcm":"","resourceType":1,"contentType":2,"promo":false},{"id":345568499,"authorId":0,"title":"请就位！50名演员接受陈凯歌赵薇考评","mobileTitle":"请就位！50名演员接受陈凯歌赵薇考评","focus":"//5b0988e595225.cdn.sohucs.com/q_70,c_lfill,w_228,h_148,g_faces/images/20191008/328ba00c99e34956969bde3f7092929b.jpeg","url":"/a/345568499_161795?scm=1002.500047.0.0-0","outerLink":false,"html":false,"pcm":"","resourceType":1,"contentType":2,"promo":false},{"id":345567410,"authorId":0,"title":"奇葩植入式广告大盘点：够尬够直接！","mobileTitle":"奇葩植入式广告大盘点：够尬够直接！","focus":"//5b0988e595225.cdn.sohucs.com/q_70,c_lfill,w_228,h_148,g_faces/images/20191008/8f4b925e562f48feb118c82fb2b8fd55.jpeg","url":"/a/345567410_260616?scm=1002.500047.0.0-0","outerLink":false,"html":false,"pcm":"","resourceType":1,"contentType":2,"promo":false},{"itemspaceid":13784,"maxTurn":3,"adps":"160001","position":3,"type":22},{"id":345566518,"authorId":0,"title":"《中国好声音》冠军引争议，观众很失望","mobileTitle":"《中国好声音》冠军引争议，观众很失望","focus":"//5b0988e595225.cdn.sohucs.com/q_70,c_lfill,w_228,h_148,g_faces/images/20191008/634a57f4c1b8476ba30af74e21e6fcba.jpeg","url":"/a/345566518_115860?scm=1002.500047.0.0-0","outerLink":false,"html":false,"pcm":"","resourceType":1,"contentType":2,"promo":false},{"id":345565745,"authorId":0,"title":"十年过去了，我们依然在《蜗居》","mobileTitle":"十年过去了，我们依然在《蜗居》","focus":"//5b0988e595225.cdn.sohucs.com/q_70,c_lfill,w_228,h_148,g_faces/images/20191008/5456345dd1f942a5b63d353684b7828d.jpeg","url":"/a/345565745_100128465?scm=1002.500047.0.0-0","outerLink":false,"html":false,"pcm":"","resourceType":1,"contentType":5,"promo":false},{"id":345560040,"authorId":0,"title":"中国最吸金电影人 吴京参演影片总票房超150亿","mobileTitle":"中国最吸金电影人 吴京参演影片总票房超150亿","url":"/a/345560040_123753?scm=1002.500047.0.0-0","outerLink":false,"html":false,"pcm":"","resourceType":1,"contentType":1,"promo":false},{"id":345559823,"authorId":0,"title":"胡立根：语文，就是对话 ","mobileTitle":"胡立根：语文，就是对话 ","focus":"//5b0988e595225.cdn.sohucs.com/q_70,c_lfill,w_228,h_148,g_faces/images/20191008/c6bf6c1442d04ba886b69454f2177bee.jpeg","url":"/a/345559823_433384?scm=1002.500047.0.0-0","outerLink":false,"html":false,"pcm":"","resourceType":1,"contentType":1,"promo":false}],"bottomChannels":[{"title":"\n  文化","url":"/ch/12","showOrder":0}],"channelNameEn":"cul","channelNameZh":"文化","channelLink":"/ch/12"},{"compName":"PlateBlockAd","spmCode":"cul","serverRender":false,"adData":[{"adData":{"itemspaceid":13821,"itemspaceidTest":14321,"maxTurn":3,"adps":"30000002","type":"banner"},"backup":{"adData":{"itemspaceid":"u4507468","qpbUrl":"//qpb.sohu.com/production/m-h/openjs/den-id/static/gj.js"},"adType":"BAIDUUNION"}}]},{"compName":"PlateBlock","spmCode":"fashion","serverRender":true,"orderId":12,"channelId":23,"acquiredFromBackend":true,"topLeftLinks":[{"title":"\n  时尚","url":"/ch/23","showOrder":0}],"promoLinks":[{"title":"\n  时装","url":"/ch/23/1045","showOrder":0},{"title":"\n  奢品","url":"/ch/23/1057","showOrder":1},{"title":"\n  美容","url":"/column/10588","showOrder":2},{"title":"\n  图集","url":"/column/10541","showOrder":3}],"focus":[{"id":345627708,"authorId":409966,"authorName":"让你更漂亮","title":"蒋勤勤瘦了任人抓拍，条纹衫搭牛仔阔腿裤，显年轻又高级！","mobileTitle":"蒋勤勤瘦了任人抓拍，条纹衫搭牛仔阔腿裤，显年轻又高级！","focus":"//5b0988e595225.cdn.sohucs.com/q_70,c_fill,w_320,h_240,g_faces/images/20191008/951f7395a69048bda704aff483d77b74.jpeg","relativeUrl":"/a/345627708_409966","outerLink":false,"html":false,"resourceType":1,"promo":false},{"id":345623000,"authorId":120141147,"authorName":"Miya爱穿搭","title":"30岁女人秋冬换季怎么穿？纯色卫衣活力不幼稚，装点你的秋日时尚","mobileTitle":"30岁女人秋冬换季怎么穿？纯色卫衣活力不幼稚，装点你的秋日时尚","focus":"//5b0988e595225.cdn.sohucs.com/q_70,c_fill,w_320,h_240,g_faces/images/20191008/9001f5d485ae43c89b2cf01ada041d3f.jpeg","relativeUrl":"/a/345623000_120141147","outerLink":false,"html":false,"resourceType":1,"promo":false}],"news":[{"id":345581224,"authorId":0,"title":"Angelababy“为国争光的美貌”,只是韩国彩虹屁的基础水平?开班吧","mobileTitle":"Angelababy“为国争光的美貌”,只是韩国彩虹屁的基础水平?开班吧","focus":"//5b0988e595225.cdn.sohucs.com/q_70,c_lfill,w_228,h_148,g_faces/images/20191008/e8b96bbcc2254acdbdf3e53475b75b5d.jpeg","url":"/a/345581224_162238?scm=1002.500047.0.0-0","outerLink":false,"html":false,"pcm":"","resourceType":1,"contentType":2,"promo":false},{"id":345579924,"authorId":0,"title":"她是高司令的“虚拟女友”，新剧金发配红唇，复古造型似梦露本人","mobileTitle":"她是高司令的“虚拟女友”，新剧金发配红唇，复古造型似梦露本人","focus":"//5b0988e595225.cdn.sohucs.com/q_70,c_lfill,w_228,h_148,g_faces/images/20191008/bcabcc8427aa4f10b840511e8c2cdcae.jpeg","url":"/a/345579924_376533?scm=1002.500047.0.0-0","outerLink":false,"html":false,"pcm":"","resourceType":1,"contentType":2,"promo":false},{"id":345567705,"authorId":0,"title":"国庆7天假，花掉了1520000000000元","mobileTitle":"国庆7天假，花掉了1520000000000元","focus":"//5b0988e595225.cdn.sohucs.com/q_70,c_lfill,w_228,h_148,g_faces/images/20191008/cd8a8dacec6a4c3f8bfbb8c617e61769.jpeg","url":"/a/345567705_467279?scm=1002.500047.0.0-0","outerLink":false,"html":false,"pcm":"","resourceType":1,"contentType":2,"promo":false},{"id":345572128,"authorId":0,"title":"陆毅居然胖了这么多！43岁还演偶像剧，眼角皱纹和眉头纹让人出戏","mobileTitle":"陆毅居然胖了这么多！43岁还演偶像剧，眼角皱纹和眉头纹让人出戏","focus":"//5b0988e595225.cdn.sohucs.com/q_70,c_lfill,w_228,h_148,g_faces/images/20191008/429373202f2d47bc9a4133ec2eda8358.jpeg","url":"/a/345572128_633041?scm=1002.500047.0.0-0","outerLink":false,"html":false,"pcm":"","resourceType":1,"contentType":2,"promo":false},{"id":345571934,"authorId":0,"title":"郭采洁和郭碧婷同框，骨相好真更耐看，侧面脸部流畅度很说明问题","mobileTitle":"郭采洁和郭碧婷同框，骨相好真更耐看，侧面脸部流畅度很说明问题","focus":"//5b0988e595225.cdn.sohucs.com/q_70,c_lfill,w_228,h_148,g_faces/images/20191008/cef1fbc0646a407aab3e7d0e16a2681e.jpeg","url":"/a/345571934_633041?scm=1002.500047.0.0-0","outerLink":false,"html":false,"pcm":"","resourceType":1,"contentType":2,"promo":false},{"id":345569692,"authorId":0,"title":"金卡戴珊带四娃回老家，包臀裙曲线抢镜，3个月代孕小儿子颜值高","mobileTitle":"金卡戴珊带四娃回老家，包臀裙曲线抢镜，3个月代孕小儿子颜值高","focus":"//5b0988e595225.cdn.sohucs.com/q_70,c_lfill,w_228,h_148,g_faces/images/20191008/144d26866c5c48f4b5ff0c62235d8a9f.jpeg","url":"/a/345569692_562786?scm=1002.500047.0.0-0","outerLink":false,"html":false,"pcm":"","resourceType":1,"contentType":2,"promo":false},{"id":345567753,"authorId":0,"title":"张天爱最近很烦恼：减重容易保持身材难，因为好看还花式被撩","mobileTitle":"张天爱最近很烦恼：减重容易保持身材难，因为好看还花式被撩","focus":"//5b0988e595225.cdn.sohucs.com/q_70,c_lfill,w_228,h_148,g_faces/images/20191008/9ede66bd4e1a4787bb0528680579d9a0.jpeg","url":"/a/345567753_120112320?scm=1002.500047.0.0-0","outerLink":false,"html":false,"pcm":"","resourceType":1,"contentType":2,"promo":false}],"bottomChannels":[{"title":"\n  时尚","url":"/ch/23","showOrder":0}],"channelNameEn":"fashion","channelNameZh":"时尚","channelLink":"/ch/23"},{"compName":"PlateBlock","spmCode":"learning","serverRender":true,"orderId":13,"channelId":25,"acquiredFromBackend":true,"topLeftLinks":[{"title":"\n  教育","url":"/ch/25","showOrder":0}],"promoLinks":[{"title":"\n  资讯","url":"/ch/25/22","showOrder":0},{"title":"\n  家长帮","url":"/column/10591","showOrder":1},{"title":"\n  考试","url":"/column/10638","showOrder":2},{"title":"\n  高分","url":"/column/10482","showOrder":3}],"news":[{"id":345559999,"authorId":0,"title":"韩媒：韩教授论文抄袭事件频发 近半成未受惩戒","mobileTitle":"韩媒：韩教授论文抄袭事件频发 近半成未受惩戒","url":"/a/345559999_123753?scm=1002.500047.0.0-0","outerLink":false,"html":false,"pcm":"","resourceType":1,"contentType":1,"promo":false},{"id":345559830,"authorId":0,"title":"老年大学一座难求、为报名连夜排队……“银发经济”正悄然兴起","mobileTitle":"老年大学一座难求、为报名连夜排队……“银发经济”正悄然兴起","focus":"//5b0988e595225.cdn.sohucs.com/q_70,c_lfill,w_228,h_148,g_faces/images/20191008/ba2fd439506947628c10aef1604d88e2.jpeg","url":"/a/345559830_114835?scm=1002.500047.0.0-0","outerLink":false,"html":false,"pcm":"","resourceType":1,"contentType":2,"promo":false},{"id":345556265,"authorId":0,"title":"2019应届生平均招聘薪资5610元，你拖后腿了吗？","mobileTitle":"2019应届生平均招聘薪资5610元，你拖后腿了吗？","focus":"//5b0988e595225.cdn.sohucs.com/q_70,c_lfill,w_228,h_148,g_faces/images/20191008/25219d628f554db89707bb5e79317e9d.JPG","url":"/a/345556265_220095?scm=1002.500047.0.0-0","outerLink":false,"html":false,"pcm":"","resourceType":1,"contentType":2,"promo":false},{"id":345556102,"authorId":0,"title":"从斯诺登到网络空间安全 你需要知道这些……","mobileTitle":"从斯诺登到网络空间安全 你需要知道这些……","focus":"//5b0988e595225.cdn.sohucs.com/q_70,c_lfill,w_228,h_148,g_faces/images/20191008/541f5efbef6841778c857374b69504e7.jpg","url":"/a/345556102_114778?scm=1002.500047.0.0-0","outerLink":false,"html":false,"pcm":"","resourceType":1,"contentType":2,"promo":false},{"id":345553209,"authorId":0,"title":"伦敦小学引入“无性别厕所”，女孩们都憋坏了","mobileTitle":"伦敦小学引入“无性别厕所”，女孩们都憋坏了","focus":"//5b0988e595225.cdn.sohucs.com/q_70,c_lfill,w_228,h_148,g_faces/images/20191008/3f34b1682de94a8a86d2d46d871fbd99.jpg","url":"/a/345553209_162522?scm=1002.500047.0.0-0","outerLink":false,"html":false,"pcm":"","resourceType":1,"contentType":2,"promo":false},{"id":345549443,"authorId":0,"title":"北京学科类线上培训机构须月底前完成备案 ","mobileTitle":"北京学科类线上培训机构须月底前完成备案 ","url":"/a/345549443_114988?scm=1002.500047.0.0-0","outerLink":false,"html":false,"pcm":"","resourceType":1,"contentType":1,"promo":false},{"id":345547571,"authorId":0,"title":"《2019年秋季中国雇主需求与白领人才供给报告》：全国平均薪酬8698元/月","mobileTitle":"《2019年秋季中国雇主需求与白领人才供给报告》：全国平均薪酬8698元/月","url":"/a/345547571_115035?scm=1002.500047.0.0-0","outerLink":false,"html":false,"pcm":"","resourceType":1,"contentType":1,"promo":false}],"bottomChannels":[{"title":"\n  教育","url":"/ch/25","showOrder":0}],"channelNameEn":"learning","channelNameZh":"教育","channelLink":"/ch/25"},{"compName":"PlateBlock","spmCode":"health","serverRender":true,"orderId":14,"channelId":24,"acquiredFromBackend":true,"topLeftLinks":[{"title":"\n  健康","url":"/ch/24","showOrder":0},{"title":"\n  母婴","url":"/ch/26","showOrder":1}],"promoLinks":[{"title":"\n  养生","url":"/column/10410","showOrder":0},{"title":"\n  孕产","url":"/column/10537","showOrder":1},{"title":"\n  健身","url":"/column/10476","showOrder":3}],"news":[{"id":345406694,"authorId":0,"title":"这十类人属于高血压高危人群，这些预防方法必须知道！","mobileTitle":"这十类人属于高血压高危人群，这些预防方法必须知道！","focus":"//5b0988e595225.cdn.sohucs.com/q_70,c_lfill,w_228,h_148,g_faces/images/20191007/0ecddca1ea914dffa1472672e9563eda.jpeg","url":"/a/345406694_218376?scm=1002.500047.0.0-0","outerLink":false,"html":false,"pcm":"","resourceType":1,"contentType":2,"promo":false},{"id":345521520,"authorId":0,"title":"这份血压健康指南，转给有需要的亲友吧","mobileTitle":"这份血压健康指南，转给有需要的亲友吧","focus":"//5b0988e595225.cdn.sohucs.com/q_70,c_lfill,w_228,h_148,g_faces/images/20191008/a2d8bb2ce86b4cf186a217d7993b752a.jpeg","url":"/a/345521520_352192?scm=1002.500047.0.0-0","outerLink":false,"html":false,"pcm":"","resourceType":1,"contentType":2,"promo":false},{"id":345480483,"authorId":0,"title":"控制血糖，从入口管理  #清风计划#","mobileTitle":"控制血糖，从入口管理  #清风计划#","focus":"//5b0988e595225.cdn.sohucs.com/q_70,c_lfill,w_228,h_148,g_faces/images/20191008/8333190a71f04cfaa719d0d27eab8926.jpeg","url":"/a/345480483_108057?scm=1002.500047.0.0-0","outerLink":false,"html":false,"pcm":"","resourceType":1,"contentType":2,"promo":false},{"id":345466405,"authorId":0,"title":"老人吃\"重阳糕\"发生意外，老年人如何防止进食误吸？","mobileTitle":"老人吃\"重阳糕\"发生意外，老年人如何防止进食误吸？","focus":"//5b0988e595225.cdn.sohucs.com/q_70,c_lfill,w_228,h_148,g_faces/images/20191008/b6ba5550e17b4e9c9d4316eec0050323.jpeg","url":"/a/345466405_100108417?scm=1002.500047.0.0-0","outerLink":false,"html":false,"pcm":"","resourceType":1,"contentType":2,"promo":false},{"id":345581383,"authorId":0,"title":"黄磊女儿被骂：耳洞都打了，还装什么纯洁","mobileTitle":"黄磊女儿被骂：耳洞都打了，还装什么纯洁","focus":"//5b0988e595225.cdn.sohucs.com/q_70,c_lfill,w_228,h_148,g_faces/images/20191008/2217ff19dae44937baa4cc3acfc20374.jpeg","url":"/a/345581383_99994980?scm=1002.500047.0.0-0","outerLink":false,"html":false,"pcm":"","resourceType":1,"contentType":2,"promo":false},{"id":345574860,"authorId":0,"title":"刚出道意外怀孕，抚养儿子10年，生父成疑","mobileTitle":"刚出道意外怀孕，抚养儿子10年，生父成疑","focus":"//5b0988e595225.cdn.sohucs.com/q_70,c_lfill,w_228,h_148,g_faces/images/20191008/405bb466c23044a596b1b3a2b919d29c.jpeg","url":"/a/345574860_120020438?scm=1002.500047.0.0-0","outerLink":false,"html":false,"pcm":"","resourceType":1,"contentType":2,"promo":false},{"id":345568844,"authorId":0,"title":"女儿和领导吵架闹自杀，吞了14颗安眠药！网友：生活不易","mobileTitle":"女儿和领导吵架闹自杀，吞了14颗安眠药！网友：生活不易","focus":"//5b0988e595225.cdn.sohucs.com/q_70,c_lfill,w_228,h_148,g_faces/images/20191008/ccde1e28b5804cb6b6dbc168c8d45b54.jpeg","url":"/a/345568844_349996?scm=1002.500047.0.0-0","outerLink":false,"html":false,"pcm":"","resourceType":1,"contentType":2,"promo":false},{"id":345564793,"authorId":0,"title":"精子碎片是什么？影响怀孕吗？ ","mobileTitle":"精子碎片是什么？影响怀孕吗？ ","focus":"//5b0988e595225.cdn.sohucs.com/q_70,c_lfill,w_228,h_148,g_faces/images/20191008/59a96e9c79f34fdd9c6e1fcaa85bba13.jpeg","url":"/a/345564793_100275759?scm=1002.500047.0.0-0","outerLink":false,"html":false,"pcm":"","resourceType":1,"contentType":2,"promo":false}],"bottomChannels":[{"title":"\n  健康","url":"/ch/24","showOrder":0},{"title":"\n  母婴","url":"/ch/26","showOrder":1}],"channelNameEn":"health","channelNameZh":"健康","channelLink":"/ch/24"},{"compName":"PlateBlock","spmCode":"travel","serverRender":true,"orderId":15,"channelId":29,"acquiredFromBackend":true,"topLeftLinks":[{"title":"\n  旅游","url":"/ch/29","showOrder":0},{"title":"\n  美食","url":"/ch/28","showOrder":1}],"promoLinks":[{"title":"\n  旅拍","url":"/column/10639","showOrder":0},{"title":"\n  探城","url":"/column/10540","showOrder":1},{"title":"\n  吃播","url":"/column/10640","showOrder":2}],"news":[{"id":345554955,"authorId":0,"title":"重庆酉阳龚滩古镇上一个6字牌位，字字暗藏玄机，道出做人准则","mobileTitle":"重庆酉阳龚滩古镇上一个6字牌位，字字暗藏玄机，道出做人准则","focus":"//5b0988e595225.cdn.sohucs.com/q_70,c_lfill,w_228,h_148,g_faces/images/20191008/b704f06b0ea64aa99b1788b714db936f.jpeg","url":"/a/345554955_381412?scm=1002.500047.0.0-0","outerLink":false,"html":false,"pcm":"","resourceType":1,"contentType":2,"promo":false},{"id":345554716,"authorId":0,"title":"飞瀑、峡谷、雪山、神秘的羌藏文化，这个陇南秘境一年四季都值得去！","mobileTitle":"飞瀑、峡谷、雪山、神秘的羌藏文化，这个陇南秘境一年四季都值得去！","focus":"//5b0988e595225.cdn.sohucs.com/q_70,c_lfill,w_228,h_148,g_faces/images/20191008/f4a8ccb3aea9463ab799cab01821ca64.jpeg","url":"/a/345554716_120362399?scm=1002.500047.0.0-0","outerLink":false,"html":false,"pcm":"","resourceType":1,"contentType":2,"promo":false},{"id":345552207,"authorId":0,"title":"魔都“网红”街区的文艺范","mobileTitle":"魔都“网红”街区的文艺范","focus":"//5b0988e595225.cdn.sohucs.com/q_70,c_lfill,w_228,h_148,g_faces/images/20191008/d570cfaed78a44d0b8407ea9450e76d1.jpeg","url":"/a/345552207_260616?scm=1002.500047.0.0-0","outerLink":false,"html":false,"pcm":"","resourceType":1,"contentType":2,"promo":false},{"id":345473209,"authorId":0,"title":"国庆出游报告出炉！国人出门也不忘夜生活","mobileTitle":"国庆出游报告出炉！国人出门也不忘夜生活","focus":"//5b0988e595225.cdn.sohucs.com/q_70,c_lfill,w_228,h_148,g_faces/images/20191008/4e58c094ecb44ee3b9101690c299dca0.jpeg","url":"/a/345473209_484968?scm=1002.500047.0.0-0","outerLink":false,"html":false,"pcm":"","resourceType":1,"contentType":2,"promo":false},{"id":342425218,"authorId":0,"title":"只需要简单几步，就能搞定的高颜值菜系！","mobileTitle":"只需要简单几步，就能搞定的高颜值菜系！","focus":"//5b0988e595225.cdn.sohucs.com/q_70,c_lfill,w_228,h_148,g_faces/images/20190921/7ad466eff33d41159d5d595822817558.jpeg","url":"/a/342425218_614745?scm=1002.500047.0.0-0","outerLink":false,"html":false,"pcm":"","resourceType":1,"contentType":2,"promo":false},{"id":345554120,"authorId":0,"title":"巧克力控难以抗拒的小蛋糕，下午茶必备","mobileTitle":"巧克力控难以抗拒的小蛋糕，下午茶必备","focus":"//5b0988e595225.cdn.sohucs.com/q_70,c_lfill,w_228,h_148,g_faces/images/20191008/72a51dde8663453c8e970ff5356fe6f5.jpeg","url":"/a/345554120_107645?scm=1002.500047.0.0-0","outerLink":false,"html":false,"pcm":"","resourceType":1,"contentType":2,"promo":false},{"id":345519729,"authorId":0,"title":"水果和糯米饭的完美结合，最爱这样一口淡淡椰香味的软糯香甜","mobileTitle":"水果和糯米饭的完美结合，最爱这样一口淡淡椰香味的软糯香甜","focus":"//5b0988e595225.cdn.sohucs.com/q_70,c_lfill,w_228,h_148,g_faces/images/20191008/a74d62ea51974ac397c8280bc1af428e.jpeg","url":"/a/345519729_121128?scm=1002.500047.0.0-0","outerLink":false,"html":false,"pcm":"","resourceType":1,"contentType":2,"promo":false},{"id":345519561,"authorId":0,"title":"这碗汤太润了！秋天多喝它，补铁补血又美味","mobileTitle":"这碗汤太润了！秋天多喝它，补铁补血又美味","focus":"//5b0988e595225.cdn.sohucs.com/q_70,c_lfill,w_228,h_148,g_faces/images/20191008/a480837f6f834f02b7a21e4b14b5f262.jpeg","url":"/a/345519561_582111?scm=1002.500047.0.0-0","outerLink":false,"html":false,"pcm":"","resourceType":1,"contentType":2,"promo":false}],"bottomChannels":[{"title":"\n  旅游","url":"/ch/29","showOrder":0},{"title":"\n  美食","url":"/ch/28","showOrder":1}],"channelNameEn":"travel","channelNameZh":"旅游","channelLink":"/ch/29"},{"compName":"PlateBlock","spmCode":"fiction","serverRender":true,"orderId":16,"channelId":0,"acquiredFromBackend":true,"topLeftLinks":[{"title":"\n  小说","url":"//book.m.sohu.com/?_once_=000218_rk_tg_dh_xs","showOrder":0}],"promoLinks":[{"title":"\n  排行","url":"//book.m.sohu.com/rank/list?type=1&channelId=1&date=1&pageNo=1","showOrder":0},{"title":"\n  免费","url":"//book.m.sohu.com/freeLimit/list?channel=1&_once_=000218_rk_tg_dh_2","showOrder":1},{"title":"\n  书架","url":"//book.m.sohu.com/bookShelf/","showOrder":2}],"focus":[{"id":451,"authorId":0,"title":"最强医圣","focus":"https://16477799cada3.cdn.sohucs.com/files/1fbba742fa2c4472a7aac8cc7428b075.jpg","url":"https://m.sohu.com/promotion?link=NCPzhMeT6wHcs0n9kxkrWZjU0IpUAOSdYd8ZzGCtIJzkiNDRe7lvlGZtuOB%2FEe33sqA6IPUm3BfZ43WzQhLFwRgvZ%2F7vlFAkX7kdqoDFxtYfbN9jRjFLaBosLP0%2FaPmq%2FfM1ANQyxvM1ZotbEKWuTUyVRpjddHkU09ZJnhPkm6Q%3D&pcm=101.6461_451_608.451_23.rt=35ae41e3ec79abc63a2b879b3554a56a_flightid=795629_resgroupid=246_materialid=608_itemspaceid=451_saletype=88_loc=CN1100_sperotime=1570572425_plat=8_browser=0_bver=-_clientip=123zzz123zzz123zzz123","outerLink":false,"html":false,"pcm":"101.6461_451_608.451_23.rt=35ae41e3ec79abc63a2b879b3554a56a_flightid=795629_resgroupid=246_materialid=608_itemspaceid=451_saletype=88_loc=CN1100_sperotime=1570572425_plat=8_browser=0_bver=-_clientip=123zzz123zzz123zzz123","resourceType":2,"contentType":23,"promo":false},{"id":452,"authorId":0,"title":"史上最强崇祯","focus":"https://16477799cada3.cdn.sohucs.com/files/07430af42b8942c28da8849d289d64ec.jpg","url":"https://m.sohu.com/promotion?link=Wd4uMJQS843bq0c7DD5Mtr5G9bjmFIuMqjX423FkswkWqROz0OqMPLSsKxJi6L52fkyyf2fiuaJX2tRAIAmjQAw67KF1Ob4MwhYLXl9Zz2%2BdBN1HuNSMTimfdIjbMdL%2BmSlh%2FC%2BHOWxc401xkIGZ3x8S7RJ1%2Bi2FGBpmtjpW52s%3D&pcm=101.6461_452_609.452_23.rt=35ae41e3ec79abc63a2b879b3554a56a_flightid=795628_resgroupid=247_materialid=609_itemspaceid=452_saletype=88_loc=CN1100_sperotime=1570572425_plat=8_browser=0_bver=-_clientip=123zzz123zzz123zzz123","outerLink":false,"html":false,"pcm":"101.6461_452_609.452_23.rt=35ae41e3ec79abc63a2b879b3554a56a_flightid=795628_resgroupid=247_materialid=609_itemspaceid=452_saletype=88_loc=CN1100_sperotime=1570572425_plat=8_browser=0_bver=-_clientip=123zzz123zzz123zzz123","resourceType":2,"contentType":23,"promo":false},{"id":453,"authorId":0,"title":"乾坤剑神","focus":"https://16477799cada3.cdn.sohucs.com/files/c744cf106148446fbe99ec7f53d901eb.jpg","url":"https://m.sohu.com/promotion?link=CwL5Id0ClCHWmN2q3k%2BqLWeZKiGk%2FTUrzEWt7E4ufbsl6YE6ef%2Bqv92wDbrCV%2FFJlMKAYTK0b78IOzGHVzKmBGFrt80AdV7AUi5j8hjkq2xlZgIX9qNAo%2BK1viy%2FOPf7l3xEj6FjkliD6l%2FSomzmKl01x2yhfu86hLM3IXnY8LQ%3D&pcm=101.6461_453_618.453_23.rt=35ae41e3ec79abc63a2b879b3554a56a_flightid=795647_resgroupid=248_materialid=618_itemspaceid=453_saletype=88_loc=CN1100_sperotime=1570572425_plat=8_browser=0_bver=-_clientip=123zzz123zzz123zzz123","outerLink":false,"html":false,"pcm":"101.6461_453_618.453_23.rt=35ae41e3ec79abc63a2b879b3554a56a_flightid=795647_resgroupid=248_materialid=618_itemspaceid=453_saletype=88_loc=CN1100_sperotime=1570572425_plat=8_browser=0_bver=-_clientip=123zzz123zzz123zzz123","resourceType":2,"contentType":23,"promo":false},{"id":454,"authorId":0,"title":"逆流纯真年代","focus":"https://16477799cada3.cdn.sohucs.com/files/86b03b5ec4e44060876580599e507051.jpg","url":"https://m.sohu.com/promotion?link=Hg99SFkI8SYF1nErpM%2BFUiPZqvkjKkv1trjgX3PSKjtUNS%2FEGaCJm8OE9Rg5kKZa3NDbRPjt8jc2ThD8GCd1lDAPp4dW7JzJv7mqoXneHkMlGJFdaBVPLEvS42YSCFlcjlHBAKabyUGd4Y4YVEj6eyboyMoeYE2A47l23UJ8xS8%3D&pcm=101.6461_454_611.454_23.rt=35ae41e3ec79abc63a2b879b3554a56a_flightid=795626_resgroupid=249_materialid=611_itemspaceid=454_saletype=88_loc=CN1100_sperotime=1570572425_plat=8_browser=0_bver=-_clientip=123zzz123zzz123zzz123","outerLink":false,"html":false,"pcm":"101.6461_454_611.454_23.rt=35ae41e3ec79abc63a2b879b3554a56a_flightid=795626_resgroupid=249_materialid=611_itemspaceid=454_saletype=88_loc=CN1100_sperotime=1570572425_plat=8_browser=0_bver=-_clientip=123zzz123zzz123zzz123","resourceType":2,"contentType":23,"promo":false}],"news":[{"id":0,"authorId":0,"title":"男子酒吧猎艳,强奸还电棍伤人获刑","url":"//m.sohu.com/promotion?posId=10100101&itemId=10616&link=M01Lcb6b7OvD%2FWDnHnNyzk5mtEPscD4yJo0d3EGq5Y7GViizpWvlrWeYmGlvKfJ7cDEImTAJNclPrKRbBIVrg8EEyBlNbV6oyHKfJJkO5epWzN41lV%2Fx%2BEpDp%2B7Cs8LmKelK6mt4afExZ4BrYsAg0if41kIG0g8WgQD9PAI5IXI%3D","outerLink":false,"html":false,"resourceType":1,"promo":true},{"id":0,"authorId":0,"title":"山沟小子成为有钱人的秘诀是什么？","url":"//m.sohu.com/promotion?posId=10100201&itemId=10617&link=LaKAShP3wU6DdndGAtQ%2B8Ete8BNuptTDDPIVTXmw9V3AGw9Lg2aMsOSBwOA1VIgKoAOEeSw%2BLVrf0DBerOLRO52n9Lj4X8sB%2FANIhLZFxIqHoW7daCL%2FUV%2BNarXpm8qeSxD2ZysCjoYU93YZSgWYw%2BQW33VB5t3vGFS%2FmvKpFa8%3D","outerLink":false,"html":false,"resourceType":1,"promo":true},{"id":0,"authorId":0,"title":"男人吃软饭到底靠的什么本事?","url":"//m.sohu.com/promotion?posId=10100301&itemId=10618&link=PssLWe3epmnjTgn%2BiZUC71SrzKQhz6nokvldg7KmgarFnzS398QHOuGiK3naUJwL5tO97WC4vdpXdINA3V51zLC%2FlrbKrFK4gkU4jmIVs7KGeDKJ4yIT2%2F4FBT7UuFTqU4bGpThAUWClPd4wKkowI9qi6ZCSm3YDmgTAkssW2v4%3D","outerLink":false,"html":false,"resourceType":1,"promo":true},{"id":0,"authorId":0,"title":"中国兵王有多厉害?他们的经历超出想象","url":"//m.sohu.com/promotion?posId=10100401&itemId=10588&link=cWHB4oWpsA8ez%2FrnhVVdtN%2F8cxf9Tm5NxDsRDGYCr9oq4sgCfOIJ0CgbAVoHCYaINGeWjXdAwhK77SfXfEsI3GUc5keDle%2B2y52FPeeFzgSD2hFQxO2N43ZtY8l6M0FEorqjDZpNgiKnBLh6TGpfDWetnCbG6Z6GpDxRZMfnqnE%3D","outerLink":false,"html":false,"resourceType":1,"promo":true},{"id":0,"authorId":0,"title":"美女在酒吧被搭讪,谁知道美女这么主动","url":"//m.sohu.com/promotion?posId=10100501&itemId=10587&link=DY87Iubj3acIseTHPs9oBktuAm14OOQ7bu8YgausFmbltnbwNF%2FNjmXU4fQFx05ocdbmNq%2FzTQTpZlGahNlCSFS%2BRQcXga7q7sbTSmlmV8eU1NRC8xnyOHdWn8ugyG9g5vOEOSfH5fBxsB%2B%2B6ayxIPOwMS3IYeDLuAXEC2zmkmU%3D","outerLink":false,"html":false,"resourceType":1,"promo":true},{"id":0,"authorId":0,"title":"史上第一败家子，一句话把家都卖了","url":"//m.sohu.com/promotion?posId=10100601&itemId=10619&link=D0l4RKtYFyi1Ec6wkRmfYMRKBdY36dLs6utTmuqCmHrAkhici3%2BgoBmQsxBvspi3zetbnrVYlOc0XkTFQqZ%2B6rTVYrbMTXQFi%2BFbYUxPsjF2F8KPTq4vX%2BJ9yY0D2Pi3shANFlXVASNv2asVxMNwtksYkKElHFV21z2dA2Mskfg%3D","outerLink":false,"html":false,"resourceType":1,"promo":true},{"id":0,"authorId":0,"title":"阅读红包：新用户1000书币免费领取","url":"//m.sohu.com/promotion?posId=10100701&itemId=10792&link=Pymp8GOHSMlXdQLHCT%2F8ipY837oLqGtoXAxzjcMsZrMfCV16aPfgzx%2B2jfYK7jFhD5kBjX%2Ft4ijyZYYSMSvsstckp9tMHcxxXoYkywqkLAKVvZ9MSoMtxxdoYBoCT7ks7AjZ3m6ppcQ%2B1Yj2O3f2JSO88zYaYDozs%2FCMpxrFa5c%3D","outerLink":false,"html":false,"resourceType":1,"promo":true}],"bottomChannels":[{"title":"\n  小说","url":"//book.m.sohu.com/?_once_=000218_rk_tg_dh_xs","showOrder":0}],"channelNameEn":"fiction","channelNameZh":"小说","channelLink":"http://book.m.sohu.com/?_once_=000218_rk_tg_dh_xs"},{"compName":"PlateBlock","spmCode":"astro","serverRender":true,"insertAdData":[{"itemspaceid":12425,"maxTurn":3,"adps":"160001","position":3,"type":22}],"orderId":17,"channelId":27,"acquiredFromBackend":true,"topLeftLinks":[{"title":"\n  星座","url":"/ch/27","showOrder":0},{"title":"\n  搞笑","url":"/ch/45","showOrder":1}],"promoLinks":[{"title":"\n  搞笑视频","url":"/v?tab=2","showOrder":0},{"title":"\n  星盘","url":"/column/10466","showOrder":1}],"news":[{"id":345558016,"authorId":0,"title":"栾叔塔罗牌占卜赚钱第一，脱贫比脱单更重要的星座男孩 ","mobileTitle":"栾叔塔罗牌占卜赚钱第一，脱贫比脱单更重要的星座男孩 ","focus":"//5b0988e595225.cdn.sohucs.com/q_70,c_lfill,w_228,h_148,g_faces/images/20191008/e45858ba4fec491fb880547132640228.jpeg","url":"/a/345558016_120084537?scm=1002.500047.0.0-0","outerLink":false,"html":false,"pcm":"","resourceType":1,"contentType":2,"promo":false},{"id":345627713,"authorId":0,"title":"值得托付一生的三大生肖","mobileTitle":"值得托付一生的三大生肖","focus":"//5b0988e595225.cdn.sohucs.com/q_70,c_lfill,w_228,h_148,g_faces/images/20191008/e7463e4cf7b74103855de513e54ed524.jpeg","url":"/a/345627713_120159689?scm=1002.500047.0.0-0","outerLink":false,"html":false,"pcm":"","resourceType":1,"contentType":2,"promo":false},{"id":345526622,"authorId":0,"title":" 玄清风水命理：十月中旬好运上涨，赚钱不再难的3个生肖，日子富贵有余！","mobileTitle":" 玄清风水命理：十月中旬好运上涨，赚钱不再难的3个生肖，日子富贵有余！","focus":"//5b0988e595225.cdn.sohucs.com/q_70,c_lfill,w_228,h_148,g_faces/images/20191008/4b847650fbb248cbb4a5d6c1ba9800d8.jpeg","url":"/a/345526622_120081039?scm=1002.500047.0.0-0","outerLink":false,"html":false,"pcm":"","resourceType":1,"contentType":2,"promo":false},{"itemspaceid":12425,"maxTurn":3,"adps":"160001","position":3,"type":22},{"id":345454782,"authorId":0,"title":"幽默笑话：他抬起头横我一眼：\"医生，你这么狠会要遭报应的 \"","mobileTitle":"幽默笑话：他抬起头横我一眼：\"医生，你这么狠会要遭报应的 \"","focus":"//5b0988e595225.cdn.sohucs.com/q_70,c_lfill,w_228,h_148,g_faces/images/20191008/6385851c6af34ef781588dbcdf1cfc17.jpeg","url":"/a/345454782_120108591?scm=1002.500047.0.0-0","outerLink":false,"html":false,"pcm":"","resourceType":1,"contentType":2,"promo":false},{"id":345454468,"authorId":0,"title":"幽默笑话：我说属母鸡，他说哎呀，好巧啊，我属公鸡","mobileTitle":"幽默笑话：我说属母鸡，他说哎呀，好巧啊，我属公鸡","focus":"//5b0988e595225.cdn.sohucs.com/q_70,c_lfill,w_228,h_148,g_faces/images/20191008/9111201d7e384ab88db2dfe0cf5fa621.jpeg","url":"/a/345454468_120108591?scm=1002.500047.0.0-0","outerLink":false,"html":false,"pcm":"","resourceType":1,"contentType":2,"promo":false},{"id":345454618,"authorId":0,"title":"幽默笑话：一位大学教授对学生讲道：古代吕字是接吻的意思","mobileTitle":"幽默笑话：一位大学教授对学生讲道：古代吕字是接吻的意思","focus":"//5b0988e595225.cdn.sohucs.com/q_70,c_lfill,w_228,h_148,g_faces/images/20191008/acefc5f0a29242259ee63e82bd52a522.jpeg","url":"/a/345454618_120108591?scm=1002.500047.0.0-0","outerLink":false,"html":false,"pcm":"","resourceType":1,"contentType":2,"promo":false}],"bottomChannels":[{"title":"\n  星座","url":"/ch/27","showOrder":0},{"title":"\n  搞笑","url":"/ch/45","showOrder":1}],"channelNameEn":"astro","channelNameZh":"星座","channelLink":"/ch/27"},{"compName":"PlateBlock","spmCode":"acg","serverRender":true,"orderId":18,"channelId":41,"acquiredFromBackend":true,"topLeftLinks":[{"title":"\n  动漫","url":"/ch/41","showOrder":0},{"title":"\n  游戏","url":"/ch/42","showOrder":1}],"promoLinks":[{"title":"\n  游戏视频","url":"/v?tab=4","showOrder":0},{"title":"\n  主播","url":"/column/10513","showOrder":1}],"news":[{"id":345654260,"authorId":0,"title":"海贼王专题，罗杰船上的古代兵器天王龙蛋和波妮","mobileTitle":"海贼王专题，罗杰船上的古代兵器天王龙蛋和波妮","focus":"//5b0988e595225.cdn.sohucs.com/q_70,c_lfill,w_228,h_148,g_faces/images/20191009/98c11d0e0a8947d0a29f1470ba7589c5.jpeg","url":"/a/345654260_120361707?scm=1002.500047.0.0-0","outerLink":false,"html":false,"pcm":"","resourceType":1,"contentType":4,"promo":false},{"id":345654306,"authorId":0,"title":"海贼王专题，熊和波尼的父女命运","mobileTitle":"海贼王专题，熊和波尼的父女命运","focus":"//5b0988e595225.cdn.sohucs.com/q_70,c_lfill,w_228,h_148,g_faces/images/20191009/9941f12931e34e66947fa5642356e634.jpeg","url":"/a/345654306_120361707?scm=1002.500047.0.0-0","outerLink":false,"html":false,"pcm":"","resourceType":1,"contentType":4,"promo":false},{"id":345654157,"authorId":0,"title":"海贼王专题，黑胡子和老沙的冥王争夺战","mobileTitle":"海贼王专题，黑胡子和老沙的冥王争夺战","focus":"//5b0988e595225.cdn.sohucs.com/q_70,c_lfill,w_228,h_148,g_faces/images/20191009/fce6ac80755446b0af6eca7aef81aac5.jpeg","url":"/a/345654157_120361707?scm=1002.500047.0.0-0","outerLink":false,"html":false,"pcm":"","resourceType":1,"contentType":4,"promo":false},{"id":345654224,"authorId":0,"title":"海贼王：海军大将名号由来！藤虎，绿牛全由此人取名！","mobileTitle":"海贼王：海军大将名号由来！藤虎，绿牛全由此人取名！","focus":"//5b0988e595225.cdn.sohucs.com/q_70,c_lfill,w_228,h_148,g_faces/images/20191009/da02ec4ddb9b4e63bd205726dbbbcca9.jpeg","url":"/a/345654224_120357983?scm=1002.500047.0.0-0","outerLink":false,"html":false,"pcm":"","resourceType":1,"contentType":4,"promo":false},{"id":345631580,"authorId":0,"title":"迷你世界，看一眼就被惊艳到的小游戏地图，高逼真版马里奥","mobileTitle":"迷你世界，看一眼就被惊艳到的小游戏地图，高逼真版马里奥","focus":"//5b0988e595225.cdn.sohucs.com/q_70,c_lfill,w_228,h_148,g_faces/images/20191008/97d5c3c63c34470699bfe5562358f6d1.jpeg","url":"/a/345631580_120090269?scm=1002.500047.0.0-0","outerLink":false,"html":false,"pcm":"","resourceType":1,"contentType":4,"promo":false},{"id":345629350,"authorId":0,"title":"王者荣耀：最不怕控制技能的3个英雄，第一个被控还能反杀敌人！","mobileTitle":"王者荣耀：最不怕控制技能的3个英雄，第一个被控还能反杀敌人！","focus":"//5b0988e595225.cdn.sohucs.com/q_70,c_lfill,w_228,h_148,g_faces/images/20191008/a7ae228d2def4df2840c3d3a9fc01736.jpg","url":"/a/345629350_100047212?scm=1002.500047.0.0-0","outerLink":false,"html":false,"pcm":"","resourceType":1,"contentType":4,"promo":false},{"id":345627923,"authorId":0,"title":"王者荣耀：神级李元芳暴力输出，高地前丝血豪取五连绝世！","mobileTitle":"王者荣耀：神级李元芳暴力输出，高地前丝血豪取五连绝世！","focus":"//5b0988e595225.cdn.sohucs.com/q_70,c_lfill,w_228,h_148,g_faces/images/20191008/30fef71f632e432aa7b228737b097d56.jpg","url":"/a/345627923_577269?scm=1002.500047.0.0-0","outerLink":false,"html":false,"pcm":"","resourceType":1,"contentType":4,"promo":false},{"id":345623909,"authorId":0,"title":"王者荣耀：必出末世的3个英雄！如果不出，一眼就能看出你是个坑","mobileTitle":"王者荣耀：必出末世的3个英雄！如果不出，一眼就能看出你是个坑","focus":"//5b0988e595225.cdn.sohucs.com/q_70,c_lfill,w_228,h_148,g_faces/images/20191008/be179a4d89644e64aefc935272bde01f.jpg","url":"/a/345623909_100047212?scm=1002.500047.0.0-0","outerLink":false,"html":false,"pcm":"","resourceType":1,"contentType":4,"promo":false}],"bottomChannels":[{"title":"\n  动漫","url":"/ch/41","showOrder":0},{"title":"\n  游戏","url":"/ch/42","showOrder":1}],"channelNameEn":"acg","channelNameZh":"动漫","channelLink":"/ch/41"},{"compName":"PlateBlock","spmCode":"video","serverRender":true,"insertAdData":[{"itemspaceid":12428,"maxTurn":3,"adps":"160001","position":3,"type":22}],"orderId":19,"channelId":0,"acquiredFromBackend":true,"topLeftLinks":[{"title":"\n  视频","url":"//m.tv.sohu.com/?src=10011035&_once_=000025_xiaodaohang_shipin_1v3","showOrder":0}],"promoLinks":[{"title":"\n  电视","url":"//m.tv.sohu.com/drama?src=10011032&_once_=000025_xiaodaohang_shipin_2v3","showOrder":0},{"title":"\n  美剧","url":"//m.tv.sohu.com/drama_us?src=1004033079&_once_=000025_xiaodaohang_shipin_3v3","showOrder":1},{"title":"\n  综艺","url":"//m.tv.sohu.com/show?src=10011034&_once_=000025_xiaodaohang_shipin_4v3","showOrder":2}],"news":[{"id":0,"authorId":0,"title":"中国机长录音曝光：四川8633 成都叫你","url":"//m.sohu.com/promotion?posId=10090101&itemId=10841&link=AMnCmDD9hh1yG9Gy%2BMSeAtiP0%2BY200tAbXaV7lBsqApoWL%2F8tBB6%2F6WJaWS%2BKDxuyYd%2F3n0PicufUgzncGx7zygh5rThTvRq5DkyoMwYZGVLOMbHV6WaRiNkVkyuL6zreZ8EGpyhBed9jFzPiRWBzAgbDkVUaRG2vhhBHTUtrmA%3D","outerLink":false,"html":false,"resourceType":1,"promo":true},{"id":0,"authorId":0,"title":"小车顶部被落石击中砸穿 险翻下公路","url":"//m.sohu.com/promotion?posId=10090201&itemId=10842&link=TARJFPBpMU5hVi07SNzucKi%2B%2FSHZOcSxVUDeSxsDVvhbsWpH3fxzRIZGFInsvYR7wns8mXoORWOau9oxVWValWT0%2BqENXxXwYuMaFccnzquCHXOwJ0jAE%2F%2FHmdDIXo%2BP8vh9j4QFLtAxGZIbewL49FyY2%2FrC8GjX82qNcgzg1gc%3D","outerLink":false,"html":false,"resourceType":1,"promo":true},{"id":0,"authorId":0,"title":"女孩被奶奶催婚：不见男友不上手术台","url":"//m.sohu.com/promotion?posId=10090301&itemId=10843&link=YAqgdOBxPuykPwvFTZqqhBB74lz33%2Bw4cFleXRxUGwMXEFMRL37yaD%2B6r0deqW1RIw9yKlHjrefNeUhrAXee9Q9p%2FuI1bqZpx9JDk8LG2MuE%2Bq%2Bo%2FaxGJLTGQCAwDLr2r5JdOjFRRdzXwbBSHSgsiCnrYC7o%2FV6urW04bshUW3A%3D","outerLink":false,"html":false,"resourceType":1,"promo":true},{"itemspaceid":12428,"maxTurn":3,"adps":"160001","position":3,"type":22},{"id":0,"authorId":0,"title":"姑娘出国旅游 同事发来这张购物清单","url":"//m.sohu.com/promotion?posId=10090401&itemId=10844&link=YOhlEXvpwmtFlYPoYP7mFJy0Ut%2BoEUMzPuUtAYWiYLdLhwbzj1EVy3TR6adX5%2BmMmHwGrMepRu%2BwT3iD9fSFnp9gSdCY2R6eF9RmBGm00BlqNgQtg5DR0qU%2FeFIHbnLYKBcOC4tDZb08dg13NQL0GPy5OcJvsFKwp6eirMpjQAE%3D","outerLink":false,"html":false,"resourceType":1,"promo":true},{"id":0,"authorId":0,"title":"火箭当家球星哈登道歉 莫雷仍拒道歉","url":"//m.sohu.com/promotion?posId=10090501&itemId=10845&link=XOTsr6kKZ%2BBWO%2FHq8N9sfH9E%2FkNTfqISSbF%2FT%2FmwzkBQ6Vqki1aVpSghLqEgN8LHXgXCnqQnAUc%2FnM8%2FkLhk8iw7QSzFXxHvz1t7dWCMvm9PWeqlyg8Xl90yu5Kl5QhvQfCPWL%2F7k5H7OtZm6%2BfqiqmE6m8b3SyyZaRZvq12msU%3D","outerLink":false,"html":false,"resourceType":1,"promo":true},{"id":0,"authorId":0,"title":"男子坐摩托将女友扛肩上 车流中玩杂耍","url":"//m.sohu.com/promotion?posId=10090601&itemId=10846&link=F%2FpXhYigXVv518b1hiRB%2Bx%2Bw9KnxZKmcAMhk7k3k%2BBcWKMgnrL1Fpc2yZQfavvHDox%2FyIEGpAqDwx8tFxY0kqRaWCpkQuGpYg5hQ2e3dF81kRWkvbpGdhp5ZZAl%2BcVRH3FyePhVDoIwxxr4RkflKx9dt7Z97kqs%2Fo6DMlHsQKUI%3D","outerLink":false,"html":false,"resourceType":1,"promo":true}],"bottomChannels":[{"title":"\n  视频","url":"//m.tv.sohu.com/?src=10011035&_once_=000025_xiaodaohang_shipin_1v3","showOrder":0}],"channelNameEn":"video","channelNameZh":"视频","channelLink":"//m.tv.sohu.com/?src=10011035&_once_=000025_xiaodaohang_shipin_1v3"},{"compName":"LifeService","spmCode":"lifeser","serverRender":true,"data":{"siteName":"生活服务","sitelink":"http://m.58.com/","siteOrder":1,"itemLists":[{"title":"本地服务","url":"https://m.sohu.com/promotion?posId=19990101&itemId=1000&link=FzUwMDPjcjqT9RsVqqGnpSBBFQyytdGSe2cFYMcIZy3LPl9IuN%2BIMbjSyo8aISfOaDvXFyqviq%2Bn3WH%2FKgAjhwuHUold%2Bh1HzuZW99sSMKQws2g0gK8Je7GXz9gKI9QAi%2Bxo9zZWbE0kkpn1vwWIg1JHK9VcSJoHor85hXrU%2Bd0%3D","showOrder":1,"siteOrder":"1","showIcon":true,"iconUrl":"//statics.itc.cn/static/images/mobile/home/20190329/local-service.png"},{"title":"\n  高薪工作","url":"https://m.sohu.com/promotion?posId=19990201&itemId=1000&link=PEL%2FWEqoYyJRyAQLxUdIG5OdMjNPcPCwByi2k6AkZJgmWAwmCn3aIchYztl9enL07Mk0H0gl%2BkWka1xJ7EBfLLm6sbdrf11C9W52KMfv37DijttncmMgL7uP0OsBqP1dtvh0B%2F5SenktSo0udlw6utIL979H%2FZNX58op4CUFWms%3D","showOrder":2,"siteOrder":"1","showIcon":true,"iconUrl":"//statics.itc.cn/static/images/mobile/home/20190329/high-price-job.png"},{"title":"\n  优质房产","url":"https://m.sohu.com/promotion?posId=19990301&itemId=1000&link=EFM9HK2tS%2BY0zk%2F1Q16kRw9ajMCdpVIykG6swcd7PzClfiX7O%2B8sfvySNzgXBWDmhkltjGU9XlldwUbF5sKq3gckXR1je0lgqQ2s6HBKRyIKz8koybCmwlDL1oZ2GXSiJR6J5LdBUZFHGCmS8b5i6vWugskLzz93ltdRhIrjRtM%3D","showOrder":3,"siteOrder":"1","showIcon":true,"iconUrl":"//statics.itc.cn/static/images/mobile/home/20190329/second-house.png"},{"title":"\n  家电维修","url":"https://m.sohu.com/promotion?posId=19990401&itemId=1000&link=D%2FceK4o5VWYak1N1UgQFqTZ5L8yUuDeIxEYi4N55ponzKtrhf%2BTHIutKj%2Fq801GMTXEVuJHWCPwwBbaKjYDdmdkd1VUsBTHiNB8Ft7OJOTC7cG5hqQPbzgciHfYfdttMF6JhruH25D0wKzHARk0qrZpDroRX9xQmcIoXjCe9ZXs%3D","showOrder":4,"siteOrder":"1","showIcon":true,"iconUrl":"//statics.itc.cn/static/images/mobile/home/20190329/tv-repair.png"},{"title":"\n  二手好货","url":"https://m.sohu.com/promotion?posId=19990501&itemId=1000&link=Z0FitIhGq8uqu4NvHEp0wPQHyqXV4KngbIUGw6MfPkv4cgInluvxUnua1aOnw7r5sX5Ui0Uqsndj7eLeX85VikDuWnJhHZ8cOAFglIMOFgjQnONh2r4LHwUd5eMoor6YBozH45WVFzz1fD2RA61RjZLw8KqrysAm5v7E1dbuCQw%3D","showOrder":5,"siteOrder":"1","showIcon":true,"iconUrl":"//statics.itc.cn/static/images/mobile/home/20190329/second-good.png"},{"title":"\n  家政服务","url":"https://m.sohu.com/promotion?posId=19990601&itemId=1000&link=UL5t76DM3EyH%2BOZGJ5NyF1DyQrE0R7dFuwxQDY0W1tm7KBrR3U4bmzthfShsDDYHgNDxo%2BLo8KiJiRxQ%2FxBM4ECDc%2Ba6nVjsHTQjcjShby%2FhN4aN762%2Fyt90nOSPBv8xKPd2baK9Hrhe8PtYX1LPJasCTHAEgWyNhqfJmEWvQYg%3D","showOrder":6,"siteOrder":"1","showIcon":true,"iconUrl":"//statics.itc.cn/static/images/mobile/home/20190329/house-making.png"},{"title":"\n  放心搬家","url":"https://m.sohu.com/promotion?posId=19990701&itemId=1000&link=XFKSi8kT0DC78G1YHIUxXVkaZUWTsPAmHw2E51Swk3v7eJ9nphz0R6ds6GDZkdh29QCcQ%2BxcBNaVqWQUwmf1fDUrT7dy1k%2FPPmR1LGn7bSP4m497ARYwKvmswBh0XAKjQbjsgPeN3v1agSZqgWqARwMrOKHyDsq%2B7JHzWDIoRH8%3D","showOrder":7,"siteOrder":"1","showIcon":true,"iconUrl":"//statics.itc.cn/static/images/mobile/home/20190329/house-move.png"},{"title":"\n  热租房源","url":"https://m.sohu.com/promotion?posId=19990801&itemId=1000&link=F1mJNzeZRCP%2By11Emyu%2FdX5eMncRZgDrubMI%2BP%2FC01MIBU2hcDb4WonoNnK7kGzzPF5rYJEOm1M8JTG6oeEBeVVkZxX6SPkjajrJzIsqgKqfo9TkZ6IYDS9X%2FHAW%2F46I8NZooMb8k6RoIOLmaFrCdnYu5mC0GLCoSvHQ7K3%2F0ZU%3D","showOrder":8,"siteOrder":"1","showIcon":true,"iconUrl":"//statics.itc.cn/static/images/mobile/home/20190329/rent-house.png"},{"title":"\n  二手好车","url":"https://m.sohu.com/promotion?posId=19990901&itemId=1000&link=egyai5eOoTFL0kxMCC4GZLf2wQt3b9H0yAqLrdtYDxDLEQsdcy17ABqR9JUdrxgDI7gMC5ZMiuffN92MQ6CAmmeKEuZXHpehz6BlsNOW8zuOE0xaSlRcUSeHK1Y7mBhqTu9NMzC3vcBoSDm3x3cLaz613KM8JfQP%2BCiHqo2GKvg%3D","showOrder":9,"siteOrder":"1","showIcon":true,"iconUrl":"//statics.itc.cn/static/images/mobile/home/20190329/second-car.png"},{"title":"\n  萌宠专区","url":"https://m.sohu.com/promotion?posId=19991001&itemId=1000&link=IWnvy2zHEux4fV1WQC5qdJbnwDzx0iz9zCJL5%2F0q2wl5dV%2BZDiR4nDh%2FnLtjDtvpMLNV55TGoNXjSZ0kzyApB1jVkQFnkcsSdAcwVhFwDwHpQl7OTC%2BS82%2BRav2rraAsNfi6AnROXXsiEXnrxAMgrbhWo%2FuUbbgu%2BOQKc%2Bi5NdQ%3D","showOrder":10,"siteOrder":"1","showIcon":true,"iconUrl":"//statics.itc.cn/static/images/mobile/home/20190329/pet-zone.png"}]},"getDataKey":"LifeService"},{"compName":"JDAD","serverRender":false,"adData":{"itemspaceid":13455,"itemspaceidTest":"","maxTurn":1,"adps":"6400120"}},{"compName":"NavMap","spmCode":"navmap","serverRender":true,"data":{"siteName":"网站地图","sitelink":"#","siteOrder":2,"itemLists":[{"title":"\n  新闻","url":"/ch/8/?_f=m_important_dbdh","showOrder":1,"siteOrder":"2","showIcon":false},{"title":"\n  财经","url":"/ch/15/?_f=m_business_dbdh","showOrder":2,"siteOrder":"2","showIcon":false},{"title":"\n  体育","url":"https://m.sohu.com/z/?_f=m_sports_dbdh","showOrder":3,"siteOrder":"2","showIcon":false},{"title":"\n  娱乐","url":"//m.sohu.com/yule","showOrder":4,"siteOrder":"2","showIcon":false},{"title":"\n  军事","url":"/ch/10/?_f=m_mil_dbdh","showOrder":5,"siteOrder":"2","showIcon":false},{"title":"\n  图库","url":"https://m.sohu.com/c/10/?_f=m_pic_dbdh","showOrder":6,"siteOrder":"2","showIcon":false},{"title":"\n  汽车","url":"https://m.auto.sohu.com/?_f=m_auto_dbdh","showOrder":7,"siteOrder":"2","showIcon":false},{"title":"\n  房产","url":"https://m.focus.cn/?_f=m_focus_dbdh","showOrder":8,"siteOrder":"2","showIcon":false},{"title":"\n  时尚","url":"/ch/23/?_f=m_fashion_dbdh","showOrder":9,"siteOrder":"2","showIcon":false},{"title":"\n  小说","url":"https://book.m.sohu.com/?_once_=000218_rk_mdh","showOrder":10,"siteOrder":"2","showIcon":false},{"title":"\n  历史","url":"/ch/13/?_f=m_history_dbdh","showOrder":11,"siteOrder":"2","showIcon":false},{"title":"\n  科技","url":"/ch/30/?_f=m_it_dbdh","showOrder":12,"siteOrder":"2","showIcon":false}]},"getDataKey":"NavMap"},{"compName":"FooterMenu","spmCode":"footer","serverRender":true,"data":{"links":[{"title":"用户反馈","url":"//passport.zhan.sohu.com/passport/sohu/login-jumpto?callback=https%3A%2F%2Fyonghufankui.kuaizhan.com%2Fclubv2%2Fforums%2FWd8dZEz38guoKtsR","showOrder":1},{"title":"\n  合作","url":"//m.sohu.com/cooperation","showOrder":2}],"year":"Copyright © 2019 Sohu All Rights Reserved","company":"搜狐公司 版权所有"},"getDataKey":"FooterMenu"},{"compName":"BackTop","spmCode":"fx","serverRender":true,"data":[],"spmACode":{"back_top":"3010","back_home":"3013","setto_desktop":"3011","to_next":"3012","feedback":"3030"}},{"compName":"Webclip","spmCode":"app-3","serverRender":true,"data":[],"spmACode":{"download":"3601"}},{"compName":"SliderFix","serverRender":true}],"_randomkey":"1570572508825tddjatv5nj"},"message":""}