{"Content":[{"collections":{},"createDate":"2019/04/24 10:37:20.757 -0700","customProperties":{"AllowPublishing":"Able to Publish","Body":"{\n  \"qa\": {\n    \"google\": true,\n\t\t\"network\": 21743558653,\n\t\t\"cms\": 2495342,\n                \"showPremVideoAds\":true\n  },\n  \"prod\": {\n    \"google\": true,\n\t\t\"network\": 21783347309,\n\t\t\"cms\": 2497009,\n               \"showPremVideoAds\":true\n  }\n}","FileLocation":"na"},"dateformat":"yyyy/MM/dd HH:mm:ss.SSS Z","fullUrl":"http://www.espn.com/No matching template","id":26595639,"lastModifiedDate":"2019/09/19 12:38:13.530 -0700","lastPublishedDate":"2019/09/19 12:38:15.672 -0700","location":"No matching template","name":"Video ad provider config","premium":false,"publishedKey":"na","references":{},"rootUrl":"http://www.espn.com","section":"Production/ESPN","sectionRoot":"gen","site":"ESPN","type":"EditorialInsertFile"}]}