{"buyers":[{"id":10025,"syncurl":"//match.prod.bidr.io/cookie-sync/districtm"},{"id":10026,"syncurl":"https://sync.srv.stackadapt.com/sync?nid=132"},{"id":10007,"syncurl":"//districtm-match.dotomi.com/match/bounce/current?version=1\u0026networkId=33921\u0026nuid=1S0g22qqX7gnSsWP3jaBEpT6xVw\u0026rurl=//dmx.eu-west-1.districtm.io/s/10007/"},{"id":10029,"syncurl":"//pxl.iqm.com/i/ck/districtm?uid=1S0g22qqX7gnSsWP3jaBEpT6xVw"},{"id":10009,"syncurl":"//x.bidswitch.net/sync?ssp=districtm\u0026user_id=1S0g22qqX7gnSsWP3jaBEpT6xVw"}],"r":1570720116}
