{"locales":{"de":{"de":{"lang":"de","localeModalText":"Sie befinden sich außerhalb der USA? Auf der Adobe-Website für Ihre Region finden Sie Informationen zu den für Sie relevanten Preisen, Angeboten und Veranstaltungen.","localeModalButtonText":"Zur Website für Deutschland"}},"hk":{"hk_zh":{"lang":"zh-Hant","localeModalText":"您是從美國以外的地區造訪 Adobe.com 嗎？請造訪您地區的網站了解更多有關定價、促銷和活動的資訊。","localeModalButtonText":"轉到中國香港特別行政區"},"hk_en":{"lang":"en","localeModalText":"Are you visiting Adobe.com from outside the US? Visit your regional site for more relevant pricing, promotions and events.","localeModalButtonText":"Continue to Hong Kong SAR of China"}},"tw":{"tw":{"lang":"zh-Hant","localeModalText":"您是從美國以外的地區造訪 Adobe.com 嗎？請造訪您地區的網站了解更多有關定價、促銷和活動的資訊。","localeModalButtonText":"繼續前往台灣地區版網站"}},"pt":{"pt":{"lang":"pt","localeModalText":"Você está visitando Adobe.com fora dos Estados Unidos? Visite seu site local para ver os preços, promoções e eventos em sua região.","localeModalButtonText":"Continuar para Portugal"}},"dk":{"dk":{"lang":"da","localeModalText":"Besøger du Adobe.com fra et sted uden for USA? Besøg den landespecifikke side for flere relevante prisoplysninger, kampagner og begivenheder.","localeModalButtonText":"Fortsæt til Denmark"}},"lt":{"lt":{"lang":"lt","localeModalText":"Svetainėje Adobe.com lankotės būdami už JAV ribų? Jums geriau pritaikytas kainas, akcijas ir renginius rasite savo regiono svetainėje.","localeModalButtonText":"Eiti į: Lietuva"}},"lu":{"lu_de":{"lang":"de","localeModalText":"Sie befinden sich außerhalb der USA? Auf der Adobe-Website für Ihre Region finden Sie Informationen zu den für Sie relevanten Preisen, Angeboten und Veranstaltungen.","localeModalButtonText":"Zur Website für Luxemburg"},"lu_en":{"lang":"en","localeModalText":"Are you visiting Adobe.com from outside the US? Visit your regional site for more relevant pricing, promotions and events.","localeModalButtonText":"Continue to Luxembourg"},"lu_fr":{"lang":"fr","localeModalText":"Consultez-vous le site Adobe.com depuis un autre pays que les États-Unis ? Visitez votre site régional pour découvrir les tarifs appropriés, les promotions et les événements.","localeModalButtonText":"Aller sur le site luxembourgeois"}},"lv":{"lv":{"lang":"lv","localeModalText":"Jūs apmeklējat Adobe.com esot ārpus ASV? Apmeklējiet savu reģionālo vietni, lai skatītu attiecīgās cenas, piedāvājumus un notikumus.","localeModalButtonText":"Doties uz Latvijas vietni"}},"ua":{"ua":{"lang":"uk","localeModalText":"Переглядаєте Adobe.com за межами США? Відвідайте ваш регіональний сайт, щоб дізнатися більш актуальну інформацію про ціни, акції та події.","localeModalButtonText":"Перейти на сайт для України"}},"hu":{"hu":{"lang":"hu","localeModalText":"Az Egyesült Államokon kívülről kereste fel az Adobe.com webhelyét? Az Önre vonatkozó árakat, promóciókat és eseményeket régióbeli webhelyén találja.","localeModalButtonText":"Továbblépés ide: Magyarország"}},"uk":{"uk":{"lang":"en","localeModalText":"Are you visiting Adobe.com from outside the US? Visit your regional site for more relevant pricing, promotions and events.","localeModalButtonText":"Continue to United Kingdom"}},"ie":{"ie":{"lang":"en","localeModalText":"Are you visiting Adobe.com from outside the US? Visit your regional site for more relevant pricing, promotions and events.","localeModalButtonText":"Continue to Ireland"}},"us":{"us":{"lang":"en","localeModalText":"Are you visiting Adobe.com from outside the US? Visit your regional site for more relevant pricing, promotions and events.","localeModalButtonText":"Continue to United States"}},"ee":{"ee":{"lang":"et","localeModalText":"Kas külastate veebisaiti Adobe.com väljaspoolt USA-d? Külastage oma piirkondlikku saiti, et vaadata asjakohasemaid hindu, pakkumisi ja sündmusi.","localeModalButtonText":"Jätkake Eesti valimisega"}},"africa":{"africa":{"lang":"en","localeModalText":"Are you visiting Adobe.com from outside the US? Visit your regional site for more relevant pricing, promotions and events.","localeModalButtonText":"Continue to Africa"}},"il":{"il_en":{"lang":"en","localeModalText":"Are you visiting Adobe.com from outside the US? Visit your regional site for more relevant pricing, promotions and events.","localeModalButtonText":"Continue to Israel"},"il_he":{"lang":"he","localeModalText":"האם אתם מבקרים באתר Adobe.com מחוץ לארה\"ב? בקרו באתר המקומי לקבלת מידע רלוונטי יותר על מחירים, מבצעים ואירועים.","localeModalButtonText":"המשיכו לישראל"}},"in":{"in":{"lang":"en","localeModalText":"Are you visiting Adobe.com from outside the US? Visit your regional site for more relevant pricing, promotions and events.","localeModalButtonText":"Continue to India"}},"mt":{"mt":{"lang":"en","localeModalText":"Are you visiting Adobe.com from outside the US? Visit your regional site for more relevant pricing, promotions and events.","localeModalButtonText":"Continue to Malta"}},"it":{"it":{"lang":"it","localeModalText":"Se stai visitando Adobe.com da un’area geografica diversa dagli Stati Uniti, accedi al sito del tuo paese per informazioni più pertinenti su prezzi, promozioni ed eventi in corso.","localeModalButtonText":"Continua in Italia"}},"mx":{"mx":{"lang":"es","localeModalText":"¿Estás visitando Adobe.com desde fuera de EE.UU.? Visita tu sitio regional para obtener más información sobre precios, promociones y eventos.","localeModalButtonText":"Continuar a México"}},"es":{"es":{"lang":"es","localeModalText":"¿Estás visitando Adobe.com desde fuera de EE.UU.? Visita tu sitio regional para obtener más información sobre precios, promociones y eventos.","localeModalButtonText":"Ir al sitio web de España"}},"at":{"at":{"lang":"de","localeModalText":"Sie befinden sich außerhalb der USA? Auf der Adobe-Website für Ihre Region finden Sie Informationen zu den für Sie relevanten Preisen, Angeboten und Veranstaltungen.","localeModalButtonText":"Zur Website für &Ouml;sterreich"}},"au":{"au":{"lang":"en","localeModalText":"Are you visiting Adobe.com from outside the US? Visit your regional site for more relevant pricing, promotions and events.","localeModalButtonText":"Continue to Australia"}},"ro":{"ro":{"lang":"ro","localeModalText":"Accesați Adobe.com din afara Statelor Unite? Accesați site-ul dvs. regional pentru prețuri, promoții și evenimente mai relevante pentru dvs.","localeModalButtonText":"Continuați la România"}},"nl":{"nl":{"lang":"nl","localeModalText":"Bezoek je Adobe.com van buiten de Verenigde Staten? Bezoek je regionale site voor relevantere prijzen, promoties en evenementen.","localeModalButtonText":"Ga naar Nederland"}},"no":{"no":{"lang":"no","localeModalText":"Besøker du Adobe.com fra utenfor USA? Gå til ditt regionale område for å se mer relevante priser, kampanjer og arrangementer.","localeModalButtonText":"Fortsett til Norge"}},"be":{"be_en":{"lang":"en","localeModalText":"Are you visiting Adobe.com from outside the US? Visit your regional site for more relevant pricing, promotions and events.","localeModalButtonText":"Continue to Belgium"},"be_fr":{"lang":"fr","localeModalText":"Consultez-vous le site Adobe.com depuis un autre pays que les États-Unis ? Visitez votre site régional pour découvrir les tarifs appropriés, les promotions et les événements.","localeModalButtonText":"Aller sur le site belge"},"be_nl":{"lang":"nl","localeModalText":"Bezoek je Adobe.com van buiten de Verenigde Staten? Bezoek je regionale site voor relevantere prijzen, promoties en evenementen.","localeModalButtonText":"Ga naar België"}},"ru":{"ru":{"lang":"ru","localeModalText":"Просматриваете Adobe.com за пределами США? Посетите региональный сайт и узнайте об актуальных расценках, событиях и предложениях в вашей стране.","localeModalButtonText":"Перейти к сайту для России"}},"fi":{"fi":{"lang":"fi","localeModalText":"Oletko Adobe.com-sivustolla Yhdysvaltojen ulkopuolelta? Saat oman alueesi hintatietoja, tarjouksia ja tietoja tapahtumista Adoben paikalliselta sivustolta.","localeModalButtonText":"Jatka Suomen sivustoon"}},"bg":{"bg":{"lang":"bg","localeModalText":"Посещавате Adobe.com от страна, различна от САЩ? Посетете вашия регионален сайт за по-уместни цени, промоции и събития.","localeModalButtonText":"Продължаване към България"}},"jp":{"jp":{"lang":"ja","localeModalText":"米国外からAdobe.comにアクセスする場合、サイトの地域設定をお住まいの国にしておくと、現地の価格、キャンペーン、イベントが表示されます。","localeModalButtonText":"日本サイトへ移動"}},"nz":{"nz":{"lang":"en","localeModalText":"Are you visiting Adobe.com from outside the US? Visit your regional site for more relevant pricing, promotions and events.","localeModalButtonText":"Continue to New Zealand"}},"fr":{"fr":{"lang":"fr","localeModalText":"Consultez-vous le site Adobe.com depuis un autre pays que les États-Unis ? Visitez votre site régional pour découvrir les tarifs appropriés, les promotions et les événements.","localeModalButtonText":"Aller sur le site français"}},"cis":{"cis_en":{"lang":"en","localeModalText":"Are you visiting Adobe.com from outside the US? Visit your regional site for more relevant pricing, promotions and events.","localeModalButtonText":"Continue to CIS"},"cis_ru":{"lang":"ru","localeModalText":"Просматриваете Adobe.com за пределами США? Посетите региональный сайт и узнайте об актуальных расценках, событиях и предложениях в вашей стране.","localeModalButtonText":"Перейти к сайту для СНГ"}},"sea":{"sea":{"lang":"en","localeModalText":"Are you visiting Adobe.com from outside the US? Visit your regional site for more relevant pricing, promotions and events.","localeModalButtonText":"Continue to Southeast Asia"}},"br":{"br":{"lang":"pt","localeModalText":"O site da Adobe EUA foi otimizado para os usuários dos Estados Unidos. Se você não mora nos EUA, recomendamos que visite o site da sua região para ver as informações mais relevantes, inclusive preços, promoções e eventos locais.","localeModalButtonText":"Continuar para Brasil"}},"se":{"se":{"lang":"sv","localeModalText":"Besöker du Adobe.com från något annat land än USA? Du hittar mer relevanta priser, kampanjer och event på webbplatsen för landet där du befinner dig.","localeModalButtonText":"Fortsätt till Sverige"}},"si":{"si":{"lang":"sl","localeModalText":"Ste Adobe.com obiskali s kraja izven ZDA? Za ustreznejše cene, promocije in dogodke obiščite regionalno spletno mesto.","localeModalButtonText":"Obiščite spletno mesto za Slovenijo"}},"sk":{"sk":{"lang":"sk","localeModalText":"Navštevujete lokalitu Adobe.com z krajiny mimo USA? Navštívte svoju miestnu lokalitu, kde nájdete ceny, propagačné akcie a udalosti platné pre vašu oblasť.","localeModalButtonText":"Prejsť na slovenskú lokalitu"}},"ca":{"ca":{"lang":"en","localeModalText":"Are you visiting Adobe.com from outside the US? Visit your regional site for more relevant pricing, promotions and events.","localeModalButtonText":"Continue to Canada"},"ca_fr":{"lang":"fr","localeModalText":"Consultez-vous le site Adobe.com depuis un autre pays que les États-Unis ? Visitez votre site régional pour découvrir les tarifs appropriés, les promotions et les événements.","localeModalButtonText":"Aller sur le site canadien"}},"ch":{"ch_de":{"lang":"de","localeModalText":"Sie befinden sich außerhalb der USA? Auf der Adobe-Website für Ihre Region finden Sie Informationen zu den für Sie relevanten Preisen, Angeboten und Veranstaltungen.","localeModalButtonText":"Zur Website für die Schweiz"},"ch_fr":{"lang":"fr","localeModalText":"Consultez-vous le site Adobe.com depuis un autre pays que les États-Unis ? Visitez votre site régional pour découvrir les tarifs appropriés, les promotions et les événements.","localeModalButtonText":"Aller sur le site suisse"},"ch_it":{"lang":"it","localeModalText":"Se stai visitando Adobe.com da un’area geografica diversa dagli Stati Uniti, accedi al sito del tuo paese per informazioni più pertinenti su prezzi, promozioni ed eventi in corso.","localeModalButtonText":"Continua in Svizzera"}},"kr":{"kr":{"lang":"ko","localeModalText":"미국 이외의 지역에서 Adobe.com을 방문하시나요? 보다 관련 있는 가격 정보, 프로모션, 이벤트 등을 확인하려면 한국 사이트를 방문하세요.","localeModalButtonText":"한국 사이트 이용"}},"gr":{"gr_en":{"lang":"en","localeModalText":"Are you visiting Adobe.com from outside the US? Visit your regional site for more relevant pricing, promotions and events.","localeModalButtonText":"Continue to Greece"}},"cn":{"cn":{"lang":"zh-Hans","localeModalText":"是否要从美国境外访问 Adobe.com？请访问您的区域网站，了解更多相关定价、促销和活动信息。","localeModalButtonText":"转到中国"}},"la":{"la":{"lang":"es","localeModalText":"¿Estás visitando Adobe.com desde fuera de EE.UU.? Visita tu sitio regional para obtener más información sobre precios, promociones y eventos.","localeModalButtonText":"Continuar a Latinoamérica"}},"cy":{"cy_en":{"lang":"en","localeModalText":"Are you visiting Adobe.com from outside the US? Visit your regional site for more relevant pricing, promotions and events.","localeModalButtonText":"Continue to Cyprus"}},"cz":{"cz":{"lang":"cs","localeModalText":"Otevřeli jste stránky Adobe.com v jiné zemi než USA? Přejděte na stránky svého regionu, kde najdete ceny, propagační akce a události, které se jej týkají.","localeModalButtonText":"Přejít na web země: Česká republika"}},"mena":{"mena_ar":{"lang":"ar","localeModalText":"هل تدخل على Adobe.com من خارج الولايات المتحدة؟ تفضل بزيارة موقعك المحلي لعرض أسعار وعروض وفعاليات أكثر صلة.","localeModalButtonText":"المتابعة للشرق الأوسط وشمال أفريقيا"},"mena_en":{"lang":"en","localeModalText":"Are you visiting Adobe.com from outside the US? Visit your regional site for more relevant pricing, promotions and events.","localeModalButtonText":"Continue to Middle East and North Africa"}},"pl":{"pl":{"lang":"pl","localeModalText":"Odwiedzasz witrynę Adobe.com spoza USA? Aby poznać adekwatne ceny, promocje i wydrzenia, odwiedź witrynę regionalną.","localeModalButtonText":"Przejdź do witryny polskiej"}},"tr":{"tr":{"lang":"tr","localeModalText":"Adobe.com sitesini ABD dışında bir ülkeden mi ziyaret ediyorsunuz? Bulunduğunuz ülkenin fiyatları, promosyonları ve etkinlikleri için yerel sitenizi ziyaret edin.","localeModalButtonText":"Türkiye ile devam et"}}}}