{"als_test_clientside":"mweb_https://www.nytimes.com/pages/index.html_none_none_0_20191010111735","User":{"aid":"Nzjrv6kaNhyXrkdWpD_P74","userType":"anon","regiId":"0","watSegs":"","activeBundles":[],"subscriberType":"","activeSubscriberSince":"","engagementLevel":"0","sessionIndex":"1","sessionStart":"1570706255706","totalSessionTime":"1570706255706","lastRequest":"1570706255706","prevRequest":"0","firstSeen":"1570706255706","browserSession":"1","pageIndex":"1","avgSessionTime":"1570706255706","firstReferrer":"","firstLanding":"","activeDays":"[0,0,0,0,0,0,0,0,0,0,0,0,0,0,0,0,0,0,0,0,0,0,0,0,0,0,0,0,0,1]","uid":"0","adv":"1","a7dv":"1","a14dv":"1","a21dv":"1","lastKnownType":"anon","isNewSession":"1","actioniq":[],"otherBundle":"","giftSubscriptionRecipient":"","childSubscription":"","b2bSubscription":"","coreOnPromotion":"","formerCoreSubscriber":"","formerHDSubscriber":"","formerEduSubscriber":"","marketingOptIn":"","formerCrosswordSubscriber":"","formerCookingSubscriber":"","giftGiver":"","otherStartDate":"","digiGrace":"","gatewayHitLM":"","cookingGrace":"","crosswordsGrace":"","regiTenure":"","nytdOtherBundle":"","nytdOtherSource":"","nytdOtherPromotion":"","nytdOtherGrace":"","nytdOtherCampaign":"","version":"v2-0-2.421594132590608263","assetWordCount":"0","assetDerivedDesk":"","isLoggedIn":"false","marketingValues":"adv_1,engagement_0,type_anon,logf"},"Asset":{"pt":[],"IsViral":"","IsViralOnSocial":"","gscat":["neg_mastercard","gs_politics","neg_hearts","neg_ibmtest","gs_entertain","gs_politics_misc","gs_politics_american","gs_science","neg_ibm","gv_death_injury","gs_science_environ"],"typ":"","keywords":"","artlen":"","ledemedsz":"","template":"","tone":"","col":"","coll":"","auth":"","section":"","siSection":"","catalogueKeywords":"","brandsensitive":"","gui":"","per":"","org":"","spon":"","geo":"","des":"","edn":"","plat":"mweb","prop":"mnyt","tt":"","mt":[]}}