{"n":{"m":[{"t":"Creativity & Design","l":"true","i":"Globalnav.Creativity_Design","c":[{"h":"Creative Cloud plans","i":"Globalnav.Creativity_Design.Plans","c":[{"t":"What is Creative Cloud?","i":"Globalnav.Creativity_Design.Plans.What_is_Creative_Cloud_","d":"Creative apps and services for everyone","u":"//www.adobe.com/creativecloud.html?promoid=NGWGRLB2&mv=other"},{"t":"Photographers","i":"Globalnav.Creativity_Design.Plans.Photographers","d":"Lightroom, Photoshop, and more","u":"//www.adobe.com/creativecloud/photography.html?promoid=NQCJRBTZ&mv=other"},{"t":"Students & teachers","i":"Globalnav.Creativity_Design.Plans.Students_teachers","d":"Save over 60% on Creative Cloud","u":"//www.adobe.com/creativecloud/buy/students.html?promoid=P79NQTWV&mv=other"},{"t":"Small & medium business","i":"Globalnav.Creativity_Design.Plans.Small_medium_business","d":"Creative apps and services for teams","u":"//www.adobe.com/creativecloud/business/teams.html?promoid=NYTLR3CX&mv=other"},{"t":"Enterprise","i":"Globalnav.Creativity_Design.Plans.Enterprise","d":"Solutions for large organizations","u":"//www.adobe.com/creativecloud/business/enterprise.html?promoid=NV3KR73Y&mv=other"},{"t":"Schools & universities","i":"Globalnav.Creativity_Design.Plans.Schools_universities","d":"Simple administration and licensing","u":"//www.adobe.com/education.html?promoid=NLMHRGL1&mv=other"},{"t":"View all plans & pricing","i":"Globalnav.Creativity_Design.Plans.View_all_plans_pricing","u":"//www.adobe.com/creativecloud/plans.html?promoid=P3KMQYMW&mv=other","b":"primaryButton"}]},{"h":"Featured products","i":"Globalnav.Creativity_Design.Featured_products","c":[{"t":"Photoshop","i":"Globalnav.Creativity_Design.Featured_products.Photoshop","d":"Image editing and design","u":"//www.adobe.com/products/photoshop.html?promoid=PC1PQQ5T&mv=other"},{"t":"Lightroom","i":"Globalnav.Creativity_Design.Featured_products.Lightroom_CC","d":"The cloud-based photo service","u":"//www.adobe.com/products/photoshop-lightroom.html?promoid=RL89NGLD&mv=other"},{"t":"Illustrator","i":"Globalnav.Creativity_Design.Featured_products.Illustrator","d":"Vector graphics and illustration","u":"//www.adobe.com/products/illustrator.html?promoid=PGRQQLFS&mv=other"},{"t":"Premiere Pro","i":"Globalnav.Creativity_Design.Featured_products.Premiere_Pro","d":"Video editing and production","u":"//www.adobe.com/products/premiere.html?promoid=PQ7SQBYQ&mv=other"},{"t":"XD","i":"Globalnav.Creativity_Design.Featured_products.XD","d":"User experience design and prototyping","u":"//www.adobe.com/products/xd.html?promoid=PYPVQ3HN&mv=other"},{"t":"Adobe Stock","i":"Globalnav.Creativity_Design.Featured_products.Adobe_Stock","d":"Images, templates, and videos","u":"https://stock.adobe.com/?promoid=KSSOV&as_channel=adobe_com&as_source=profile_menu&as_campclass=brand&as_campaign=may2017&as_audience=users&as_content=globalnav","o":"true"},{"t":"View all products","i":"Globalnav.Creativity_Design.Featured_products.View_all_products","u":"//www.adobe.com/creativecloud/catalog/desktop.html?promoid=PTYTQ77P&mv=other"}]}]},{"t":"Marketing & Commerce","l":"true","i":"Globalnav.Marketing_Analytics","c":[{"h":"Products and solutions","i":"Globalnav.Marketing_Analytics.Products_and_solutions","c":[{"t":"What is Experience Cloud?","i":"Globalnav.Marketing_Analytics.Products_and_solutions.What_is_Experience_Cloud_","d":"Digital experience solutions","u":"//www.adobe.com/experience-cloud.html?promoid=FZPQZ2HS&mv=other"},{"t":"View all products","i":"Globalnav.Marketing_Analytics.Products_and_solutions.View_all_products","d":"Everything in Experience Cloud","u":"https://www.adobe.com/what-is-adobe-experience-cloud.html?promoid=K7SLVSJZ&mv=other"},{"t":"Adobe Experience Platform","i":"Globalnav.Marketing_Analytics.Products_and_solutions.Adobe_Experience_Platform","d":"Foundation for experiences","u":"https://www.adobe.com/experience-platform.html?promoid=7RZ3687B&mv=other"},{"t":"Personalized Learning","i":"Globalnav.Marketing_Analytics.Products_and_solutions.Experience_League","d":"Experience League: Path to Success","u":"https://guided.adobe.com/?promoid=Q75XPSMF&mv=other#recommended/solutions/analytics","o":"true"},{"t":"Use cases","i":"Globalnav.Marketing_Analytics.Products_and_solutions.Use_Cases","d":"Addressing your challenges","u":"//www.adobe.com/experience-cloud/use-cases.html?promoid=GCWTYP9P&mv=other"},{"t":"IT resources","i":"Globalnav.Marketing_Analytics.Products_and_solutions.IT_Resources","d":"Information for IT leaders","u":"https://www.adobe.com/experience-cloud-it.html?promoid=61PM7ZKG&mv=other"},{"t":"Services & Support","i":"Globalnav.Marketing_Analytics.Products_and_solutions.Service_support","d":"Consulting, training, and customer care","u":"//www.adobe.com/experience-cloud/service-support.html?promoid=GR3XYB3L&mv=other"}]},{"h":"Featured products","i":"Globalnav.Marketing_Analytics.Featured_products","c":[{"t":"Advertising Cloud","i":"Globalnav.Marketing_Analytics.Featured_products.Advertising_Cloud","d":"Cross-channel advertising platform","u":"//www.adobe.com/advertising-cloud.html?promoid=PTYTQ6LQ&amp;mv=other"},{"t":"Analytics","i":"Globalnav.Marketing_Analytics.Featured_products.Analytics","d":"Real-time analytics","u":"//www.adobe.com/data-analytics-cloud/analytics.html?promoid=GVTYY6CK&mv=other"},{"t":"Audience Manager","i":"Globalnav.Marketing_Analytics.Featured_products.Audience_Manager","d":"Audience profile management","u":"//www.adobe.com/data-analytics-cloud/audience-manager.html?promoid=H4B1XXWH&mv=other"},{"t":"Campaign","i":"Globalnav.Marketing_Analytics.Featured_products.Campaign","d":"Campaign management and delivery","u":"//www.adobe.com/marketing-cloud/campaign.html?promoid=GZKZY2MJ&mv=other"},{"t":"Experience Manager","i":"Globalnav.Marketing_Analytics.Featured_products.Experience_Manager","d":"Content management solution","u":"//www.adobe.com/marketing-cloud/experience-manager.html?promoid=HCS3XPFF&mv=other"},{"t":"Commerce Cloud","i":"Globalnav.Marketing_Analytics.Featured_products.Magento_Commerce_Cloud","d":"Modern commerce platform","u":"//www.adobe.com/commerce/magento.html?promoid=XXTQH3K6&mv=other"},{"t":"Marketo Engage","i":"Globalnav.Marketing_Analytics.Featured_products.Marketo_Engagement_Platform","d":"Lead management and B2B marketing","u":"https://www.adobe.com/marketing/marketo.html?promoid=H822XS19&mv=other"}]}]},{"t":"PDF & E-signatures","l":"true","i":"Globalnav.Documents_and_E_Signatures","c":[{"h":"Featured products","i":"Globalnav.Documents_and_E_Signatures.Featured_products","c":[{"t":"Adobe Acrobat","i":"Globalnav.Documents_and_E_Signatures.Featured_products.Acrobat_DC","d":"The complete PDF solution","u":"https://acrobat.adobe.com/us/en/acrobat.html?promoid=C12Y324S&mv=other"},{"t":"Adobe Sign","i":"Globalnav.Documents_and_E_Signatures.Featured_products.Adobe_Sign","d":"The world’s top e-signature solution","u":"https://acrobat.adobe.com/us/en/sign.html?promoid=C8K12SNQ&mv=other"},{"t":"Reader DC","i":"Globalnav.Documents_and_E_Signatures.Featured_products.Reader_DC","d":"View, print, and annotate PDFs","u":"https://acrobat.adobe.com/us/en/acrobat/pdf-reader.html?promoid=C4SZ2XDR&mv=other"},{"t":"PDF Pack","i":"Globalnav.Documents_and_E_Signatures.Featured_products.PDF_Pack","d":"PDF tools for everyday","u":"https://acrobat.adobe.com/us/en/acrobat/pdf-pack-pricing.html?promoid=CD922NXP&mv=other"},{"t":"Export PDF","i":"Globalnav.Documents_and_E_Signatures.Featured_products.Export_PDF","d":"Convert PDFs to Word or Excel","u":"https://acrobat.adobe.com/us/en/acrobat/export-pdf-online-pricing.html?promoid=CJ132K6N&mv=other"},{"t":"Mobile","i":"Globalnav.Documents_and_E_Signatures.Featured_products.mobile","d":"Work on documents anywhere","u":"https://acrobat.adobe.com/us/en/mobile.html?promoid=CMR42FGM&mv=other"},{"t":"Acrobat plans & pricing","i":"Globalnav.Documents_and_E_Signatures.Featured_products.View_all_plans_pricing","u":"https://acrobat.adobe.com/us/en/acrobat/pricing.html?promoid=TTGWL7MX&mv=other","b":"primaryButton"}]},{"h":"Overview","i":"Globalnav.Documents_and_E_Signatures.Overview","c":[{"t":"Enterprise","i":"Globalnav.Documents_and_E_Signatures.Overview.Solutions","d":"Document management solutions","u":"https://acrobat.adobe.com/us/en/business.html?promoid=1K8FDHGZ&mv=other"},{"t":"Partner Integrations","i":"Globalnav.Documents_and_E_Signatures.Overview.Integrations","d":"Drive success with Adobe integrations","u":"https://acrobat.adobe.com/us/en/business/integrations.html?promoid=1NZGDCQY&mv=other"},{"t":"Trust Center","i":"Globalnav.Documents_and_E_Signatures.Overview.trust_center","d":"Secure service operations","u":"//www.adobe.com/trust.html?promoid=226KCZJV&mv=other"},{"t":"Learn & Support","i":"Globalnav.Documents_and_E_Signatures.Overview.learn_support","d":"Tutorials, guides, community forums","u":"https://helpx.adobe.com/support/document-cloud.html?promoid=D8F91SSG&mv=other"}]}]},{"t":"Business Solutions","l":"true","i":"Globalnav.Business_Solutions","c":[{"i":"Globalnav.Business_Solutions.Column0","c":[{"t":"Enterprise","i":"Globalnav.Business_Solutions.Column0.Enterprise","d":"Digital transformation and experiences","u":"//www.adobe.com/enterprise.html?promoid=QQ42PC3G&mv=other"},{"t":"Small & medium business","i":"Globalnav.Business_Solutions.Column0.Small_and_medium_business","d":"Solutions for teams of any size","u":"//www.adobe.com/creativecloud/business.html?promoid=Q75XPV1L&mv=other"},{"t":"Thought Leadership","i":"Globalnav.Business_Solutions.Column0.Insights","d":"Visit CMO by Adobe","u":"https://cmo.adobe.com?promoid=6JMR7HXS&mv=other"},{"t":"Adobe Sensei","i":"Globalnav.Business_Solutions.Column0.Adobe_Sensei","d":"AI and machine learning","u":"//www.adobe.com/sensei.html?promoid=6NCS7D6R&mv=other"},{"t":"Industries","i":"Globalnav.Business_Solutions.Column0.Industries","d":"Solutions for any industry","u":"//www.adobe.com/industries.html?promoid=QLD1PGTH&mv=other"},{"t":"Digital Learning Solutions","i":"Globalnav.Business_Solutions.Column0.Digital_Learning_Solutions","d":"Create and deliver eLearning experiences","u":"//www.adobe.com/elearning.html?promoid=V6NZKVC9&mv=other"}]},{"i":"Globalnav.Business_Solutions.Column1","c":[{"t":"Privacy, Trust & GDPR","i":"Globalnav.Business_Solutions.Column1.Privacy_Trust","d":"Our policies and processes","u":"//www.adobe.com/trust.html?promoid=M7K4SSY3&mv=other"},{"t":"Customer showcase","i":"Globalnav.Business_Solutions.Column1.Customer_showcase","d":"Featured customer stories","u":"//www.adobe.com/customershowcase.html?promoid=QBWYPQ9K&mv=other"},{"t":"Services & Support","i":"Globalnav.Business_Solutions.Column1.Service_support","d":"Consulting, training, and customer care","u":"//www.adobe.com/experience-cloud/service-support.html?promoid=322TC13C&mv=other"},{"t":"Partners","i":"Globalnav.Business_Solutions.Column1.Partners","d":"Get help or become a partner","u":"//www.adobe.com/partners.html?promoid=QTV3P7CF&mv=other"},{"t":"Adobe Exchange","i":"Globalnav.Business_Solutions.Column1.Adobe_Exchange","d":"Find apps, extensions, and integration","u":"https://www.adobeexchange.com/?promoid=6S3T78GQ&mv=other"}]}]},{"t":"Support","l":"true","i":"Globalnav.Support","c":[{"i":"Globalnav.Support.Column0","c":[{"t":"Help Center","i":"Globalnav.Support.Column0.Help_Center","d":"Troubleshooting and how-tos","u":"https://helpx.adobe.com/support.html?promoid=RGJ8NLP8&mv=other"},{"t":"Community forums","i":"Globalnav.Support.Column0.Community_forums","d":"Ask the community","u":"https://forums.adobe.com/welcome?promoid=RBS7NQF9&mv=other"},{"t":"Enterprise Support","i":"Globalnav.Support.Column0.Enterprise_support","d":"Dedicated help for large organizations","u":"https://helpx.adobe.com/contact/enterprise-support.html?promoid=9DJJ4N2L&mv=other"},{"t":"Download & install","i":"Globalnav.Support.Column0.Download_Install","d":"Get started now","u":"https://www.adobe.com/creativecloud/catalog/desktop.html?promoid=RL89NGY7&mv=other"},{"t":"Contact us","i":"Globalnav.Support.Column0.Contact_us","u":"#","b":"jarvisButton"}]}]}],"s":"Search ","a":"See all search results","y":"Try our advanced search","l":"Sign In","t":10,"n":"Navigation Menu","r":"More","p":"Globalnav","v":"latest","j":"latest"},"f":{"c":{"r":"Change region","c":"Copyright © 2019 Adobe. All rights reserved.","v":"AdChoices"},"m":[{"t":"Products","i":"Globalnav.Products","c":[{"h":"Creative Cloud","i":"Globalnav.Products.Creative_Cloud","u":"//www.adobe.com/creativecloud.html?promoid=ZP46FD38&mv=other"},{"h":"Experience Cloud","i":"Globalnav.Products.Experience_Cloud","u":"//www.adobe.com/experience-cloud.html?promoid=Z9X3FR9C&mv=other"},{"h":"Document Cloud","i":"Globalnav.Products.Document_Cloud","u":"https://acrobat.adobe.com/us/en/?promoid=ZKD5FHT9&mv=other"},{"h":"Elements 2020 Family","i":"Globalnav.Products.Elements_15_Family","u":"//www.adobe.com/products/elements-family.html?promoid=V2XYKZ3B&mv=other"},{"h":"Special offers","i":"Globalnav.Products.Special_offers","u":"//www.adobe.com/products/special-offers.html?promoid=ZSV7F8C7&mv=other"},{"h":"View all products","i":"Globalnav.Products.View_all_products","u":"https://www.adobe.com/products/catalog.html?types=pf_252Fdesktop&types=pf_252Fmobile&types=pf_252Fweb&promoid=ZFN4FMKB&mv=other"}]},{"t":"Blogs & Community","a":"true","i":"Globalnav.Blogs_Community","c":[{"h":"Adobe Blog","i":"Globalnav.Blogs_Community.The_Adobe_Blog","u":"https://theblog.adobe.com/?promoid=KLZPVFQY&mv=other","o":"true"},{"h":"Adobe I/O","i":"Globalnav.Blogs_Community.Adobe_io","u":"https://www.adobe.io/?promoid=1SQHD8GY&mv=other","o":"true"},{"h":"Create Magazine","i":"Globalnav.Blogs_Community.Create_Magazine","u":"http://create.adobe.com/?promoid=162BDW54&mv=other","o":"true"},{"h":"Behance","i":"Globalnav.Blogs_Community.Behance","u":"http://behance.net/?promoid=ZXL8F4M6&mv=other","o":"true"},{"h":"99U","i":"Globalnav.Blogs_Community.99u","u":"http://99u.com/?promoid=1FJDDMP2&mv=other","o":"true"},{"h":"CMO.com","i":"Globalnav.Blogs_Community.CMO_com","u":"http://www.cmo.com/?promoid=1K8FDHY1&mv=other","o":"true"},{"h":"View all","i":"Globalnav.Blogs_Community.View_all","u":"http://news.adobe.com/blogs-social/?promoid=226KCZZW&mv=other","o":"true"}]},{"t":"Support","i":"Globalnav.Support","c":[{"h":"Help Center","i":"Globalnav.Support.Help_Center","u":"https://helpx.adobe.com/support.html?promoid=1XGJD4QX&mv=other"},{"h":"Community forums","i":"Globalnav.Support.Community_Forums","u":"https://forums.adobe.com/welcome?promoid=29NMCRJT&mv=other"},{"h":"Enterprise Support","i":"Globalnav.Support.Enterprise_support","u":"https://helpx.adobe.com/contact/enterprise-support.html?promoid=9MZL4DLJ&mv=other"},{"h":"Download & install","i":"Globalnav.Support.Download_and_Install","u":"https://helpx.adobe.com/download-install.html?promoid=2K4PCJ2R&mv=other"}]},{"t":"Adobe","i":"Globalnav.Adobe","c":[{"h":"About","i":"Globalnav.Adobe.About","u":"//www.adobe.com/about-adobe.html?promoid=2NVQCDBQ&mv=other"},{"h":"Newsroom","i":"Globalnav.Adobe.Newsroom","u":"http://www.adobe.com/news-room.html?promoid=2SLRC8LP&mv=other"},{"h":"Corporate Responsibility","i":"Globalnav.Adobe.Corporate_Responsibility","u":"//www.adobe.com/about-adobe/corporate-responsibility.html?promoid=322TC14M&mv=other"},{"h":"Investor Relations","i":"Globalnav.Adobe.Investor_Relations","u":"https://www.adobe.com/investor-relations.html?promoid=2XBSC4VN&mv=other"},{"h":"Supply Chain","i":"Globalnav.Adobe.Supply_Chain","u":"//www.adobe.com/about-adobe/corporate-responsibility/supply-chain.html?promoid=Z9X3FQLZ&mv=other"},{"h":"Trust Center","i":"Globalnav.Adobe.Trust_Center","u":"//www.adobe.com/trust.html?promoid=6WTV74QP&mv=other"},{"h":"Events","i":"Globalnav.Adobe.Events","u":"//www.adobe.com/about-adobe/events.html?promoid=39JWBRNK&mv=other"},{"h":"Careers","i":"Globalnav.Adobe.Careers","u":"//www.adobe.com/careers.html?promoid=35SVBWDL&mv=other"},{"h":"Diversity & inclusion","i":"Globalnav.Adobe.Diversity_inclusion","u":"//www.adobe.com/diversity.html?promoid=T32PLY3F&mv=other"},{"h":"Integrity","i":"Globalnav.Adobe.Integrity","u":"https://www.adobe.com/about-adobe/integrity.html"}]}],"s":[{"t":"Facebook","i":"Globalnav.social.Facebook","u":"http://www.facebook.com/adobe","o":"true","s":"facebook"},{"t":"Twitter","i":"Globalnav.social.Twitter","u":"https://twitter.com/Adobe","o":"true","s":"twitter"},{"t":"LinkedIn","i":"Globalnav.social.LinkedIn","u":"https://www.linkedin.com/company/adobe","o":"true","s":"linkedin"},{"t":"Instagram","i":"Globalnav.social.Instagram","u":"https://www.instagram.com/adobe/","o":"true","s":"instagram"}],"d":[{"t":"Adobe Acrobat Reader DC","i":"Globalnav.download.Acrobat_Reader_DC","u":"https://get.adobe.com/reader/","d":"reader"},{"t":"Adobe Flash Player","i":"Globalnav.download.Adobe_Flash_Player","u":"https://get.adobe.com/flashplayer/","d":"flash"},{"t":"Adobe AIR","i":"Globalnav.download.Adobe_Air","u":"https://get.adobe.com/air/","d":"air"}],"p":[{"t":"Privacy","i":"Globalnav.copyright.Privacy","u":"//www.adobe.com/privacy.html"},{"t":"Terms of Use","i":"Globalnav.copyright.Terms_of_Use","u":"//www.adobe.com/legal/terms.html"},{"t":"Cookies","i":"Globalnav.copyright.Cookies","u":"//www.adobe.com/privacy/cookies.html"}]},"p":{"m":[{"t":"Creative Cloud home","c":"cc","i":"Globalnav.Creative_Cloud_home","h":"true","u":"//www.adobe.com/creativecloud.html"},{"t":"Marketing Cloud home","c":"mc","i":"Globalnav.Marketing_Cloud_home","h":"true","u":"//www.adobe.com/marketingcloud.html"},{"t":"Document Cloud home","c":"dc","i":"Globalnav.Document_Cloud_home","h":"true","u":"//www.adobe.com/procurement.html"}],"v":"Adobe Account","b":"Behance","s":"Sign Out","t":"Manage team","u":"https://adminconsole.adobe.com/team?promoid=KRUVJ","e":"Manage enterprise","w":"https://adminconsole.adobe.com/?promoid=KRUVK"},"s":{"s":"Search ","a":"See all search results","y":"Try our advanced search"}}