{"fieldTypes":{"newsItem":"LongText","linkUrl":"URL","linkText":"Text"},"items":[{"createdBy":"emilyti","locale":"en_US","author":"amyhorn","dateUpdated":"2019-08-14T16:53:33+0000","score":0.0,"name":"Globe \u0026 Mail","numImpressions":0,"dateCreated":"2018-08-31T18:18:46+0000","additionalFields":{"newsItem":"\u003cp\u003eThe Globe and\u0026nbsp;Mail has chosen AWS as its preferred cloud provider as it aims to deliver\u0026nbsp;new experiences for readers and improve\u0026nbsp;operational efficiency.\u003c/p\u003e\r\n","linkUrl":"https://press.aboutamazon.com/news-releases/news-release-details/globe-and-mail-selects-aws-its-preferred-cloud-provider","linkText":"Read the press release"},"id":"newsticker#vice","directoryId":"newsticker","lastUpdatedBy":"amyhorn"},{"createdBy":"emilyti","locale":"en_US","author":"amyhorn","dateUpdated":"2019-08-28T21:16:14+0000","score":0.0,"name":"Argo AI","numImpressions":0,"dateCreated":"2018-08-31T18:18:18+0000","additionalFields":{"newsItem":"\u003cp\u003eArgo AI\u0026nbsp;is using AWS to train 3D-image data models to support its\u0026nbsp;goal of delivering an\u0026nbsp;autonomous vehicle self-driving system by 2021.\u003c/p\u003e\r\n"},"id":"newsticker#global-exchange","directoryId":"newsticker","lastUpdatedBy":"amyhorn"},{"createdBy":"emilyti","locale":"en_US","author":"amyhorn","dateUpdated":"2019-09-11T20:22:16+0000","score":0.0,"name":"Natura","numImpressions":0,"dateCreated":"2018-08-31T18:17:20+0000","additionalFields":{"newsItem":"\u003cp\u003eGlobal cosmetics group Natura\u0026nbsp;migrated from an on-premises model to AWS, integrating mobile applications, artificial intelligence, and productivity tools, and connecting 1.7 million beauty consultants.\u003c/p\u003e\r\n"},"id":"newsticker#yelp","directoryId":"newsticker","lastUpdatedBy":"amyhorn"},{"createdBy":"emilyti","locale":"en_US","author":"amyhorn","dateUpdated":"2019-08-16T18:07:04+0000","score":0.0,"name":"Cerner","numImpressions":0,"dateCreated":"2018-08-31T18:11:53+0000","additionalFields":{"newsItem":"\u003cp\u003eCerner has chosen AWS as its preferred cloud provider to double down on its focus to disrupt healthcare.\u003c/p\u003e\r\n","linkUrl":"https://www.globenewswire.com/news-release/2019/07/30/1893614/0/en/Cerner-Leads-New-Era-of-Health-Care-Innovation.html","linkText":"Read the press release"},"id":"newsticker#pitney-bowes","directoryId":"newsticker","lastUpdatedBy":"amyhorn"},{"createdBy":"emilyti","locale":"en_US","author":"amyhorn","dateUpdated":"2019-09-26T16:09:34+0000","score":0.0,"name":"Voodoo","numImpressions":0,"dateCreated":"2018-08-31T18:08:40+0000","additionalFields":{"newsItem":"\u003cp\u003eMobile gaming\u003cstrong\u003e\u003cstrong\u003e\u0026nbsp;\u003c/strong\u003e\u003c/strong\u003ecompany Voodoo is using SageMaker to power an efficient in-game ad recommendation engine.\u003c/p\u003e\r\n"},"id":"newsticker#pfizer","directoryId":"newsticker","lastUpdatedBy":"amyhorn"},{"createdBy":"emilyti","locale":"en_US","author":"sjjeglum","dateUpdated":"2019-07-11T23:52:36+0000","score":0.0,"name":"Pro Football Focus","numImpressions":0,"dateCreated":"2018-08-31T18:04:36+0000","additionalFields":{"newsItem":"\u003cp\u003ePro Football Focus, a subscription-based sports analytics service,\u0026nbsp;selected AWS as its official cloud and machine-learning provider.\u003c/p\u003e\r\n","linkUrl":"https://press.aboutamazon.com/news-releases/news-release-details/pro-football-focus-selects-aws-its-official-cloud-and-machine","linkText":"Read the press release"},"id":"newsticker#verizon","directoryId":"newsticker","lastUpdatedBy":"sjjeglum"}],"metadata":{"count":6}}