{"results":{"current":[{"location":"249528","phrase":"MOSTLY CLOUDY","description":"Mostly cloudy","temp":61,"temp_unit":"F","aptemp":65,"aptemp_unit":"F","wndchl":61,"wndchl_unit":"F","rhumid":63,"wind_dir":"W","windspeed":20.7,"windspeed_unit":"mi/h","pressure":"29.83","pressure_unit":"inHg","visibility":10,"visibility_unit":"mi","icon":"06","image":"https://static01.nytimes.com/images/apps/weather/6.gif","updated":"2019-10-10 11:17:28","city":"Amstelveen","state":"NH","country":"Netherlands","zipcode":"","date":"2019-10-10T11:17:28+00:00"}],"seven_day_forecast":[{"location":"249528","day":"Thursday","icon":"14","image":"https://static01.nytimes.com/images/apps/weather/14.gif","high":61,"high_unit":"F","low":55,"low_unit":"F","phrase":"Intervals of clouds and sunshine with a brief shower or two; breezy","updated":"2019-10-10 11:17:28","city":"Amstelveen","state":"NH","country":"Netherlands","zipcode":"","date":"2019-10-10T07:00:00+02:00"},{"location":"249528","day":"Friday","icon":"18","image":"https://static01.nytimes.com/images/apps/weather/18.gif","high":61,"high_unit":"F","low":55,"low_unit":"F","phrase":"Breezy with periods of rain","updated":"2019-10-10 11:17:28","city":"Amstelveen","state":"NH","country":"Netherlands","zipcode":"","date":"2019-10-11T07:00:00+02:00"},{"location":"249528","day":"Saturday","icon":"18","image":"https://static01.nytimes.com/images/apps/weather/18.gif","high":59,"high_unit":"F","low":53,"low_unit":"F","phrase":"Periods of rain","updated":"2019-10-10 11:17:28","city":"Amstelveen","state":"NH","country":"Netherlands","zipcode":"","date":"2019-10-12T07:00:00+02:00"},{"location":"249528","day":"Sunday","icon":"13","image":"https://static01.nytimes.com/images/apps/weather/13.gif","high":69,"high_unit":"F","low":54,"low_unit":"F","phrase":"Clouds giving way to some sun with spotty showers","updated":"2019-10-10 11:17:28","city":"Amstelveen","state":"NH","country":"Netherlands","zipcode":"","date":"2019-10-13T07:00:00+02:00"},{"location":"249528","day":"Monday","icon":"18","image":"https://static01.nytimes.com/images/apps/weather/18.gif","high":65,"high_unit":"F","low":53,"low_unit":"F","phrase":"Rain at times","updated":"2019-10-10 11:17:28","city":"Amstelveen","state":"NH","country":"Netherlands","zipcode":"","date":"2019-10-14T07:00:00+02:00"}],"is_default":false}}