{"d_mid":"45970242985318937912803113538743054693","id_sync_ttl":604800,"d_blob":"RKhpRz8krg2tLO6pguXWp5olkAcUniQYPHaMWWgdJ3xzPWQmdj0y","dcs_region":6,"d_ottl":7200,"ibs":[{"id":"269","ttl":10080,"tag":"img","fireURLSync":0,"syncOnPage":0,"url":["//sync.mathtag.com/sync/img?mt_exid=10004&mt_exuid=45765017985824375212787237737067595243&redir=https%3A%2F%2Fdpm.demdex.net%2Fibs%3Adpid%3D269%26dpuuid%3D[MM_UUID]%26ddsuuid%3d45765017985824375212787237737067595243"]},{"id":"60","ttl":14400,"tag":"img","fireURLSync":0,"syncOnPage":0,"url":["//idsync.rlcdn.com/365868.gif?partner_uid=45765017985824375212787237737067595243"]},{"id":"411","ttl":10080,"tag":"img","fireURLSync":1,"syncOnPage":1,"url":["//cm.everesttech.net/cm/dd?d_uuid=45765017985824375212787237737067595243"]},{"id":"540","ttl":1440,"tag":"img","fireURLSync":0,"syncOnPage":0,"url":["//pixel.tapad.com/idsync/ex/receive?partner_id=ADB&partner_url=https%3A%2F%2Fdpm.demdex.net%2Fibs%3Adpid%3D540%26dpuuid%3D%24%7BTA_DEVICE_ID%7D&partner_device_id=45765017985824375212787237737067595243"]},{"id":"601","ttl":20160,"tag":"img","fireURLSync":0,"syncOnPage":0,"url":["//dp2.33across.com/ps/?pid=897&random=1787023511"]},{"id":"771","ttl":20160,"tag":"img","fireURLSync":0,"syncOnPage":0,"url":["https://cm.g.doubleclick.net/pixel?google_nid=adobe_dmp&google_cm&gdpr=0&gdpr_consent="]},{"id":"782","ttl":20160,"tag":"img","fireURLSync":0,"syncOnPage":0,"url":["//rtd.tubemogul.com/upi/pid/r7ifn0SL?redir=https%3A%2F%2Fdpm.demdex.net%2Fibs%3Adpid%3D782%26dpuuid%3D%24%7BTM_USER_ID%7D"]},{"id":"1127","ttl":10080,"tag":"img","fireURLSync":0,"syncOnPage":0,"url":["//rp.gwallet.com/r1/cm/p50"]},{"id":"1121","ttl":10080,"tag":"img","fireURLSync":0,"syncOnPage":0,"url":["//p.rfihub.com/cm?in=1&pub=7085"]},{"id":"1175","ttl":10080,"tag":"img","fireURLSync":0,"syncOnPage":0,"url":["//pixel.quantserve.com/pixel/p-vj4AYjBqd6VJ2.gif?idmatch=0"]},{"id":"1957","ttl":10080,"tag":"img","fireURLSync":0,"syncOnPage":0,"url":["//c.bing.com/c.gif?uid=45765017985824375212787237737067595243&Red3=MSAdobe_pd&gdpr=0&gdpr_consent="]},{"id":"3047","ttl":10080,"tag":"img","fireURLSync":0,"syncOnPage":0,"url":["//servedby.flashtalking.com/map/?key=a74thHgsfK627J6Ftt8sj5ks52bKe&url=https://dpm.demdex.net/ibs:dpid=3047&dpuuid=[%FT_GUID%]"]},{"id":"19360","ttl":10080,"tag":"img","fireURLSync":0,"syncOnPage":0,"url":["//adobe-sync.dotomi.com/match/bounce/current?networkId=85983&version=1&nuid=45765017985824375212787237737067595243&amp;rurl=https%3A%2F%2Fdpm.demdex.net%2Fibs%3Adpid%3D19360%26dpuuid%3D"]},{"id":"22054","ttl":10080,"tag":"img","fireURLSync":0,"syncOnPage":0,"url":["//a.tribalfusion.com/i.match?p=b13&u=45765017985824375212787237737067595243&redirect=https%3A%2F%2Fdpm.demdex.net%2Fibs%3Adpid=22054&dpuuid=$TF_USER_ID_ENC$"]},{"id":"22052","ttl":10080,"tag":"img","fireURLSync":0,"syncOnPage":0,"url":["//ml314.com/utsync.ashx?eid=50112&et=0&return=https%3A%2F%2Fdpm.demdex.net%2Fibs%3Adpid%3D22052%26dpuuid%3D[PersonID]"]},{"id":"49276","ttl":10080,"tag":"img","fireURLSync":0,"syncOnPage":0,"url":["//bttrack.com/dmp/adobe/user?dd_uuid=45765017985824375212787237737067595243"]},{"id":"80119","ttl":10080,"tag":"img","fireURLSync":0,"syncOnPage":0,"url":["//tag.clrstm.com/sync?dmp=adobe"]},{"id":"127444","ttl":10080,"tag":"img","fireURLSync":0,"syncOnPage":0,"url":["//i.liadm.com/s/30576?bidder_id=82775&bidder_uuid=45765017985824375212787237737067595243"]},{"id":"144228","ttl":10080,"tag":"img","fireURLSync":0,"syncOnPage":0,"url":["//sync-tm.everesttech.net/upi/pid/r7ifn0SL?redir=https%3A%2F%2Fdpm.demdex.net%2Fibs%3Adpid%3D782%26dpuuid%3D%24%7BTM_USER_ID%7D"]},{"id":"144229","ttl":10080,"tag":"img","fireURLSync":0,"syncOnPage":0,"url":["//rtd.tubemogul.com/migrate_et3/"]},{"id":"144230","ttl":10080,"tag":"img","fireURLSync":0,"syncOnPage":0,"url":["//sync-tm.everesttech.net/upi/pid/5w3jqr4k?redir=https%3A%2F%2Fcm.g.doubleclick.net%2Fpixel%3Fgoogle_nid%3Dg8f47s39e399f3fe%26google_push%26google_sc%26google_hm%3D%24%7BTM_USER_ID_BASE64ENC_URLENC%7D"]},{"id":"144231","ttl":10080,"tag":"img","fireURLSync":0,"syncOnPage":0,"url":["//sync-tm.everesttech.net/upi/pid/btu4jd3a?redir=https%3A%2F%2Fpixel.rubiconproject.com%2Ftap.php%3Fv%3D7941%26nid%3D2243%26put%3D%24%7BUSER_ID%7D%26expires%3D90"]},{"id":"144232","ttl":10080,"tag":"img","fireURLSync":0,"syncOnPage":0,"url":["//sync-tm.everesttech.net/upi/pid/ZMAwryCI?redir=https%3A%2F%2Fdsum-sec.casalemedia.com%2Frum%3Fcm_dsp_id%3D88%26external_user_id%3D%24%7BTM_USER_ID%7D"]},{"id":"144233","ttl":10080,"tag":"img","fireURLSync":0,"syncOnPage":0,"url":["//sync-tm.everesttech.net/upi/pid/UH6TUt9n?redir=https%3A%2F%2Fib.adnxs.com%2Fsetuid%3Fentity%3D158%26code%3D%24%7BTM_USER_ID%7D"]},{"id":"144234","ttl":10080,"tag":"img","fireURLSync":0,"syncOnPage":0,"url":["//sync-tm.everesttech.net/upi/pid/ny75r2x0?redir=https%3A%2F%2Fus-u.openx.net%2Fw%2F1.0%2Fsd%3Fid%3D537148856%26val%3D%24%7BTM_USER_ID%7D"]},{"id":"144235","ttl":10080,"tag":"img","fireURLSync":0,"syncOnPage":0,"url":["//sync-tm.everesttech.net/upi/pid/b9pj45k4?redir=https%3A%2F%2Fimage2.pubmatic.com%2FAdServer%2FPug%3Fvcode%3Dbz0yJnR5cGU9MSZqcz0xJmNvZGU9MjE5MSZ0bD0yNTkyMDA%3D%26piggybackCookie%3D%24%7BUSER_ID%7D"]},{"id":"144236","ttl":10080,"tag":"img","fireURLSync":0,"syncOnPage":0,"url":["//sync-tm.everesttech.net/upi/pid/h0r58thg?redir=https%3A%2F%2Fsync.search.spotxchange.com%2Fpartner%3Fadv_id%3D6409%26uid%3D%24%7BUSER_ID%7D%26img%3D1"]},{"id":"144237","ttl":10080,"tag":"img","fireURLSync":0,"syncOnPage":0,"url":["//sync-tm.everesttech.net/upi/pid/r7ifn0SL?redir=https%3A%2F%2Fwww.facebook.com%2Ffr%2Fb.php%3Fp%3D1531105787105294%26e%3D%24%7BTM_USER_ID%7D%26t%3D2592000%26o%3D0"]},{"id":"129099","ttl":10080,"tag":"img","fireURLSync":0,"syncOnPage":0,"url":["//mid.rkdms.com/bct?pid=8bc436aa-e0fc-4baa-9c9a-06fbeca87826&puid=45765017985824375212787237737067595243&_ct=img"]},{"id":"399555","ttl":10080,"tag":"img","fireURLSync":0,"syncOnPage":0,"url":["//s.thebrighttag.com/csx?tp=dT9Y2Vu&aam_uuid=45765017985824375212787237737067595243"]},{"id":"444422","ttl":10080,"tag":"img","fireURLSync":0,"syncOnPage":0,"url":["//partner.mediawallahscript.com/?account_id=2011&partner_id=2021&uid=45765017985824375212787237737067595243&custom=&tag_format=img&tag_action=sync&sha1_hash=&sha256_hash=&md5_hash=&cb"]}],"subdomain":"adobe","tid":"NX7Qr6GJRVg="}