{"fieldTypes":{"localRegions":"Text","areaDescription":"LongText","areaId":"Text","edgeLocations":"Text","areaName":"Text","regionalEdgeCaches":"Text"},"items":[{"createdBy":"emilyti","locale":"en_US","author":"rmmaghro","dateUpdated":"2019-09-26T00:16:44+0000","score":0.0,"name":"Asia Pacific","numImpressions":0,"dateCreated":"2018-07-31T18:07:29+0000","additionalFields":{"localRegions":"Osaka","areaDescription":"\u003cp\u003eThe AWS Cloud in Asia Pacific has 20 Availability Zones within six geographic Regions and one Local Region, with 34 Edge Network locations and five Regional Edge Cache locations.\u003c/p\u003e\r\n\r\n\u003cp\u003e\u003cstrong\u003eRegions (Availability Zones):\u003c/strong\u003e\u003cbr /\u003e\r\nHong Kong SAR (3), Mumbai (3), Seoul (3), Singapore (3), Sydney (3), Tokyo (4), Osaka (1)\u003c/p\u003e\r\n","areaId":"apac","edgeLocations":"Bangalore, India (3); Chennai, India (2); Hong Kong SAR, China (3); Hyderabad, India (4); Kuala Lumpur, Malaysia; Mumbai, India (2); Manila, Philippines; New Delhi, India (5); Osaka, Japan; Seoul, South Korea (4); Singapore (3); Taipei, Taiwan(3); Tokyo, Japan (12); Melbourne; Perth; Sydney (2); Beijing, China (1); Shanghai, China (1); Zhongwei, China (1); Shenzhen, China (1)","areaName":"Asia Pacific","regionalEdgeCaches":"Mumbai, India; Singapore; Seoul, South Korea; Tokyo, Japan; Sydney, Australia"},"id":"gi-map-areas#asia-pacific","directoryId":"gi-map-areas","lastUpdatedBy":"rmmaghro"},{"createdBy":"emilyti","locale":"en_US","author":"rmmaghro","dateUpdated":"2019-09-06T23:14:18+0000","score":0.0,"name":"Europe / Middle East / Africa","numImpressions":0,"dateCreated":"2018-07-31T18:07:26+0000","additionalFields":{"areaDescription":"\u003cp\u003eThe AWS Cloud in Europe, Middle East and Africa has 18\u0026nbsp;Availability Zones within six geographic Regions, with 39 Edge Network locations and two Regional Edge Cache locations.\u003c/p\u003e\r\n\r\n\u003cp\u003e\u003cstrong\u003eRegions (Availability Zones):\u003c/strong\u003e\u003cbr /\u003e\r\nFrankfurt (3), Ireland (3), London (3), Paris (3), Stockholm (3), Bahrain (3)\u003c/p\u003e\r\n","areaId":"emea","edgeLocations":"Amsterdam, The Netherlands (2); Berlin, Germany; Cape Town, South Africa; Dublin, Ireland; Frankfurt, Germany (8); Helsinki, Finland; Johannesburg, South Africa; London, England (7); Madrid, Spain (2); Manchester, England; Marseille, France; Milan, Italy; Munich, Germany; Palermo, Italy; Paris, France (3); Prague, Czech Republic; Stockholm, Sweden (3); Vienna, Austria; Warsaw, Poland; Zurich, Switzerland; Lisbon, Portugal","areaName":"Europe / Middle East / Africa","regionalEdgeCaches":"Frankfurt, Germany; London, England"},"id":"gi-map-areas#europe-middle-east-africa","directoryId":"gi-map-areas","lastUpdatedBy":"rmmaghro"},{"createdBy":"emilyti","locale":"en_US","author":"emilyti","dateUpdated":"2018-07-31T18:18:36+0000","score":0.0,"name":"South America","numImpressions":0,"dateCreated":"2018-07-31T18:07:24+0000","additionalFields":{"areaDescription":"\u003cp\u003eThe AWS Cloud in South America has 3 Availability Zones within one geographic Region, with four Edge Network locations and one Regional Edge Cache location.\u003c/p\u003e\n","areaId":"sa","edgeLocations":"Rio de Janeiro (2), Brazil; Sao Paulo, Brazil (2)","areaName":"South America","regionalEdgeCaches":"Sao Paulo, Brazil"},"id":"gi-map-areas#south-america","directoryId":"gi-map-areas","lastUpdatedBy":"emilyti"},{"createdBy":"emilyti","locale":"en_US","author":"emilyti","dateUpdated":"2019-02-21T18:53:25+0000","score":0.0,"name":"North America","numImpressions":0,"dateCreated":"2018-07-31T18:07:21+0000","additionalFields":{"areaDescription":"\u003cp\u003eThe AWS Cloud in North America has 21 Availability Zones within six geographic Regions, with 44 Edge Network locations and two Regional Edge Cache locations.\u003c/p\u003e\r\n","areaId":"na","edgeLocations":"Ashburn, VA (3); Atlanta GA (3); Boston, MA; Chicago, IL (2); Dallas/Fort Worth, TX (5); Denver, CO (2); Hayward, CA; Jacksonville, FL; Los Angeles, CA (4); Miami, FL (3); Minneapolis, MN; Montreal, QC; New York, NY (3); Newark, NJ (3); Palo Alto, CA; Phoenix, AZ; Philadelphia, PA; San Jose, CA (2); Seattle, WA (3); South Bend, IN; St. Louis, MO; Toronto, ON","areaName":"North America","regionalEdgeCaches":"Northern Virginia; Ohio; Oregon"},"id":"gi-map-areas#north-america","directoryId":"gi-map-areas","lastUpdatedBy":"emilyti"}],"metadata":{"count":4}}