{"rid":"1888111186.492.1570707296603.95660","ttl":3600,"context":{"ice_start":true},"items":[{"title":"5 продуктов, ускоряющих обмен веществ после 50 лет","domain_title":"АЛЕКСЕЙ ГОРДОВСКИЙ","domain":"example.com","bulk_params":"link=http%3A%2F%2Fexample.com%2Fmedia%2Fgordowski%2F5-produktov-uskoriaiuscih-obmen-vescestv-posle-50-let-5d30cc174735a600adcc215e&item_id=-1927569483431630070&item_type=native&source_id=996610163901122751&source_type=publisher&url_type=plain&secdata=CKmjtOTXLRgAIAEwAg%3D%3D&publication_oid=5d30cc174735a600adcc215e&publisher_oid=59a4048f77d0e618c1e85b06&pos=0&_csrf=91ed4651859e78003c28b3eda0e393baacfe5144-1570707296630&secdata2=CAQSDTIzOC4xLmVhY2NmN2QYAiAAKAUwAA%3D%3D","logo":"","text":"После 50 обмен веществ (метаболизм) замедляется – причем заметно, а не как раньше: «ой, мне кажется, или я слегка потолстел?».\nТеперь не кажется: теперь потолстел так уж потолстел – не ошибешься.\nТак вот, чтобы такого не допускать, есть надо не просто в меру, а еще и – правильные продукты...","stat_events":{"show":"preview:show","click":"preview:click"},"source":{},"image":"https://avatars.mds.yandex.net/get-zen_doc/1686231/pub_5d30cc174735a600adcc215e_5d30cc49e6cb9b00adf679a4/smart_crop_516x290","feed_link":"https://m.zen.yandex.ru/?id=-1927569483431630070&clid=701&api_name=launcher&teaser_item_ids=-1927569483431630070%3A-6870662196536837024%3A-6514916608479706902%3A2771640873588275469%3A8116862387034619941%3A-2737947289588022361%3A-4762194363526742831%3A-9029394988288561836&teaser_item_type=native&country_code=ru&noredir=true"},{"title":"Зачем мозгу складки? А вот зачем...","domain_title":"FUNSCIENCE ","domain":"example.com","bulk_params":"link=http%3A%2F%2Fexample.com%2Fmedia%2Ffunscience%2Fzachem-mozgu-skladki-a-vot-zachem-5d75fbb778125e00aee45280&item_id=-6870662196536837024&item_type=native&source_id=8065616018396494963&source_type=publisher&url_type=plain&secdata=COiO0abVLRgAIAEwAg%3D%3D&publication_oid=5d75fbb778125e00aee45280&publisher_oid=59b272b88c8be3c2e57c5e4b&pos=1&_csrf=91ed4651859e78003c28b3eda0e393baacfe5144-1570707296630&secdata2=CAQSDTIzOC4xLmVhY2NmN2QYAiAAKAUwAA%3D%3D","logo":"","text":"Рубрика «Неглупые вопросы»","stat_events":{"show":"preview:show","click":"preview:click"},"source":{},"image":"https://avatars.mds.yandex.net/get-zen_doc/118779/pub_5d75fbb778125e00aee45280_5d75fbc132335400aec0f04d/smart_crop_516x290","feed_link":"https://m.zen.yandex.ru/?id=-6870662196536837024&clid=701&api_name=launcher&teaser_item_ids=-1927569483431630070%3A-6870662196536837024%3A-6514916608479706902%3A2771640873588275469%3A8116862387034619941%3A-2737947289588022361%3A-4762194363526742831%3A-9029394988288561836&teaser_item_type=native&country_code=ru&noredir=true"},{"title":"Какое заклинание на самом деле произносил Хоттабыч?","domain_title":"ЛИТИНТЕРЕС","domain":"example.com","bulk_params":"link=http%3A%2F%2Fexample.com%2Fmedia%2Flitinteres%2Fkakoe-zaklinanie-na-samom-dele-proiznosil-hottabych-5d9ad6c6aad43600b1cdd045&item_id=-6514916608479706902&item_type=native&source_id=-3260591081730647090&source_type=publisher&url_type=plain&secdata=CPOsuKvaLRgAIAEwAg%3D%3D&publication_oid=5d9ad6c6aad43600b1cdd045&publisher_oid=5a63354f799d9ddd0497652d&pos=2&_csrf=91ed4651859e78003c28b3eda0e393baacfe5144-1570707296630&secdata2=CAQSDTIzOC4xLmVhY2NmN2QYAiAAKAUwAA%3D%3D","logo":"","text":"Его перевод ясен каждому еврею","stat_events":{"show":"preview:show","click":"preview:click"},"source":{},"image":"https://avatars.mds.yandex.net/get-zen_doc/1585197/pub_5d9ad6c6aad43600b1cdd045_5d9adc79c7e50c00afe2f26a/smart_crop_516x290","feed_link":"https://m.zen.yandex.ru/?id=-6514916608479706902&clid=701&api_name=launcher&teaser_item_ids=-1927569483431630070%3A-6870662196536837024%3A-6514916608479706902%3A2771640873588275469%3A8116862387034619941%3A-2737947289588022361%3A-4762194363526742831%3A-9029394988288561836&teaser_item_type=native&country_code=ru&noredir=true"},{"title":"Жанна не похудела за год ежедневных тренировок, на диете. 4 причины.","domain_title":"ФИТНЕС ТРЕНЕР ЮРИЙ СПАСОКУКОЦКИЙ","domain":"example.com","bulk_params":"link=http%3A%2F%2Fexample.com%2Fmedia%2Fsuperbiceps%2Fjanna-ne-pohudela-za-god-ejednevnyh-trenirovok-na-diete-4-prichiny-5d6b12494e057700ade6716c&item_id=2771640873588275469&item_type=native&source_id=-9160107923892504780&source_type=publisher&url_type=plain&secdata=CNafw9LOLRgAIAQwEA%3D%3D&publication_oid=5d6b12494e057700ade6716c&publisher_oid=5cd48b65ac5cc400b322fbe0&pos=3&_csrf=91ed4651859e78003c28b3eda0e393baacfe5144-1570707296630&secdata2=CAQSDTIzOC4xLmVhY2NmN2QYAiAAKAUwAA%3D%3D","logo":"","text":"Сходя с ума от отчаяния, ко мне обратилась девушка, утратившая веру в себя и саму возможность получения результата. Жанна была очень красивой и молодой «фитоняшкой», двадцати пяти лет, без детей и совершенно без ожирения...","stat_events":{"show":"preview:show","click":"preview:click"},"source":{},"image":"https://avatars.mds.yandex.net/get-zen_doc/1577695/pub_5d6b12494e057700ade6716c_5d6b144080879d00ad3cc0ca/smart_crop_516x290","feed_link":"https://m.zen.yandex.ru/?id=2771640873588275469&clid=701&api_name=launcher&teaser_item_ids=-1927569483431630070%3A-6870662196536837024%3A-6514916608479706902%3A2771640873588275469%3A8116862387034619941%3A-2737947289588022361%3A-4762194363526742831%3A-9029394988288561836&teaser_item_type=native&country_code=ru&noredir=true"},{"title":"На что обращают внимание стюардессы, встречая пассажиров","domain_title":"TONKOSTI.RU","domain":"tonkosti.ru","bulk_params":"link=https%3A%2F%2Ftonkosti.ru%2F%25D0%259D%25D0%25B0_%25D1%2587%25D1%2582%25D0%25BE_%25D0%25BE%25D0%25B1%25D1%2580%25D0%25B0%25D1%2589%25D0%25B0%25D1%258E%25D1%2582_%25D0%25B2%25D0%25BD%25D0%25B8%25D0%25BC%25D0%25B0%25D0%25BD%25D0%25B8%25D0%25B5_%25D1%2581%25D1%2582%25D1%258E%25D0%25B0%25D1%2580%25D0%25B4%25D0%25B5%25D1%2581%25D1%2581%25D1%258B%2C_%25D0%25B2%25D1%2581%25D1%2582%25D1%2580%25D0%25B5%25D1%2587%25D0%25B0%25D1%258F_%25D0%25BF%25D0%25B0%25D1%2581%25D1%2581%25D0%25B0%25D0%25B6%25D0%25B8%25D1%2580%25D0%25BE%25D0%25B2&item_id=8116862387034619941&item_type=url&source_id=6910049995743715536&source_type=domain&url_type=turbo&secdata=CKC3n9XaLRgAIAEwAg%3D%3D&pos=4&_csrf=91ed4651859e78003c28b3eda0e393baacfe5144-1570707296630&secdata2=CAQSDTIzOC4xLmVhY2NmN2QYAiAAKAUwAA%3D%3D","logo":"","text":"Стюардессы традиционно приветливы и вежливы, они всегда встречают пассажиров на борту самолета, и это никого не удивляет. На самом деле во время приветствия они внимательно осматривают каждого входящего на борт, оценивают его состояние, то, как он отвечает на приветствие. Это позволяет вовремя выявить агрессивных или нетрезвых пассажиров, тех, кто выглядит больными — им могут отказать в посадке. Буйных пассажиров может вывести охрана по просьбе бортпроводников. Обращают они внимание и на физическую...","stat_events":{"show":"preview:show","click":"preview:click"},"source":{},"image":"https://avatars.mds.yandex.net/get-zen_doc/1950904/-2884367163187701405/smart_crop_516x290","feed_link":"https://m.zen.yandex.ru/?id=8116862387034619941&clid=701&api_name=launcher&teaser_item_ids=-1927569483431630070%3A-6870662196536837024%3A-6514916608479706902%3A2771640873588275469%3A8116862387034619941%3A-2737947289588022361%3A-4762194363526742831%3A-9029394988288561836&teaser_item_type=url&country_code=ru&noredir=true"},{"title":"Как легко и просто отремонтировать дырку в поликарбонате.","domain_title":"МАСТЕР НА ВСЕ РУКИ","domain":"example.com","bulk_params":"link=http%3A%2F%2Fexample.com%2Fmedia%2Fmasternavseryki%2Fkak-legko-i-prosto-otremontirovat-dyrku-v-polikarbonate-5d2591bb4735a600adc857a3&item_id=-2737947289588022361&item_type=native&source_id=7486257494543789366&source_type=publisher&url_type=plain&secdata=CN2vkfvBLRgAIAQwEA%3D%3D&publication_oid=5d2591bb4735a600adc857a3&publisher_oid=5a92c6919b403c729c7845c1&pos=5&_csrf=91ed4651859e78003c28b3eda0e393baacfe5144-1570707296630&secdata2=CAQSDTIzOC4xLmVhY2NmN2QYAiAAKAUwAA%3D%3D","logo":"","text":"В настоящее время встретить теплицы закрытые сотовым поликарбонатом можно практически на каждом дачном участке.\nПоликарбонат за счет ряда своих несомненных преимуществ практически вытеснил другими материалами, такими как пленка или стекло...","stat_events":{"show":"preview:show","click":"preview:click"},"source":{},"image":"https://avatars.mds.yandex.net/get-zen_doc/1592767/pub_5d2591bb4735a600adc857a3_5d36bcde2f4ad700aca28665/smart_crop_516x290","feed_link":"https://m.zen.yandex.ru/?id=-2737947289588022361&clid=701&api_name=launcher&teaser_item_ids=-1927569483431630070%3A-6870662196536837024%3A-6514916608479706902%3A2771640873588275469%3A8116862387034619941%3A-2737947289588022361%3A-4762194363526742831%3A-9029394988288561836&teaser_item_type=native&country_code=ru&noredir=true"},{"title":"Я сделала для сына необычный, очень крутой дневник. Такого точно ни у кого нет!","domain_title":"ЖИВЫЕ ВЕЩИ","domain":"example.com","bulk_params":"link=http%3A%2F%2Fexample.com%2Fmedia%2Fzhivye_veshchi%2Fia-sdelala-dlia-syna-neobychnyi-ochen-krutoi-dnevnik-takogo-tochno-ni-u-kogo-net-5d69b307c7e50c00b33d6039&item_id=-4762194363526742831&item_type=native&source_id=-7270745879489870886&source_type=publisher&url_type=plain&secdata=CK%2Fn0bHOLRgAIAQwEA%3D%3D&publication_oid=5d69b307c7e50c00b33d6039&publisher_oid=5aee0541799d9d07601545d8&pos=6&_csrf=91ed4651859e78003c28b3eda0e393baacfe5144-1570707296630&secdata2=CAQSDTIzOC4xLmVhY2NmN2QYAiAAKAUwAA%3D%3D","logo":"","text":"Дневник - это такая штука, которую я всегда любила выбирать. Учась в школе, в первую очередь в начале года все хвастались своими дневниками. Выбор был не такой большой, как сейчас, конечно, но всегда хотелось...","stat_events":{"show":"preview:show","click":"preview:click"},"source":{},"image":"https://avatars.mds.yandex.net/get-zen_doc/153246/pub_5d69b307c7e50c00b33d6039_5d69b845e4f39f00af356e40/smart_crop_516x290","feed_link":"https://m.zen.yandex.ru/?id=-4762194363526742831&clid=701&api_name=launcher&teaser_item_ids=-1927569483431630070%3A-6870662196536837024%3A-6514916608479706902%3A2771640873588275469%3A8116862387034619941%3A-2737947289588022361%3A-4762194363526742831%3A-9029394988288561836&teaser_item_type=native&country_code=ru&noredir=true"},{"title":"Единственный способ сохранить здоровье после 50 лет","domain_title":"АЛЕКСЕЙ ГОРДОВСКИЙ","domain":"example.com","bulk_params":"link=http%3A%2F%2Fexample.com%2Fmedia%2Fgordowski%2Fedinstvennyi-sposob-sohranit-zdorove-posle-50-let-5d22365ab65b3900aed6932c&item_id=-9029394988288561836&item_type=native&source_id=996610163901122751&source_type=publisher&url_type=plain&secdata=CNTN0uXXLRgAIAQwEA%3D%3D&publication_oid=5d22365ab65b3900aed6932c&publisher_oid=59a4048f77d0e618c1e85b06&pos=7&_csrf=91ed4651859e78003c28b3eda0e393baacfe5144-1570707296630&secdata2=CAQSDTIzOC4xLmVhY2NmN2QYAiAAKAUwAA%3D%3D","logo":"","text":"Прежде всего мы должны четко понимать, что никакая медицина здоровья нам не даст.\nПоясню.\nВот возьмем человеческое тело.\nЕго просвечивают, режут вдоль и поперек, изучают, давным давно пересчитали все кости,...","stat_events":{"show":"preview:show","click":"preview:click"},"source":{},"image":"https://avatars.mds.yandex.net/get-zen_doc/1534997/pub_5d22365ab65b3900aed6932c_5d22368eb15a9d00ad74340e/smart_crop_516x290","feed_link":"https://m.zen.yandex.ru/?id=-9029394988288561836&clid=701&api_name=launcher&teaser_item_ids=-1927569483431630070%3A-6870662196536837024%3A-6514916608479706902%3A2771640873588275469%3A8116862387034619941%3A-2737947289588022361%3A-4762194363526742831%3A-9029394988288561836&teaser_item_type=native&country_code=ru&noredir=true"}],"stats":{"bulk":"https://zen.yandex.ru/api/v3/mobile-morda/stats/bulk?_csrf=91ed4651859e78003c28b3eda0e393baacfe5144-1570707296630&rid=1888111186.492.1570707296603.95660&dst=site_mobile&group=default%2Cdisable_video_haters_in_our_products%2Cdefault%2Crezen_enable_all_channels_link%2Cab%3Avideo_subscribe_view_type%3Avideo_subscribe_card_view_circle%2Cpubs_urls_with_clid_and_place%2Csubs_title_from_pubs%2Cdefault%2Cab%3Asocial_desktop_video_modal_comments%3Asocial_desktop_video_modal_comments%2Cinterests_one_day_TF_01%2Crefclid_reset_on%2Cab%3Asocial_dislike_comments%3Asocial_dislike_comments_sort%2Cab%3Acomments_dislike_rate%3Acomments_dislike_rate_minus_05%2Cdefault%2Cdeep_link_disable_interception%2Cmf_grid_publisher_russia_fml_405085%2Cmf_feedback_recommender_russia_fml_493999_0_8847272931180722%2Cab%3Aworse_experiments_site_mobile_client%3Aworse_site_mobile_rezen_old_cards%2Crezen_unified_cards_client%2Cdefault%2Crezen_domains_page_lib%2Cnew_content_als_knn_config%2Cmf_zero_suggest_domain_russia_fml_354549%2Cmedia_partner_from_storage%2Cmultyfeed_general_interests%2Cneed_local_ads%2Cdefault%2Cmedia_partner_promotion_v4%2Cab%3Amobile_rtb_abc%3Amobile_rtb_abc_exp%2Cab%3Aab_social_comments_attach%3Asocial_comments_attach_teaser%2Cunattractive_pictures_filter_10perc_beautiful_off_right%2Cpublishers_enable_social_profile%2Cnew_subscriptions_new_sorting%2Cab%3Apubs_narrative_image_slides%3Apubs_narrative_image_slides%2Cfeaturing_titles_mobile%2Cdefault%2Cmf_cold_recommender_russia_fml_530043%2Cinterests_blender_10062019%2Ccinema_gif_our_stream_limit_1200%2Cfunnel_native_narrative_0_05_and_gif_0_01%2Cab%3Aflight_with_calibration%3Aad_publications_correction_multipliers_cpm_x040_with_experiment_name%2Cab%3Aauto_cold_native_russia_fml_531706%3Amf_cold_native_russia_fml_531706%2Cab%3Arezen_mobile_block_feed_banner_bugfix%3Amobile_block_feed_banner_bugfix2%2Cnew_formula_candidate_selector_no_random%2Cdefault%2Cdefault%2Cab%3Aenable_flight_priority%3Adefault%2Cab%3Ageobase_domain_filter%3Ageobase_domain_filter%2Cnative_use_new_publishers_documents%2Cmf_featuring_russia_fml_432727%2Cone_day_TF_filter_02_01%2Cuse_only_simple_cards_from_recommender%2Cno_ad_level%2Cab%3Apremium_program_nirvana7%3Aadaptive_premium_program_minpos7%2Cinterests_duplicates_matrixnet_08_08%2Cenable_placeholder_ads%2Ciceboarding_grid%2Csmall_ad_levels%2Cnew_native_reranking_pipeline8%2Cmf_light_recommender_russia_fml_490222%2Cdefault%2Cpubs_app_button_android_3h%2Cdefault%2Cmf_narrative_russia_fml_484291%2Cdefault%2Celmo_profiles_turn_on%2Cfeaturing_max_shows_3%2Cab%3Arezen_unified_cards_exp%3Adefault%2Cnew_rtb_enabled%2Cuse_splitted_content_als_snapshot%2Crezen_enable_social_profile%2Chashtag_feed_min_0%2Czen_new_logo%2Cdefault%2Cmf_feedback_native_russia_fml_492074_0_6855723548347614%2Cdefault%2Ccomments_bundle_url_tmpl_43_1_0%2Cab%3Apubs_share_networks%3Apubs_share_networks_default_v4%2Cab%3Asite_desktop_title_letter_spacing%3Asite_desktop_title_letter_spacing%2Cdefault%2Cknn_search_use_single_static_index_everywhere%2Cuse_fixed_sample_rates%2Cab%3Aaa_forever%3Aref%2Cab%3Atns_pixels%3Aenable%2Cdefault%2Cdefault%2Cdefault%2Cmf_recommender_russia_fml_527605%2Cmf_light_native_russia_fml_494040%2Cdefault%2Cadvert_new_host%2Cpubs_tags_feed_enabled_3%2Cab%3Aaa_forever_2%3Aexp%2Cutm_source_in_turbo%2Cmf_native_russia_fml_523345%2Cab%3Apessimization_v1%3Apessimization_v1%2Cab%3Ateasers_fare_blend%3Afare_blender_native_only%2Cab%3Afront_audience%3Afront_audience_enable_v2%2Cdefault%2Cenable_interest_feed_for_morda%2Cab%3Asocial_mobile_comments_margins%3Asocial_mobile_comments_margins%2Cdisable_turbo_precache%2Cadaptive_ice_topic_blacklist_fast_4_new%2Cab%3Apromo_specials_default%3Adefault%2Cab%3Aaa_05%3Adefault%2Cab%3Aaa_06%3Aexp%2Cab%3Aaa_07%3Aexp%2Cab%3Aaa_08%3Adefault%2Cab%3Aaa_01%3Aexp%2Cab%3Aaa_02%3Aexp%2Cab%3Aaa_03%3Aexp%2Cab%3Aaa_04%3Aexp%2Cab%3Aaa_09%3Adefault%2Cextend_gif_premium_7_quotas_sloy_4v2%2Cab%3Avideo_history_semantic_duplicates_filter%3Avideo_history_semantic_duplicates_filter%2Cmf_gif_russia_fml_519224%2Cdefault%2Cab%3Afeedback_narrative_without_cctr%3Amf_feedback_narrative_russia_fml_487554_0_75%2Cab%3Arezen_slim_export%3Acontrol%2Cpay_debt_for_media_partners_v3%2Cdefault%2Cturbo_urls%2Chashtag_feed_first_on_2%2Cab%3Aaa_00%3Adefault%2Cdefault&sf=recc&place=teasers&secdata2=CAQSDTIzOC4xLmVhY2NmN2QYAiAAKAUwAA%3D%3D&clid=701&country_code=ru"},"bare_feed_link":"https://m.zen.yandex.ru?noredir=true&clid=701&api_name=launcher&country_code=ru"}