{"sI":{"k":"2a847"},"sec":{"k":"ROS"},"sp":[{"k":"divinsticatorad1"}],"cs":["https://pixel.sitescout.com/dmp/pixelSync?network=EPLANNING&rurl=https%3A%2F%2Fsync.e-planning.net%2Fum%3Fuid%3D%7BUSER_ID%7D%26dc%3D0abbcb4eba840e59%26fi%3D06db3b9f54c4e475",{"u":"https://ads.pubmatic.com/AdServer/js/user_sync.html?p=156631&s=625593&predirect=https%3A%2F%2Fsync.e-planning.net%2Fum%3Fdc%3Da208d9366469aa64%26fi%3D06db3b9f54c4e475%26uid%3D","ifr":true},"https://bh.contextweb.com/bh/rtset?pid=560941&ev=1&rurl=https://sync.e-planning.net/um?uid=%%VGUID%%&dc=66b7ef4184d94c10&fi=06db3b9f54c4e475"]}