{"registry":[{
  "rktr_deployed_date": "2019-09-30 15:34:28",
  "rktr_slot_id": "page",
  "rktr_id": "cnni_homepage",
  "gpt_id": "8663477",
  "site": "cnni",
  "root": "CNNI",
  "child_directed_treatment": "false",
  "targeting": []
}
,{
  "rktr_slot_id": "ad_bnr_atf_01",
  "rktr_ad_id": "CNNi/homepage",
  "sizes": [[1,1],[1,2],[728,90],[970,66],[970,90],[970,250],[1100,90]],
"hasInViewRefresh": "true",
"inViewRefreshCount": "5",
"inViewRefreshInterval": "35",
  "targeting": [["pos",["bnr_atf_01"]]],
  "responsive":[[["1024", "0"], [["1100", "90"], ["970", "250"], ["970", "90"], ["970", "66"], ["728", "90"], ["1", "2"], ["1", "1"]]], [["782", "0"], [["728", "90"], ["1", "2"], ["1", "1"]]], [["0", "0"], [["1", "2"], ["1", "1"]]]]
}
,
{
  "rktr_slot_id": "ad_bnr_atf_02",
  "rktr_ad_id": "CNNi/homepage/landing/pushdown",
  "sizes": [[1,1],[1,2]],
  "targeting": [["pos",["bnr_atf_02"]]],
  "responsive":[[["1024", "0"], [["1", "2"], ["1", "1"]]], [["782", "0"], [["1", "2"], ["1", "1"]]], [["0", "0"], [["1", "2"], ["1", "1"]]]]
}
,
{
  "rktr_slot_id": "ad_rect_atf_01",
  "rktr_ad_id": "CNNi/homepage",
  "sizes": [[1,2],[300,250]],
"hasInViewRefresh": "true",
"inViewRefreshCount": "5",
"inViewRefreshInterval": "35",
  "targeting": [["pos",["rect_atf_01"]]],
  "responsive":[[["1024", "0"], [["300", "250"], ["1", "2"]]], [["782", "0"], [["300", "250"], ["1", "2"]]], [["0", "0"], [["300", "250"], ["1", "2"]]]]
}
,
{
  "rktr_slot_id": "ad_bnr_btf_01",
  "rktr_ad_id": "CNNi/homepage",
  "sizes": [[1,1]],
  "targeting": [["pos",["bnr_btf_01"]]],
  "responsive":[[["1024", "0"], [["1", "1"]]], [["782", "0"], [["1", "1"]]], [["0", "0"], [["1", "1"]]]]
}
,
{
  "rktr_slot_id": "ad_rect_btf_01",
  "rktr_ad_id": "CNNi/homepage",
  "sizes": [[1,2],[300,250],[300,251]],
"hasInViewRefresh": "true",
"inViewRefreshCount": "5",
"inViewRefreshInterval": "35",
  "targeting": [["pos",["rect_btf_01"]]],
  "responsive":[[["1024", "0"], [["300", "251"], ["300", "250"], ["1", "2"]]], [["782", "0"], [["300", "251"], ["300", "250"], ["1", "2"]]], [["0", "0"], [["300", "251"], ["300", "250"], ["1", "2"]]]]
}
,
{
  "rktr_slot_id": "ad_bnr_btf_02",
  "rktr_ad_id": "CNNi/homepage",
  "sizes": [[1,1],[728,90],[970,90],[970,250]],
"hasInViewRefresh": "true",
"inViewRefreshCount": "5",
"inViewRefreshInterval": "35",
  "targeting": [["pos",["bnr_btf_02"]]],
  "responsive":[[["1024", "0"], [["970", "250"], ["970", "90"], ["728", "90"], ["1", "1"]]], [["782", "0"], [["728", "90"], ["1", "1"]]], [["0", "0"], [["1", "1"]]]]
}
,
{
  "rktr_slot_id": "ad_rect_btf_02",
  "rktr_ad_id": "CNNi/homepage",
  "sizes": [[1,2],[300,250],[300,252]],
"hasInViewRefresh": "true",
"inViewRefreshCount": "5",
"inViewRefreshInterval": "35",
  "targeting": [["pos",["rect_btf_02"]]],
  "responsive":[[["1024", "0"], [["300", "252"], ["300", "250"], ["1", "2"]]], [["782", "0"], [["300", "252"], ["300", "250"], ["1", "2"]]], [["0", "0"], [["300", "252"], ["300", "250"], ["1", "2"]]]]
}
,
{
  "rktr_slot_id": "ad_bnr_btf_03",
  "rktr_ad_id": "CNNi/homepage",
  "sizes": [[1,1]],
  "targeting": [["pos",["bnr_btf_03"]]],
  "responsive":[[["1024", "0"], [["1", "1"]]], [["782", "0"], [["1", "1"]]], [["0", "0"], [["1", "1"]]]]
}
,
{
  "rktr_slot_id": "ad_rect_btf_03",
  "rktr_ad_id": "CNNi/homepage",
  "sizes": [[1,2],[300,250]],
"hasInViewRefresh": "true",
"inViewRefreshCount": "5",
"inViewRefreshInterval": "35",
  "targeting": [["pos",["rect_btf_03"]]],
  "responsive":[[["1024", "0"], ["suppress"]], [["782", "0"], ["suppress"]], [["0", "0"], ["suppress"]]]
}
,
{
  "rktr_slot_id": "ad_bnr_btf_04",
  "rktr_ad_id": "CNNi/homepage",
  "sizes": [[1,1],[1,2],[728,90],[728,91],[970,66],[970,90],[970,91],[970,250]],
"hasInViewRefresh": "true",
"inViewRefreshCount": "5",
"inViewRefreshInterval": "35",
  "targeting": [["pos",["bnr_btf_04"]]],
  "responsive":[[["1024", "0"], [["970", "250"], ["970", "91"], ["970", "90"], ["970", "66"], ["728", "91"], ["728", "90"], ["1", "2"]]], [["782", "0"], [["728", "91"], ["728", "90"], ["1", "2"]]], [["0", "0"], ["suppress"]]]
}
,
{
  "rktr_slot_id": "ad_oop_skin_01",
  "rktr_ad_id": "CNNi/homepage",
  "sizes": [[1,1]],
  "targeting": [["pos",["oop_skin_01"]]],
  "responsive":[[["1024", "0"], [["1", "1"]]], [["782", "0"], ["suppress"]], [["0", "0"], ["suppress"]]]
}
,
{
  "rktr_slot_id": "ad_oop_float_01",
  "rktr_ad_id": "CNNi/homepage",
  "sizes": [[1,1]],
  "targeting": [["pos",["oop_float_01"]]],
  "responsive":[[["1024", "0"], [["1", "1"]]], [["782", "0"], [["1", "1"]]], [["0", "0"], [["1", "1"]]]]
}
,
{
  "rktr_slot_id": "ad_oop_float_02",
  "rktr_ad_id": "CNNi/homepage",
  "sizes": [[1,1],[1,2]],
  "targeting": [["pos",["oop_float_02"]]],
  "responsive":[[["1024", "0"], ["suppress"]], [["782", "0"], ["suppress"]], [["0", "0"], [["1", "2"], ["1", "1"]]]]
}
,
{
  "rktr_slot_id": "ad_nat_atf_01",
  "rktr_ad_id": "CNNi/homepage",
  "sizes": [[1,2]],
  "targeting": [["pos",["nat_atf_01"]],["strnativekey",["LjVUXtA7kYtQ5Tb6MnDzg1G2"]]],
  "responsive":[[["1024", "0"], [["1", "2"]]], [["782", "0"], [["1", "2"]]], [["0", "0"], [["1", "2"]]]]
}
,
{
  "rktr_slot_id": "ad_nat_atf_02",
  "rktr_ad_id": "CNNi/homepage",
  "sizes": [[1,2]],
  "targeting": [["pos",["nat_atf_02"]],["strnativekey",["XABekEh4zryPunytceAQeqty"]]],
  "responsive":[[["1024", "0"], [["1", "2"]]], [["782", "0"], [["1", "2"]]], [["0", "0"], [["1", "2"]]]]
}
,
{
  "rktr_slot_id": "ad_nat_atf_03",
  "rktr_ad_id": "CNNi/homepage",
  "sizes": [[1,2]],
  "targeting": [["pos",["nat_atf_03"]],["strnativekey",["e38e2aab"]]],
  "responsive":[[["1024", "0"], [["1", "2"]]], [["782", "0"], [["1", "2"]]], [["0", "0"], [["1", "2"]]]]
}
,
{
  "rktr_slot_id": "ad_browsi_btf_01",
  "rktr_ad_id": "CNNi/homepage",
  "sizes": [[1,1],[1,2],[300,250],[300,252]],
  "targeting": [["pos",["browsi_btf_01"]]],
  "responsive":[[["1024", "0"], ["suppress"]], [["782", "0"], ["suppress"]], [["0", "0"], [["300", "252"], ["300", "250"], ["1", "2"], ["1", "1"]]]]
}
]}