{"pods":{"podInfo":[{"businessType":"PHOTOGRAPHY","storyName":"The future of photography. Here today.","segmentInfo":"Not Available","cta":["Start free trial"],"storyPlacement":"pod 1","system":"AEM"},{"businessType":"ADOBE STOCK","storyName":"Stock like only Adobe can.","segmentInfo":"Not Available","cta":["Start searching"],"storyPlacement":"pod 3","system":"AEM"},{"businessType":"DOCUMENT CLOUD","storyName":"Seize every moment.","segmentInfo":"Not Available","cta":["Explore Acrobat"],"storyPlacement":"pod 2","system":"AEM"},{"businessType":"CREATIVE CLOUD","storyName":"Dream bigger. Creative Cloud.","segmentInfo":"Not Available","cta":["Start free trial","Learn more \u203a"],"storyPlacement":"marquee","system":"AEM"}]}}