{"status":200,"data":{"title":"手机搜狐网","description":"手机搜狐网，懂手机，更懂你！手机搜狐是国内最大的移动门户之一，利用搜狐门户矩阵资源，内容覆盖新闻、财经、体育、娱乐、汽车、房产、图库、视频等资讯，为10亿手机用户打造随时随地的掌上资讯生活。手机搜狐网，手机搜狐触版- m.sohu.com","keywords":"手机搜狐,手机搜狐网,搜狐手机版,搜狐新闻,搜狐,搜狐网,资讯,娱乐,体育,财经,汽车,房产,NBA,自媒体,视频,直播,小说","spmACode":"smwp","spmBCode":"home","pvSdkUrl":"//js.sohu.com/spv.js","appQmReportCode":"<script type=\"text/javascript\">\n    var _maq = _maq || [];\n    var userAgent = window.navigator.userAgent;\n    var android = userAgent.match(/(Android)[s/]*([d.]+)/i);\n    var ios = userAgent.match(/(iPad|iPhone|iPod)[ws]*;(?:[ws]+;)*[ws]+(?:iPad|iPhone|iPod)?sOSs([d_.]+)/i);\n    _maq.push(\n    ['account', 'sohunews'],\n    ['channel', ''],\n    ['point', ''],\n    ['platform', android ? 'android' : (ios ? 'ios' : '')]);\n    (function() {\n        var ma = document.createElement('script');\n        ma.type = 'text/javascript';\n        ma.async = true;\n        ma.src = ('https:' == document.location.protocol ? 'https://' : 'http://') + 'www.qchannel03.cn/m2.js?w='+_maq[0][1];\n        var s = document.getElementsByTagName('script')[0];\n        s.parentNode.insertBefore(ma, s);\n    })();\n</script>","getCBDCongfigUrl":"//m.sohu.com/cbdconf/getPageConfig/Index?randomKey=1570704684761rap497225b8","templateName":"Index","components":[{"compName":"Header","spmCode":"hdn","serverRender":true},{"compName":"SpecialAd","spmCode":"SpecialAd","serverRender":false},{"compName":"Navbar","spmCode":"nav-ch","serverRender":true,"data":[{"title":"新闻","url":"/ch/8/?_f=m-index_important_hsdh","showOrder":1},{"title":"\n  财经","url":"/ch/15/?_f=m-index_business_hsdh","showOrder":2},{"title":"\n  体育","url":"https://m.sohu.com/z/?_f=m-index_sports_hsdh","showOrder":3},{"title":"\n  娱乐","url":"//m.sohu.com/yule","showOrder":4},{"title":"\n  军事","url":"/ch/10/?_f=m-index_mil_hshd","showOrder":5},{"title":"\n  图库","url":"/picture?_f=m-index_pic_hshd&_once_=000025_top_tuku_v3","showOrder":6},{"title":"\n  健康","url":"/ch/24/?_f=m-index_health_hshd","showOrder":7},{"title":"\n  汽车","url":"https://m.auto.sohu.com/?_f=m-index_auto_hsdh","showOrder":8},{"title":"\n  房产","url":"https://m.focus.cn/?_f=m-index_focus_hsdh&channelId=361&amp","showOrder":9},{"title":"\n  小说","url":"https://read.sohu.com/?_once_=000218_rk_dh","showOrder":10},{"title":"\n  历史","url":"/ch/13/?_f=m-index_history_hshd","showOrder":11},{"title":"\n  科技","url":"/ch/30/?_f=m-index_it_hshd","showOrder":12},{"title":"\n  教育","url":"/ch/25/?_f=m-index_edu_hshd","showOrder":13},{"title":"\n  母婴","url":"/ch/26/?_f=m-index_baobao_hshd","showOrder":14},{"title":"\n  时尚","url":"/ch/23/?_f=m-index_fashion_hshd","showOrder":15},{"title":"\n  文化","url":"/ch/12/?_f=m-index_cul_hshd","showOrder":16},{"title":"\n  无人机","url":"https://wrj.sohu.com","showOrder":17},{"title":"\n  校花","url":"/cbd/sp/belle/","showOrder":18},{"title":"\n  游戏","url":"/ch/42/?_f=m-index_game_hshd","showOrder":19},{"title":"\n  动漫","url":"/ch/41/?_f=m-index_acg_hshd","showOrder":20},{"title":"\n  旅游","url":"/ch/29/?_f=m-index_travel_hshd","showOrder":21},{"title":"\n  美食","url":"/ch/28/?_f=m-index_chihe_hshd","showOrder":22},{"title":"\n  星座","url":"/ch/27/?_f=m-index_astro_hshd","showOrder":23},{"title":"\n  搞笑","url":"/ch/45/?_f=m-index_fun_hshd","showOrder":24},{"title":"\n  宠物","url":"/ch/44/?_f=m-index_pets_hshd","showOrder":25},{"title":"\n  直播","url":"https://m.sohu.com/z/live/?_f=m-index_live_hshd&_once_=000090_zhibo","showOrder":26},{"title":"\n  NBA","url":"https://m.sohu.com/z/nba/","showOrder":27},{"title":"\n  情感","url":"http://m.sohu.com/column/10467","showOrder":28},{"title":"\n  短视频","url":"/v/?_f=m-index_video_hshd","showOrder":29}],"getDataKey":"Navbar"},{"compName":"VideoPromotion","spmCode":"tvpromo","serverRender":true,"data":[{"title":"视频","url":"http://m.tv.sohu.com/?src=1412%7C0001&_once_=000025_top_nav_sohutv","showOrder":0,"iconUrl":"","showIcon":false},{"title":"自媒体","url":"http://m.tv.sohu.com/pgc/71010000?src=1411&_once_=000025_top_nav_show","showOrder":1,"iconUrl":"","showIcon":false},{"title":"电视剧","url":"http://m.tv.sohu.com/drama?src=1413%7C0001&_once_=000025_top_nav_drama","showOrder":2,"iconUrl":"","showIcon":false},{"title":"美剧","url":"http://m.tv.sohu.com/drama_us?src=1414%7C0001&_once_=000025_top_nav_drama_us","showOrder":3,"iconUrl":"","showIcon":false},{"title":"电影","url":"https://m.tv.sohu.com/movie?src=1410&_once_=000025_top_nav_drama_jk","showOrder":4,"iconUrl":"","showIcon":false}],"getDataKey":"VideoPromotion"},{"compName":"FocusPic","spmCode":"pic-focus","serverRender":true,"data":[{"title":"多个二线城市楼市\"金九银十\"成色不足","url":"/a/346024880_123753","imageUrl":"//29e5534ea20a8.cdn.sohucs.com/q_70,c_fill,w_640,h_320,g_faces/os/news/95e0b7813f4be2b282bd7777cf7ad636.jpg"},{"title":"多地许可子女带薪护理生病住院老人","url":"/a/346021960_267106","imageUrl":"//29e5534ea20a8.cdn.sohucs.com/q_70,c_fill,w_640,h_320,g_faces/os/news/c6ae019409606ee7512a781d3d00e74b.jpg"},{"title":"孩子吃饭慢被赶去厕所吃 不只道德缺失","url":"/a/346027842_114988","imageUrl":"//29e5534ea20a8.cdn.sohucs.com/q_70,c_fill,w_640,h_320,g_faces/os/news/f3d2dfe105dc8f4c8c11834bfa9531a9.jpg"},{"itemspaceid":12273,"maxTurn":6,"adps":"6400320","position":4,"backup":{"title":"深度解析:三大原因促土耳其炮轰叙利亚","url":"/a/346017736_260616","imageUrl":"//29e5534ea20a8.cdn.sohucs.com/q_70,c_fill,w_640,h_320,g_faces/os/news/7e7cc71c4d3c6393d98cc6b86bdbaac3.jpg"}},{"itemspaceid":12781,"maxTurn":3,"adps":"6400320","position":5,"backup":{"title":"从\"炒鞋\"到买\"盲盒\" 是商机还是套路?","url":"/a/346045357_267106","imageUrl":"//29e5534ea20a8.cdn.sohucs.com/q_70,c_fill,w_640,h_320,g_faces/os/news/7394c7b435b8d5aa3a2411240235a3b1.jpg"}},{"title":"铁路将实施新运行图 增旅客列车160列","url":"/a/346050002_260616","imageUrl":"//29e5534ea20a8.cdn.sohucs.com/q_70,c_fill,w_640,h_320,g_faces/os/news/17e779c4ad3377ff7bbcfc5ce35b41b1.jpg"},{"title":"日在野党:政府在日美贸易协定中让步大","url":"/a/346051968_260616","imageUrl":"//29e5534ea20a8.cdn.sohucs.com/q_70,c_fill,w_640,h_320,g_faces/os/news/d374ddd0a1af1b23b4826759affd5e76.jpg"}],"getDataKey":"FocusPic","insertAdData":[{"itemspaceid":12273,"maxTurn":6,"adps":"6400320","position":4,"backup":{"title":"深度解析:三大原因促土耳其炮轰叙利亚","url":"/a/346017736_260616","imageUrl":"//29e5534ea20a8.cdn.sohucs.com/q_70,c_fill,w_640,h_320,g_faces/os/news/7e7cc71c4d3c6393d98cc6b86bdbaac3.jpg"}},{"itemspaceid":12781,"maxTurn":3,"adps":"6400320","position":5,"backup":{"title":"从\"炒鞋\"到买\"盲盒\" 是商机还是套路?","url":"/a/346045357_267106","imageUrl":"//29e5534ea20a8.cdn.sohucs.com/q_70,c_fill,w_640,h_320,g_faces/os/news/7394c7b435b8d5aa3a2411240235a3b1.jpg"}}]},{"compName":"TextCpcNews","spmCode":"d-news","serverRender":true,"data":[{"title":"为合作注入新动力 为互联互通开辟空间","url":"/a/345931762_267106"}],"getDataKey":"TextCpcNews"},{"compName":"TextFocusNews","spmCode":"hot-news","serverRender":true,"data":[{"title":"没有任何力量能阻挡中国人民的前进步伐","url":"/a/345906324_114731"},{"title":"土耳其袭击叙利亚 共和党人抨击特朗普","url":"http://m.sohu.com/subject/318169"}],"getDataKey":"TextFocusNews"},{"compName":"TextVideoNews","spmCode":"rt-promo","serverRender":true,"videoData":[],"liveData":[],"getDataKey":"TextVideoNews","isRecentReadShow":false},{"compName":"PlateBlock","spmCode":"important","serverRender":true,"insertAdData":[{"itemspaceid":12416,"maxTurn":3,"adps":"160001","position":3,"type":22},{"itemspaceid":15690,"maxTurn":3,"adps":"160001","position":10,"type":22},{"itemspaceid":12278,"maxTurn":3,"adps":"160001","position":16,"type":22},{"itemspaceid":13702,"maxTurn":3,"adps":"160001","type":22,"position":23}],"orderId":-3,"channelId":8,"acquiredFromBackend":true,"topLeftLinks":[{"title":"要闻","url":"/cpn/1","showOrder":0}],"promoLinks":[{"title":"军事","url":"/ch/10","showOrder":0},{"title":"\n  专题","url":"/subject","showOrder":1},{"title":"\n  图库","url":"//m.sohu.com/picture?spm=smwp.home.nav-important.4.1546410243706PSID1g4","showOrder":2},{"title":"\n  视频","url":"/v","showOrder":3}],"news":[{"id":0,"authorId":0,"title":"中方迫使美企放弃价值观？外交部回应","url":"/a/346032403_428290","outerLink":false,"html":false,"resourceType":1,"promo":false},{"id":0,"authorId":0,"title":"NBA中国赛上海站比赛今晚仍将按时举行","url":"/a/345995288_161795","outerLink":false,"html":false,"resourceType":1,"promo":false},{"id":0,"authorId":0,"title":"斩断\"套现\"买房:银行陆续叫停信用卡买房","url":"/a/346003455_538698","outerLink":false,"html":false,"resourceType":1,"promo":false},{"itemspaceid":12416,"maxTurn":3,"adps":"160001","position":3,"type":22},{"id":0,"authorId":0,"title":"香港政务司:2379人被拘 104人是16岁以下","url":"/a/346049665_114988","outerLink":false,"html":false,"resourceType":1,"promo":false},{"id":0,"authorId":0,"title":"四川原副省长彭宇行被开除党籍:权色交易","url":"/a/346052117_123753","outerLink":false,"html":false,"resourceType":1,"promo":false},{"id":0,"authorId":0,"title":"研究生涉肢解虐杀流浪狗 正接受警方调查","url":"/a/346030269_260616","outerLink":false,"html":false,"resourceType":1,"promo":false},{"id":0,"authorId":0,"title":"屡次陪跑的村上春树:不需要诺贝尔文学奖","url":"https://m.sohu.com/subject/318110","outerLink":false,"html":false,"resourceType":1,"promo":false},{"id":0,"authorId":0,"title":"省委书记之子受贿过亿 自称\"如推磨小鬼\"","url":"/a/346031015_220095","outerLink":false,"html":false,"resourceType":1,"promo":false},{"id":0,"authorId":0,"title":"阿拉善越野赛传出聚众淫乱视频?官方辟谣","url":"/a/346003104_260616","outerLink":false,"html":false,"resourceType":1,"promo":false},{"itemspaceid":15690,"maxTurn":3,"adps":"160001","position":10,"type":22},{"id":0,"authorId":0,"title":"全国首例！男子负债百万却只需还3.2万","url":"/a/345920586_115479","outerLink":false,"html":false,"resourceType":1,"promo":false},{"id":0,"authorId":0,"title":"14人盗伐116株 重大红豆杉盗伐案宣判","url":"/a/346059578_123753","outerLink":false,"html":false,"resourceType":1,"promo":false},{"id":0,"authorId":0,"title":"教学楼烂尾5年被曝光后12天完成 打谁脸?","url":"/a/346033980_665455","outerLink":false,"html":false,"resourceType":1,"promo":false},{"id":0,"authorId":0,"title":"父亲因女儿与同学摩擦杀害同学 这样辩解","url":"/a/345894791_123753","outerLink":false,"html":false,"resourceType":1,"promo":false},{"id":0,"authorId":0,"title":"土耳其出兵:英法反对 特朗普称\"坏主意\"","url":"https://m.sohu.com/subject/318162","outerLink":false,"html":false,"resourceType":1,"promo":false},{"itemspaceid":12278,"maxTurn":3,"adps":"160001","position":16,"type":22},{"id":0,"authorId":0,"title":"湖北省厅官杜云生被开除党籍 已退休4年","url":"/a/346056730_428290","outerLink":false,"html":false,"resourceType":1,"promo":false},{"id":0,"authorId":0,"title":"诺贝尔物理学奖得主:我们非宇宙唯一生命","url":"/a/346002690_123753","outerLink":false,"html":false,"resourceType":1,"promo":false},{"id":0,"authorId":0,"title":"法拉利深夜炸街 居民拍视频举报警方介入","url":"/a/346061697_260616","outerLink":false,"html":false,"resourceType":1,"promo":false},{"id":0,"authorId":0,"title":"墨西哥市长未兑现修路承诺 被绑车上拖行","url":"/a/345988441_115376","outerLink":false,"html":false,"resourceType":1,"promo":false},{"id":0,"authorId":0,"title":"女子宫外孕后患精神障碍 丈夫将其丢娘家","url":"/a/346033436_260616","outerLink":false,"html":false,"resourceType":1,"promo":false},{"id":0,"authorId":0,"title":"李国庆谈妻子\"逼宫\"怒砸水杯:不能原谅","url":"/a/346010163_115479","outerLink":false,"html":false,"resourceType":1,"promo":false},{"itemspaceid":13702,"maxTurn":3,"adps":"160001","type":22,"position":23}],"bottomChannels":[{"title":"要闻","url":"/cpn/1","showOrder":0}],"channelNameEn":"important","channelNameZh":"要闻","channelLink":"/ch/8"},{"compName":"PlateBlockAd","spmCode":"important","serverRender":false,"adData":[{"adData":{"itemspaceid":12274,"itemspaceidTest":12931,"maxTurn":3,"adps":"30000002","type":"banner"},"backup":{"adData":{"itemspaceid":"u4507449","qpbUrl":"//qpb.sohu.com/source/lg-cd/source/mh-cc/static/o.js"},"adType":"BAIDUUNION"}}],"specialAdData":{"compName":"SpecialVideoAd","spmCode":"SpecialAd"}},{"compName":"PlateBlock","spmCode":"yule","serverRender":true,"insertAdData":[{"itemspaceid":12418,"maxTurn":3,"adps":"160001","position":3,"type":22},{"itemspaceid":12281,"maxTurn":3,"adps":"160001","type":22,"position":8}],"orderId":1,"channelId":19,"acquiredFromBackend":true,"topLeftLinks":[{"title":"\n  娱乐","url":"//m.sohu.com/yule","showOrder":0}],"promoLinks":[{"title":"\n  影视圈","url":"//m.sohu.com/yule?tab=movietv","showOrder":0},{"title":"\n  短视频","url":"//m.sohu.com/yule?tab=video","showOrder":1},{"title":"\n  美图","url":"//m.sohu.com/yule?tab=meitu","showOrder":2}],"focus":[{"id":0,"authorId":0,"title":"黎姿秀性感美背 分享48岁保持好身材秘诀","focus":"http://29e5534ea20a8.cdn.sohucs.com/c_cut,x_0,y_0,w_449,h_300/os/news/9b9ee859b4b883263f6dcf3824157231.jpg","url":"https://www.sohu.com/picture/346025056","outerLink":false,"html":false,"resourceType":1,"promo":false},{"id":0,"authorId":0,"title":"47岁的宁静竟老成了这样 法令纹太可怕了","focus":"http://29e5534ea20a8.cdn.sohucs.com/c_cut,x_195,y_45,w_270,h_180/c_cut,x_0,y_47,w_682,h_454/os/news/8de438028873a08534c07361848b8832.jpg","url":"https://www.sohu.com/picture/345919029","outerLink":false,"html":false,"resourceType":1,"promo":false}],"news":[{"id":0,"authorId":0,"title":"《家有儿女》“胡一统” 坐街边苍老难认","url":"https://www.sohu.com/picture/345996594","outerLink":false,"html":false,"resourceType":1,"promo":false},{"id":0,"authorId":0,"title":"李晨恋富商千金?范冰冰真事业爱情双受挫","url":"/a/345932878_356941","outerLink":false,"html":false,"resourceType":1,"promo":false},{"id":0,"authorId":0,"title":"图|59岁钟楚红逛街买菜 打扮朴素似大妈","focus":"http://29e5534ea20a8.cdn.sohucs.com/os/news/a3c4308dc25003a35dded70e3970c618.jpg","url":"https://www.sohu.com/picture/345995875","outerLink":false,"html":false,"resourceType":1,"promo":false},{"itemspaceid":12418,"maxTurn":3,"adps":"160001","position":3,"type":22},{"id":0,"authorId":0,"title":"张国立疯狂捞金,三德子养鸡娶小15岁辣妹","focus":"http://29e5534ea20a8.cdn.sohucs.com/os/news/a3c4308dc25003a35dded70e3970c618.jpg","url":"/a/346022738_413670","outerLink":false,"html":false,"resourceType":1,"promo":false},{"id":0,"authorId":0,"title":"段奕宏自曝暗恋陶虹 深夜携妻聚餐秀恩爱","url":"https://www.sohu.com/picture/345960200","outerLink":false,"html":false,"resourceType":1,"promo":false},{"id":0,"authorId":0,"title":"章子怡屡传怀二胎 汪峰能否求子成功吗?","focus":"http://29e5534ea20a8.cdn.sohucs.com/os/news/a3c4308dc25003a35dded70e3970c618.jpg","url":"/a/345960237_356941","outerLink":false,"html":false,"resourceType":1,"promo":false},{"id":0,"authorId":0,"title":"86岁游本昌拍男人装 是你印象中的济公吗","focus":"http://29e5534ea20a8.cdn.sohucs.com/os/news/a3c4308dc25003a35dded70e3970c618.jpg","url":"https://www.sohu.com/picture/346006720","outerLink":false,"html":false,"resourceType":1,"promo":false},{"itemspaceid":12281,"maxTurn":3,"adps":"160001","type":22,"position":8}],"bottomChannels":[{"title":"\n  娱乐","url":"//m.sohu.com/yule","showOrder":0}],"channelNameEn":"yule","channelNameZh":"娱乐","channelLink":"//m.sohu.com/c/4/"},{"compName":"PlateBlockAd","spmCode":"yule","serverRender":false,"adData":[{"adData":{"itemspaceid":13818,"itemspaceidTest":14321,"maxTurn":3,"adps":"30000002","type":"banner"},"backup":{"adData":{"itemspaceid":"u4467769","qpbUrl":"//qpb.sohu.com/common/v/q_mm/source/p_rrpy.js"},"adType":"BAIDUUNION"}}]},{"compName":"PlateBlock","spmCode":"sports","childComps":[{"compName":"HotGames","spmCodeList":"livelink-sports","spmCodeLive":"live-sports"}],"serverRender":true,"insertAdData":[{"itemspaceid":12419,"maxTurn":3,"adps":"160001","position":3,"type":22},{"itemspaceid":12280,"maxTurn":3,"adps":"160001","type":22,"position":9}],"orderId":2,"channelId":17,"acquiredFromBackend":true,"topLeftLinks":[{"title":"\n  体育","url":"//m.sohu.com/z/","showOrder":0}],"promoLinks":[{"title":"\n  NBA","url":"https://m.sohu.com/z/nba/","showOrder":0},{"title":"\n  CBA","url":"https://m.sohu.com/z/cba/ ","showOrder":1},{"title":"\n  中超","url":"//m.sohu.com/c/82/?_once_=000025_xiaodaohang_tiyu_3v3","showOrder":2},{"title":"\n  直播","url":"//m.sohu.com/z/live/","showOrder":3}],"focus":[{"id":0,"authorId":0,"title":"阿根廷2-2德国 德国众星一脸懵圈","focus":"http://29e5534ea20a8.cdn.sohucs.com/c_cut,x_48,y_25,w_495,h_330/os/news/ee08e2b8bdabc546a90d1fd06f839e39.jpg","url":"/picture/345911350","outerLink":false,"html":false,"resourceType":1,"promo":false},{"id":0,"authorId":0,"title":"国足赛前最后一练 里皮技痒现场大秀球技","focus":"http://29e5534ea20a8.cdn.sohucs.com/c_cut,x_64,y_12,w_886,h_590/os/news/d419e87cfc422a51ff3263cf8d6075e4.jpg","url":"/picture/345828961","outerLink":false,"html":false,"resourceType":1,"promo":false}],"news":[{"id":0,"authorId":0,"title":"国足队内人士:如主场打关岛丢球等于失败","url":"/a/345855300_463728","outerLink":false,"html":false,"resourceType":1,"promo":false},{"id":0,"authorId":0,"title":"国足赛事预告武磊成主角 赛前放爱国歌曲","url":"/a/346018766_463728","outerLink":false,"html":false,"resourceType":1,"promo":false},{"id":0,"authorId":0,"title":"哈登：支持肖华 每个人都拥有言论自由","url":"/a/345871731_458722","outerLink":false,"html":false,"resourceType":1,"promo":false},{"itemspaceid":12419,"maxTurn":3,"adps":"160001","position":3,"type":22},{"id":0,"authorId":0,"title":"库里：不太了解中国的历史 无法发表看法","url":"/a/345928532_458722","outerLink":false,"html":false,"resourceType":1,"promo":false},{"id":0,"authorId":0,"title":"林书豪与孙悦马布里同框:德比10月12日上演","url":"/a/346016543_461606","outerLink":false,"html":false,"resourceType":1,"promo":false},{"id":0,"authorId":0,"title":"比利时前瞻:红魔盼成首支出线队","url":"/a/345981613_461392","outerLink":false,"html":false,"resourceType":1,"promo":false},{"id":0,"authorId":0,"title":"荷兰前瞻:郁金香出线关键战德佩再Carry？","url":"/a/345980927_461392","outerLink":false,"html":false,"resourceType":1,"promo":false},{"id":0,"authorId":0,"title":"曾被当做废物的他，终成为世界顶级巨星","url":"//m.sohu.com/promotion?posId=10070101&itemId=10420&link=XwMVvW0g3gVbbq4RYSD5nbCPNS93FuMKAvNg9eRSXJAB69y8rmGD63kZ1D%2BaA9t9EWniKkPb7oJ98B%2BeJbbInJDE6%2BGt2l8jzeQbzYlKVfqOpf9nlETqbETtrHaPLLBRJ56kLBuuSDj3MjtIZwTLWNzMDMikMBNEQ9WxHYc9XeU%3D","outerLink":false,"html":false,"resourceType":1,"promo":true},{"itemspaceid":12280,"maxTurn":3,"adps":"160001","type":22,"position":9}],"bottomChannels":[{"title":"\n  体育","url":"//m.sohu.com/z/","showOrder":0}],"channelNameEn":"sports","channelNameZh":"体育","channelLink":"//m.sohu.com/c/3/"},{"compName":"PlateBlockAd","spmCode":"sports","serverRender":false,"adData":[{"adData":{"itemspaceid":13819,"itemspaceidTest":14321,"maxTurn":3,"adps":"30000002","type":"banner"},"backup":{"adData":{"itemspaceid":" u4507446","qpbUrl":"//qpb.sohu.com/site/idza_j/openjs/ezz/common/c.js"},"adType":"BAIDUUNION"}}]},{"compName":"PlateBlock","spmCode":"business","childComps":[{"compName":"OptionalStock"}],"serverRender":true,"insertAdData":[{"itemspaceid":12417,"maxTurn":3,"adps":"160001","position":3,"type":22},{"itemspaceid":12279,"maxTurn":3,"adps":"160001","type":22,"position":10}],"orderId":3,"channelId":15,"acquiredFromBackend":true,"topLeftLinks":[{"title":"\n  财经","url":"/ch/15","showOrder":0}],"promoLinks":[{"title":"\n  宏观","url":"/ch/15/994","showOrder":0},{"title":"\n  理财","url":"/ch/15/998","showOrder":1},{"title":"\n  股票","url":"/ch/15/997","showOrder":2}],"news":[{"id":345995036,"authorId":0,"title":"发生了啥?人民币暴涨700点,之前还曾小幅跳水","mobileTitle":"发生了啥?人民币暴涨700点,之前还曾小幅跳水","focus":"//5b0988e595225.cdn.sohucs.com/q_70,c_lfill,w_228,h_148,g_faces/images/20191010/fa68d478ab1748478276d54725a134d3.jpeg","url":"/a/345995036_115433?scm=1002.500047.0.0-0","outerLink":false,"html":false,"pcm":"","resourceType":1,"contentType":2,"promo":false},{"id":345913318,"authorId":0,"title":"人财两空！7天长假仅60万内地游客入境香港","mobileTitle":"人财两空！7天长假仅60万内地游客入境香港","focus":"//5b0988e595225.cdn.sohucs.com/q_70,c_lfill,w_228,h_148,g_faces/images/20191010/6de39069039846e98f51eeee4e60224d.jpg","url":"/a/345913318_115362?scm=1002.500047.0.0-0","outerLink":false,"html":false,"pcm":"","resourceType":1,"contentType":2,"promo":false},{"id":345932707,"authorId":0,"title":"失去中国市场影响多大?曝NBA工资下调15%","mobileTitle":"失去中国市场影响多大?曝NBA工资下调15%","focus":"//5b0988e595225.cdn.sohucs.com/q_70,c_lfill,w_228,h_148,g_faces/images/20191010/064d0ef3b78445f6a97d0cb823cae3be.jpeg","url":"/a/345932707_510807?scm=1002.500047.0.0-0","outerLink":false,"html":false,"pcm":"","resourceType":1,"contentType":2,"promo":false},{"itemspaceid":12417,"maxTurn":3,"adps":"160001","position":3,"type":22},{"id":345985388,"authorId":0,"title":"任正非:支持华为内部用“美国砖”修“万里长城”","mobileTitle":"任正非:支持华为内部用“美国砖”修“万里长城”","focus":"//5b0988e595225.cdn.sohucs.com/q_70,c_lfill,w_228,h_148,g_faces/images/20191010/cd5824efc6b3479a90abbc3595613558.jpeg","url":"/a/345985388_114988?scm=1002.500047.0.0-0","outerLink":false,"html":false,"pcm":"","resourceType":1,"contentType":2,"promo":false},{"id":345922390,"authorId":0,"title":"跟着美封杀华为的企业压力大!还想继续背锅?","mobileTitle":"跟着美封杀华为的企业压力大!还想继续背锅?","focus":"//5b0988e595225.cdn.sohucs.com/q_70,c_lfill,w_228,h_148,g_faces/images/20191010/2a72d459e7354bf1bac22b006877fa57.jpeg","url":"/a/345922390_260616?scm=1002.500047.0.0-0","outerLink":false,"html":false,"pcm":"","resourceType":1,"contentType":2,"promo":false},{"id":346002205,"authorId":0,"title":"李国庆摔杯一怒为俞渝:她用阴谋把我赶出当当","mobileTitle":"李国庆摔杯一怒为俞渝:她用阴谋把我赶出当当","focus":"//5b0988e595225.cdn.sohucs.com/q_70,c_lfill,w_228,h_148,g_faces/images/20191010/a5a9befc45954161b54f2d5ebf371f4b.jpeg","url":"/a/346002205_114984?scm=1002.500047.0.0-0","outerLink":false,"html":false,"pcm":"","resourceType":1,"contentType":2,"promo":false},{"id":346045429,"authorId":0,"title":"4家中国车企被曝申请破产,猎豹力帆:子虚乌有","mobileTitle":"4家中国车企被曝申请破产,猎豹力帆:子虚乌有","focus":"//5b0988e595225.cdn.sohucs.com/q_70,c_lfill,w_228,h_148,g_faces/images/20191010/351134e336114c6d8560b1fe7d8af78c.jpeg","url":"/a/346045429_538698?scm=1002.500047.0.0-0","outerLink":false,"html":false,"pcm":"","resourceType":1,"contentType":2,"promo":false},{"id":346040837,"authorId":0,"title":"贷款额度提升、买房补贴现金!楼市要“闹哪样”？","mobileTitle":"贷款额度提升、买房补贴现金!楼市要“闹哪样”？","focus":"//5b0988e595225.cdn.sohucs.com/q_70,c_lfill,w_228,h_148,g_faces/images/20191010/bf02b564e2bb4411bee2f20178ce2b34.jpeg","url":"/a/346040837_260616?scm=1002.500047.0.0-0","outerLink":false,"html":false,"pcm":"","resourceType":1,"contentType":2,"promo":false},{"id":346048204,"authorId":0,"title":"台湾节目惊叹大陆黑科技,网友:又来骗翻译机？","mobileTitle":"台湾节目惊叹大陆黑科技,网友:又来骗翻译机？","focus":"//5b0988e595225.cdn.sohucs.com/q_70,c_lfill,w_228,h_148,g_faces/images/20191010/90ebe309534b45bcbe250a767225a9d8.jpg","url":"/a/346048204_115479?scm=1002.500047.0.0-0","outerLink":false,"html":false,"pcm":"","resourceType":1,"contentType":2,"promo":false},{"itemspaceid":12279,"maxTurn":3,"adps":"160001","type":22,"position":10}],"bottomChannels":[{"title":"\n  财经","url":"/ch/15","showOrder":0}],"channelNameEn":"business","channelNameZh":"财经","channelLink":"/ch/15"},{"compName":"PlateBlockAd","spmCode":"business","serverRender":false,"adData":[{"adData":{"itemspaceid":12275,"itemspaceidTest":12931,"maxTurn":3,"adps":"30000002","type":"banner"},"backup":{"adData":{"itemspaceid":"u4507478","qpbUrl":"//qpb.sohu.com/production/n/static/ie/fojej-k.js"},"adType":"BAIDUUNION"}}]},{"compName":"PlateBlock","spmCode":"auto","serverRender":true,"insertAdData":[{"itemspaceid":12424,"maxTurn":3,"adps":"160001","position":3,"type":22},{"itemspaceid":12292,"maxTurn":3,"adps":"160001","type":22,"position":7}],"orderId":4,"channelId":18,"acquiredFromBackend":true,"topLeftLinks":[{"title":"\n  汽车","url":"//m.auto.sohu.com","showOrder":0}],"promoLinks":[{"title":"\n  选车","url":"//db.m.auto.sohu.com/","showOrder":0},{"title":"\n  降价","url":"//db.m.auto.sohu.com/jiangjia/0-0-0-all-all-td-0.shtml","showOrder":1},{"title":"\n  好车榜","url":"//haochebang.auto.sohu.com/show/","showOrder":2},{"title":"\n  精彩视频","url":"http://db.m.auto.sohu.com/video","showOrder":3}],"focus":[{"id":0,"authorId":0,"title":"加长/三厢显诚意 试北京奔驰A 220 L","focus":"http://29e5534ea20a8.cdn.sohucs.com/c_cut,x_41,y_-6,w_1257,h_838/os/news/8e06dc5d571809cfe955ffebb273e012.jpg","url":"/a/345858122_430555","outerLink":false,"html":false,"resourceType":1,"promo":false},{"id":0,"authorId":0,"title":"混动MPV内战 奥德赛&艾力绅谁能更胜一筹","focus":"http://29e5534ea20a8.cdn.sohucs.com/c_cut,x_39,y_0,w_359,h_239/os/news/f068b3b1b387738b0ee0acad3c02898.jpg","url":"/a/345916214_383324","outerLink":false,"html":false,"resourceType":1,"promo":false}],"news":[{"id":0,"authorId":0,"title":"凯迪拉克CT5领衔 近期重磅上市新车前瞻","focus":"http://29e5534ea20a8.cdn.sohucs.com/os/news/a3c4308dc25003a35dded70e3970c618.jpg","url":"http://m.auto.sohu.com","outerLink":false,"html":false,"resourceType":1,"promo":false},{"id":0,"authorId":0,"title":"广州车展首发亮相 新款迈腾将于12月上市","url":"/a/345848719_235058","outerLink":false,"html":false,"resourceType":1,"promo":false},{"id":0,"authorId":0,"title":"曝丰田全新SUV官图!搭1.0T引擎/下月亮相","url":"/a/345971750_115342","outerLink":false,"html":false,"resourceType":1,"promo":false},{"itemspaceid":12424,"maxTurn":3,"adps":"160001","position":3,"type":22},{"id":0,"authorId":0,"title":"美日对决！实测亚洲龙/君越谁用料更好？","url":"/a/345757637_430693","outerLink":false,"html":false,"resourceType":1,"promo":false},{"id":0,"authorId":0,"title":"别克7座中大型SUV定名昂科旗 预年内上市","url":"/a/345975602_430526","outerLink":false,"html":false,"resourceType":1,"promo":false},{"id":0,"authorId":0,"title":"最易搞混的四组道路标志 连老司机都中招","url":"/a/345943926_478072","outerLink":false,"html":false,"resourceType":1,"promo":false},{"itemspaceid":12292,"maxTurn":3,"adps":"160001","type":22,"position":7}],"bottomChannels":[{"title":"\n  汽车","url":"//m.auto.sohu.com","showOrder":0},{"title":"\n  二手车","url":"//m.2sc.sohu.com/","showOrder":1}],"channelNameEn":"auto","channelNameZh":"汽车","channelLink":"//m.auto.sohu.com"},{"compName":"AsspAd","adData":{"itemspaceid":"u4467771","adType":"BAIDUUNION","qpbUrl":"//qpb.sohu.com/common/oj-f-fikk/source/ks.js"}},{"compName":"PlateBlock","spmCode":"house","serverRender":true,"orderId":5,"channelId":0,"acquiredFromBackend":false,"topLeftLinks":[{"title":"\n  房产","url":"","showOrder":0}],"channelNameEn":"house","channelNameZh":"房产"},{"compName":"PlateBlock","spmCode":"mil","serverRender":true,"insertAdData":[{"itemspaceid":12420,"maxTurn":3,"adps":"160001","position":3,"type":22},{"itemspaceid":12288,"maxTurn":3,"adps":"160001","type":22,"position":9}],"orderId":6,"channelId":10,"acquiredFromBackend":true,"topLeftLinks":[{"title":"\n  军事","url":"/ch/10","showOrder":0}],"promoLinks":[{"title":"\n  环球","url":"/ch/10/1469","showOrder":0},{"title":"\n  国防","url":"/ch/10/1468","showOrder":1},{"title":"\n  兵器","url":"/ch/10/1470","showOrder":2},{"title":"\n  军史","url":"/column/10533","showOrder":3}],"focus":[{"id":345983610,"authorId":120254905,"authorName":"沙场风云录","title":"海军神秘“三体舰”罕见露面，我国高性能船舶“高歌猛进”","mobileTitle":"海军神秘“三体舰”罕见露面，我国高性能船舶“高歌猛进”","focus":"//5b0988e595225.cdn.sohucs.com/q_70,c_fill,w_320,h_240,g_faces/images/20191010/59446dde8d7743c0b09140b59b5d13d3.jpeg","relativeUrl":"/a/345983610_120254905","outerLink":false,"html":false,"resourceType":1,"promo":false},{"id":345950419,"authorId":100244003,"authorName":"浅聊军事","title":"世界最强十大飞机排行榜！F-35闪电上榜，歼-20综合性能强","mobileTitle":"世界最强十大飞机排行榜！F-35闪电上榜，歼-20综合性能强","focus":"//5b0988e595225.cdn.sohucs.com/q_70,c_fill,w_320,h_240,g_faces/images/20191010/524d125bd680466ea041177e0ce351d0.jpeg","relativeUrl":"/a/345950419_100244003","outerLink":false,"html":false,"resourceType":1,"promo":false}],"news":[{"id":345948670,"authorId":0,"title":"印度公布世界军事排名 印度自己的排名亮了","mobileTitle":"印度公布世界军事排名 印度自己的排名亮了","focus":"//5b0988e595225.cdn.sohucs.com/q_70,c_lfill,w_228,h_148,g_faces/images/20191010/a80d244804a64072b7f27ecc6c2858ff.jpeg","url":"/a/345948670_100244003?scm=1002.500047.0.0-0","outerLink":false,"html":false,"pcm":"","resourceType":1,"contentType":2,"promo":false},{"id":345975376,"authorId":0,"title":"国产“UFO”航展首次登场 翼身融合战力强劲","mobileTitle":"国产“UFO”航展首次登场 翼身融合战力强劲","focus":"//5b0988e595225.cdn.sohucs.com/q_70,c_lfill,w_228,h_148,g_faces/images/20191010/2d0b317f84bf4cfbb9625df92378b8da.jpg","url":"/a/345975376_759851?scm=1002.500047.0.0-0","outerLink":false,"html":false,"pcm":"","resourceType":1,"contentType":2,"promo":false},{"id":345987806,"authorId":0,"title":"土耳其战机空袭美军基地 40名指挥官被炸飞","mobileTitle":"土耳其战机空袭美军基地 40名指挥官被炸飞","focus":"//5b0988e595225.cdn.sohucs.com/q_70,c_lfill,w_228,h_148,g_faces/images/20191010/78202295485449009749ca91f843f1a9.jpeg","url":"/a/345987806_100030585?scm=1002.500047.0.0-0","outerLink":false,"html":false,"pcm":"","resourceType":1,"contentType":2,"promo":false},{"itemspaceid":12420,"maxTurn":3,"adps":"160001","position":3,"type":22},{"id":346032188,"authorId":0,"title":"知恩图报！此国第一批20万桶石油全给中国","mobileTitle":"知恩图报！此国第一批20万桶石油全给中国","focus":"//5b0988e595225.cdn.sohucs.com/q_70,c_lfill,w_228,h_148,g_faces/images/20191010/a68d192e04d14a4f8db78a17adcf9182.jpeg","url":"/a/346032188_638238?scm=1002.500047.0.0-0","outerLink":false,"html":false,"pcm":"","resourceType":1,"contentType":2,"promo":false},{"id":346010307,"authorId":0,"title":"俄罗斯穷吗？莫斯科人均年收入多少钱？","mobileTitle":"俄罗斯穷吗？莫斯科人均年收入多少钱？","focus":"//5b0988e595225.cdn.sohucs.com/q_70,c_lfill,w_228,h_148,g_faces/images/20191010/4fc077405d014f4992ff105c22d9b98f.jpeg","url":"/a/346010307_104543?scm=1002.500047.0.0-0","outerLink":false,"html":false,"pcm":"","resourceType":1,"contentType":2,"promo":false},{"id":346006773,"authorId":0,"title":"有明确侦察目的？连续第4天，美军一架侦察机出现在华南沿海上空  ","mobileTitle":"有明确侦察目的？连续第4天，美军一架侦察机出现在华南沿海上空  ","focus":"//5b0988e595225.cdn.sohucs.com/q_70,c_lfill,w_228,h_148,g_faces/images/20191010/94c70ceabb7f46e98e6f8f45174b64ca.jpg","url":"/a/346006773_603639?scm=1002.500047.0.0-0","outerLink":false,"html":false,"pcm":"","resourceType":1,"contentType":2,"promo":false},{"id":346011481,"authorId":0,"title":"比东风-17还神秘，长剑-100巡航导弹有多猛？西方国家都没见过","mobileTitle":"比东风-17还神秘，长剑-100巡航导弹有多猛？西方国家都没见过","focus":"//5b0988e595225.cdn.sohucs.com/q_70,c_lfill,w_228,h_148,g_faces/images/20191010/b851bc5d3a4b429d859a8ece809bf9e5.jpeg","url":"/a/346011481_100012254?scm=1002.500047.0.0-0","outerLink":false,"html":false,"pcm":"","resourceType":1,"contentType":2,"promo":false},{"id":345996903,"authorId":0,"title":"唯一航母报废，俄含泪说出一句话","mobileTitle":"唯一航母报废，俄含泪说出一句话","focus":"//5b0988e595225.cdn.sohucs.com/q_70,c_lfill,w_228,h_148,g_faces/images/20191010/2617dcad8f4a4b60841f57c000912940.jpg","url":"/a/345996903_637401?scm=1002.500047.0.0-0","outerLink":false,"html":false,"pcm":"","resourceType":1,"contentType":2,"promo":false},{"itemspaceid":12288,"maxTurn":3,"adps":"160001","type":22,"position":9}],"bottomChannels":[{"title":"\n  军事","url":"/ch/10","showOrder":0}],"channelNameEn":"mil","channelNameZh":"军事","channelLink":"/ch/10"},{"compName":"AsspAd","adData":{"itemspaceid":"u4420715","adType":"BAIDUUNION","qpbUrl":"//qpb.sohu.com/common/b-w/resource/s-slc/source/xft.js"}},{"compName":"PlateBlock","spmCode":"it","serverRender":true,"insertAdData":[{"itemspaceid":12423,"maxTurn":3,"adps":"160001","position":3,"type":22},{"itemspaceid":12290,"maxTurn":3,"adps":"160001","type":22,"position":7}],"orderId":7,"channelId":30,"acquiredFromBackend":true,"topLeftLinks":[{"title":"\n  科技","url":"/ch/30","showOrder":0}],"promoLinks":[{"title":"\n  科学","url":"/column/10420","showOrder":-1},{"title":"\n  5G","url":"/subject/316065","showOrder":0},{"title":"\n  通讯","url":"/ch/30/934","showOrder":1},{"title":"\n  数码","url":"/column/10590","showOrder":2}],"focus":[{"id":345839588,"authorId":545377,"authorName":"财经无忌","title":"分手NBA 腾讯体育成了风波里最大的输家","mobileTitle":"分手NBA 腾讯体育成了风波里最大的输家","focus":"//5b0988e595225.cdn.sohucs.com/q_70,c_fill,w_320,h_240,g_faces/images/20191010/6f7c1e9c1fb143cf8cd179ead4c74663.jpeg","relativeUrl":"/a/345839588_545377","outerLink":false,"html":false,"resourceType":1,"promo":false},{"id":345966626,"authorId":355019,"authorName":"差评","title":"8家公司又上美国实体清单，美国到底在怕什么","mobileTitle":"8家公司又上美国实体清单，美国到底在怕什么","focus":"//5b0988e595225.cdn.sohucs.com/q_70,c_fill,w_320,h_240,g_faces/images/20191010/f96884bf9fc94945838122ad6ec0fbf4.jpg","relativeUrl":"/a/345966626_355019","outerLink":false,"html":false,"resourceType":1,"promo":false}],"news":[{"id":346045217,"authorId":0,"title":"苹果下架这款“乱港暴徒好帮手App”！","mobileTitle":"苹果下架这款“乱港暴徒好帮手App”！","focus":"//5b0988e595225.cdn.sohucs.com/q_70,c_lfill,w_228,h_148,g_faces/images/20191010/a81c3df7e98f4e73b18dc6839b66ca9a.jpeg","url":"/a/346045217_148781?scm=1002.500047.0.0-0","outerLink":false,"html":false,"pcm":"","resourceType":1,"contentType":2,"promo":false},{"id":345916871,"authorId":0,"title":"“非洲之王”:一张图赔28万部手机?华为遭diss","mobileTitle":"“非洲之王”:一张图赔28万部手机?华为遭diss","focus":"//5b0988e595225.cdn.sohucs.com/q_70,c_lfill,w_228,h_148,g_faces/images/20191010/6389e2c7a5874de097ee500da561177f.jpeg","url":"/a/345916871_711825?scm=1002.500047.0.0-0","outerLink":false,"html":false,"pcm":"","resourceType":1,"contentType":2,"promo":false},{"id":346011643,"authorId":0,"title":"任正非谈鸿蒙：不需要两到三年就可与ios媲美","mobileTitle":"任正非谈鸿蒙：不需要两到三年就可与ios媲美","focus":"//5b0988e595225.cdn.sohucs.com/q_70,c_lfill,w_228,h_148,g_faces/images/20191010/885bdfa7d1b249b39b47968547af5647.jpeg","url":"/a/346011643_250147?scm=1002.500047.0.0-0","outerLink":false,"html":false,"pcm":"","resourceType":1,"contentType":2,"promo":false},{"itemspaceid":12423,"maxTurn":3,"adps":"160001","position":3,"type":22},{"id":345849938,"authorId":0,"title":"中国的计算机视觉 为什么成了美国的眼中钉？","mobileTitle":"中国的计算机视觉 为什么成了美国的眼中钉？","focus":"//5b0988e595225.cdn.sohucs.com/q_70,c_lfill,w_228,h_148,g_faces/images/20191009/2da8393fb7e94871847f9ca368669528.jpeg","url":"/a/345849938_99997500?scm=1002.500047.0.0-0","outerLink":false,"html":false,"pcm":"","resourceType":1,"contentType":2,"promo":false},{"id":346005352,"authorId":0,"title":"李国庆访谈中怒摔水杯：自己离开是因为“逼宫”","mobileTitle":"李国庆访谈中怒摔水杯：自己离开是因为“逼宫”","focus":"//5b0988e595225.cdn.sohucs.com/q_70,c_lfill,w_228,h_148,g_faces/images/20191010/74c042bb715d46678a026742f23323ec.jpeg","url":"/a/346005352_114774?scm=1002.500047.0.0-0","outerLink":false,"html":false,"pcm":"","resourceType":1,"contentType":2,"promo":false},{"id":346006594,"authorId":0,"title":"WeWork败局和共享经济的未来","mobileTitle":"WeWork败局和共享经济的未来","focus":"//5b0988e595225.cdn.sohucs.com/q_70,c_lfill,w_228,h_148,g_faces/images/20191010/ab049b7c349946ffb568a26bba9b76a6.jpeg","url":"/a/346006594_118622?scm=1002.500047.0.0-0","outerLink":false,"html":false,"pcm":"","resourceType":1,"contentType":2,"promo":false},{"itemspaceid":12290,"maxTurn":3,"adps":"160001","type":22,"position":7}],"bottomChannels":[{"title":"\n  科技","url":"/ch/30","showOrder":0}],"channelNameEn":"it","channelNameZh":"科技","channelLink":"/ch/30"},{"compName":"PlateBlockAd","spmCode":"it","serverRender":false,"adData":[{"adData":{"itemspaceid":16185,"itemspaceidTest":16185,"maxTurn":1,"adps":"30000002","type":"banner"}}]},{"compName":"PlateBlock","spmCode":"subject","serverRender":true,"insertAdData":[{"itemspaceid":12426,"maxTurn":3,"adps":"160001","position":3,"type":22},{"itemspaceid":12293,"maxTurn":3,"adps":"160001","type":22,"position":7}],"orderId":8,"channelId":0,"acquiredFromBackend":true,"topLeftLinks":[{"title":"\n  专题","url":"/subject","showOrder":0}],"promoLinks":[{"title":"\n  图库","url":"/column/10624","showOrder":0}],"news":[{"id":318172,"authorId":0,"title":"连跳绳也不能输在起跑线了！家长：我好难","mobileTitle":"连跳绳也不能输在起跑线了！家长：我好难","focus":"//29e5534ea20a8.cdn.sohucs.com/q_70,c_lfill,w_228,h_148,g_faces/os/news/153bbbeeafc7898cc81e0d6ece4e5726.jpg","url":"/subject/318172?scm=1002.400064.0.0-0","outerLink":false,"html":false,"pcm":"","resourceType":1,"contentType":186,"promo":false},{"id":318178,"authorId":0,"title":"一条\"Lolita\"炒上十万元,\"炒裙子\"比\"炒鞋\"\"炒盲盒\"还疯狂?","mobileTitle":"一条\"Lolita\"炒上十万元,\"炒裙子\"比\"炒鞋\"\"炒盲盒\"还疯狂?","focus":"//29e5534ea20a8.cdn.sohucs.com/q_70,c_lfill,w_228,h_148,g_faces/os/news/ce4c8820b31c5c842b5a0deec5288cce.jpg","url":"/subject/318178?scm=1002.400064.0.0-0","outerLink":false,"html":false,"pcm":"","resourceType":1,"contentType":186,"promo":false},{"id":318170,"authorId":0,"title":"陕西一幼儿园竟让吃饭慢的孩子去厕所吃！","mobileTitle":"陕西一幼儿园竟让吃饭慢的孩子去厕所吃！","focus":"//29e5534ea20a8.cdn.sohucs.com/q_70,c_lfill,w_228,h_148,g_faces/os/news/4f8db725c1c83719ed6d9dbe18a22f2.jpg","url":"/subject/318170?scm=1002.400064.0.0-0","outerLink":false,"html":false,"pcm":"","resourceType":1,"contentType":186,"promo":false},{"itemspaceid":12426,"maxTurn":3,"adps":"160001","position":3,"type":22},{"id":318152,"authorId":0,"title":"夺得LOL世界赛冠军IG战队与祖国共同庆祝七十周年","mobileTitle":"夺得LOL世界赛冠军IG战队与祖国共同庆祝七十周年","focus":"//29e5534ea20a8.cdn.sohucs.com/q_70,c_lfill,w_228,h_148,g_faces/os/news/ff4cb9a9877f988547cc56d938485871.jpg","url":"/subject/318152?scm=1002.400064.0.0-0","outerLink":false,"html":false,"pcm":"","resourceType":1,"contentType":186,"promo":false},{"id":318167,"authorId":0,"title":"不屑中国球迷抵制!球迷官推:他们会求着NBA回去","mobileTitle":"不屑中国球迷抵制!球迷官推:他们会求着NBA回去","focus":"//29e5534ea20a8.cdn.sohucs.com/q_70,c_lfill,w_228,h_148,g_faces/os/news/a08bb0ac8e18a99be8f100883d01618b.jpg","url":"/subject/318167?scm=1002.400064.0.0-0","outerLink":false,"html":false,"pcm":"","resourceType":1,"contentType":186,"promo":false},{"id":318154,"authorId":0,"title":"范冰冰最大靠山疑曝光，曾当着李晨面牵手?","mobileTitle":"范冰冰最大靠山疑曝光，曾当着李晨面牵手?","focus":"//29e5534ea20a8.cdn.sohucs.com/q_70,c_lfill,w_228,h_148,g_faces/os/news/dc953b37ef0ca1009e6402f54c46710b.jpg","url":"/subject/318154?scm=1002.400064.0.0-0","outerLink":false,"html":false,"pcm":"","resourceType":1,"contentType":186,"promo":false},{"itemspaceid":12293,"maxTurn":3,"adps":"160001","type":22,"position":7}],"bottomChannels":[{"title":"\n  专题","url":"/subject","showOrder":0}],"channelNameEn":"subject","channelNameZh":"专题","channelLink":"/subject"},{"compName":"PlateBlock","spmCode":"history","serverRender":true,"insertAdData":[{"itemspaceid":12421,"maxTurn":3,"adps":"160001","position":3,"type":22},{"itemspaceid":12291,"maxTurn":3,"adps":"160001","type":22,"position":7}],"orderId":9,"channelId":13,"acquiredFromBackend":true,"topLeftLinks":[{"title":"\n  历史","url":"/ch/13","showOrder":0}],"promoLinks":[{"title":"\n  隋唐","url":"/ch/13/1423","showOrder":0},{"title":"\n  三国","url":"/ch/13/1338","showOrder":1},{"title":"\n  清史","url":"/ch/13/1342","showOrder":2},{"title":"\n  老照片","url":"/column/10483","showOrder":3}],"focus":[{"id":345952424,"authorId":120003965,"authorName":"搜狐历史","title":"历史上的今天|林语堂诞辰，曾两次获诺贝尔文学奖提名","mobileTitle":"历史上的今天|林语堂诞辰，曾两次获诺贝尔文学奖提名","focus":"//5b0988e595225.cdn.sohucs.com/q_70,c_fill,w_320,h_240,g_faces/images/20191010/987cb2290cad4b9098ace945e96d2961.jpeg","relativeUrl":"/a/345952424_120003965","outerLink":false,"html":false,"resourceType":1,"promo":false},{"id":345942399,"authorId":120007810,"authorName":"历史瞬间","title":" 张仪、白起等都是大秦功臣，为何却不得善终？","mobileTitle":" 张仪、白起等都是大秦功臣，为何却不得善终？","focus":"//5b0988e595225.cdn.sohucs.com/q_70,c_fill,w_320,h_240,g_faces/images/20191010/7f56c3fc9c6f47edb8afaa0c95641b43.jpeg","relativeUrl":"/a/345942399_120007810","outerLink":false,"html":false,"resourceType":1,"promo":false}],"news":[{"id":345972509,"authorId":0,"title":"朱元璋曾考虑迁都西安,为何最终选择放弃","mobileTitle":"朱元璋曾考虑迁都西安,为何最终选择放弃","focus":"//5b0988e595225.cdn.sohucs.com/q_70,c_lfill,w_228,h_148,g_faces/images/20191010/9fd38dc59de6491082bf51eee9999a76.jpeg","url":"/a/345972509_100295163?scm=1002.500047.0.0-0","outerLink":false,"html":false,"pcm":"","resourceType":1,"contentType":2,"promo":false},{"id":345982839,"authorId":0,"title":"山海关之战大顺为何一溃千里？问题在李自成","mobileTitle":"山海关之战大顺为何一溃千里？问题在李自成","focus":"//5b0988e595225.cdn.sohucs.com/q_70,c_lfill,w_228,h_148,g_faces/images/20191010/80ad239a4afe4273b830dfdd44a9e6e9.jpeg","url":"/a/345982839_99993079?scm=1002.500047.0.0-0","outerLink":false,"html":false,"pcm":"","resourceType":1,"contentType":2,"promo":false},{"id":345966823,"authorId":0,"title":"李建成难道无人辅佐吗？为何早有防备，仍在玄武门之变中惨败？","mobileTitle":"李建成难道无人辅佐吗？为何早有防备，仍在玄武门之变中惨败？","focus":"//5b0988e595225.cdn.sohucs.com/q_70,c_lfill,w_228,h_148,g_faces/images/20191010/c383f05ce2844980aedd8083066e8989.jpg","url":"/a/345966823_662487?scm=1002.500047.0.0-0","outerLink":false,"html":false,"pcm":"","resourceType":1,"contentType":2,"promo":false},{"itemspaceid":12421,"maxTurn":3,"adps":"160001","position":3,"type":22},{"id":323295398,"authorId":0,"title":"历史上四大美人结局最为悲惨的是哪一位？","mobileTitle":"历史上四大美人结局最为悲惨的是哪一位？","focus":"//5b0988e595225.cdn.sohucs.com/q_70,c_lfill,w_228,h_148,g_faces/images/20190627/4bb273c8708c40109a684b7843b21f1b.JPG","url":"/a/323295398_362823?scm=1002.500047.0.0-0","outerLink":false,"html":false,"pcm":"","resourceType":1,"contentType":2,"promo":false},{"id":345986216,"authorId":0,"title":"三国名将孟达是如何一战斩杀徐晃的？","mobileTitle":"三国名将孟达是如何一战斩杀徐晃的？","focus":"//5b0988e595225.cdn.sohucs.com/q_70,c_lfill,w_228,h_148,g_faces/images/20191010/ee1622ce905f49f6a6607617697de8b6.jpeg","url":"/a/345986216_120096924?scm=1002.500047.0.0-0","outerLink":false,"html":false,"pcm":"","resourceType":1,"contentType":2,"promo":false},{"id":345918762,"authorId":0,"title":"白沟河大战，朱棣如何做到惊天大逆转？","mobileTitle":"白沟河大战，朱棣如何做到惊天大逆转？","focus":"//5b0988e595225.cdn.sohucs.com/q_70,c_lfill,w_228,h_148,g_faces/images/20191010/b79098c8994e40f68fe90839fd99df63.jpeg","url":"/a/345918762_120358398?scm=1002.500047.0.0-0","outerLink":false,"html":false,"pcm":"","resourceType":1,"contentType":2,"promo":false},{"itemspaceid":12291,"maxTurn":3,"adps":"160001","type":22,"position":7}],"bottomChannels":[{"title":"\n  历史","url":"/ch/13","showOrder":0}],"channelNameEn":"history","channelNameZh":"历史","channelLink":"/ch/13"},{"compName":"PlateBlockAd","spmCode":"history","serverRender":false,"adData":[{"adData":{"itemspaceid":13820,"itemspaceidTest":14321,"maxTurn":3,"adps":"30000002","type":"banner"},"backup":{"adData":{"itemspaceid":"u4507455","qpbUrl":"//qpb.sohu.com/source/idz/a-je/static/z/common/aa.js"},"adType":"BAIDUUNION"}}]},{"compName":"PlateBlock","spmCode":"cul","serverRender":true,"insertAdData":[{"itemspaceid":13784,"maxTurn":3,"adps":"160001","position":3,"type":22}],"orderId":10,"channelId":12,"acquiredFromBackend":true,"topLeftLinks":[{"title":"\n  文化","url":"/ch/12","showOrder":0}],"promoLinks":[{"title":"\n  奇闻","url":"/column/10555","showOrder":-1},{"title":"\n  人物","url":"/column/10593","showOrder":0},{"title":"\n  读书","url":"/ch/12/1350","showOrder":1},{"title":"\n  江湖","url":"/column/10594","showOrder":2}],"focus":[{"id":346025677,"authorId":120005162,"authorName":"搜狐文化","title":"诺贝尔文学奖“双黄蛋”，哪两位作家将摘桂冠？","mobileTitle":"诺贝尔文学奖“双黄蛋”，哪两位作家将摘桂冠？","focus":"//5b0988e595225.cdn.sohucs.com/q_70,c_fill,w_320,h_240,g_faces/images/20191010/50454a55c599490da0f94c96e6048011.gif","relativeUrl":"/a/346025677_120005162","outerLink":false,"html":false,"resourceType":1,"promo":false},{"id":345516973,"authorId":120005162,"authorName":"搜狐文化","title":"残雪回应诺奖：高层次文学的价值正在被重视","mobileTitle":"残雪回应诺奖：高层次文学的价值正在被重视","focus":"//5b0988e595225.cdn.sohucs.com/q_70,c_fill,w_320,h_240,g_faces/images/20191010/67a48c54f202404385f94732196a870e.jpeg","relativeUrl":"/a/345516973_120005162","outerLink":false,"html":false,"resourceType":1,"promo":false}],"news":[{"id":346033383,"authorId":0,"title":"纪念林语堂诞辰：他曾两次获得诺奖提名","mobileTitle":"纪念林语堂诞辰：他曾两次获得诺奖提名","focus":"//5b0988e595225.cdn.sohucs.com/q_70,c_lfill,w_228,h_148,g_faces/images/20191010/af9fd16efadb4a6387d41a691ff9aa50.jpeg","url":"/a/346033383_120085196?scm=1002.500047.0.0-0","outerLink":false,"html":false,"pcm":"","resourceType":1,"contentType":2,"promo":false},{"id":345921911,"authorId":0,"title":"杨炼才是最值得获得诺奖的中国诗人？","mobileTitle":"杨炼才是最值得获得诺奖的中国诗人？","focus":"//5b0988e595225.cdn.sohucs.com/q_70,c_lfill,w_228,h_148,g_faces/images/20191010/ad63ae8a037649bc9ca8491640c70ca4.jpeg","url":"/a/345921911_120243123?scm=1002.500047.0.0-0","outerLink":false,"html":false,"pcm":"","resourceType":1,"contentType":2,"promo":false},{"id":345978801,"authorId":0,"title":"村上春树：我不需要诺贝尔文学奖","mobileTitle":"村上春树：我不需要诺贝尔文学奖","focus":"//5b0988e595225.cdn.sohucs.com/q_70,c_lfill,w_228,h_148,g_faces/images/20191010/20fc2ed9a33d44a2a67093b2820e3ba0.jpeg","url":"/a/345978801_116132?scm=1002.500047.0.0-0","outerLink":false,"html":false,"pcm":"","resourceType":1,"contentType":2,"promo":false},{"itemspaceid":13784,"maxTurn":3,"adps":"160001","position":3,"type":22},{"id":345919034,"authorId":0,"title":"世界拍卖最贵的“十幅画”","mobileTitle":"世界拍卖最贵的“十幅画”","focus":"//5b0988e595225.cdn.sohucs.com/q_70,c_lfill,w_228,h_148,g_faces/images/20191010/f8ac876e52414558b8d0e538c20db22c.jpeg","url":"/a/345919034_100159064?scm=1002.500047.0.0-0","outerLink":false,"html":false,"pcm":"","resourceType":1,"contentType":2,"promo":false},{"id":345919860,"authorId":0,"title":"换脸范冰冰搏命，《巴清传》还能播出吗？","mobileTitle":"换脸范冰冰搏命，《巴清传》还能播出吗？","focus":"//5b0988e595225.cdn.sohucs.com/q_70,c_lfill,w_228,h_148,g_faces/images/20191010/9dfa713697e94a5c9bc0807626db409b.jpeg","url":"/a/345919860_114988?scm=1002.500047.0.0-0","outerLink":false,"html":false,"pcm":"","resourceType":1,"contentType":2,"promo":false},{"id":345918503,"authorId":0,"title":"断奶在人类进化发展中的作用或被重新定义","mobileTitle":"断奶在人类进化发展中的作用或被重新定义","focus":"//5b0988e595225.cdn.sohucs.com/q_70,c_lfill,w_228,h_148,g_faces/images/20191010/f431addbbe934e0f97125955da821b00.jpeg","url":"/a/345918503_115402?scm=1002.500047.0.0-0","outerLink":false,"html":false,"pcm":"","resourceType":1,"contentType":2,"promo":false},{"id":345957905,"authorId":0,"title":"人类首次在太空造人造肉：还是块“牛排”","mobileTitle":"人类首次在太空造人造肉：还是块“牛排”","focus":"//5b0988e595225.cdn.sohucs.com/q_70,c_lfill,w_228,h_148,g_faces/images/20191010/76473e1282d04eed90f3c9bc0c1e359d.jpeg","url":"/a/345957905_163726?scm=1002.500047.0.0-0","outerLink":false,"html":false,"pcm":"","resourceType":1,"contentType":2,"promo":false}],"bottomChannels":[{"title":"\n  文化","url":"/ch/12","showOrder":0}],"channelNameEn":"cul","channelNameZh":"文化","channelLink":"/ch/12"},{"compName":"PlateBlockAd","spmCode":"cul","serverRender":false,"adData":[{"adData":{"itemspaceid":13821,"itemspaceidTest":14321,"maxTurn":3,"adps":"30000002","type":"banner"},"backup":{"adData":{"itemspaceid":"u4507468","qpbUrl":"//qpb.sohu.com/production/m-h/openjs/den-id/static/gj.js"},"adType":"BAIDUUNION"}}]},{"compName":"PlateBlock","spmCode":"fashion","serverRender":true,"orderId":12,"channelId":23,"acquiredFromBackend":true,"topLeftLinks":[{"title":"\n  时尚","url":"/ch/23","showOrder":0}],"promoLinks":[{"title":"\n  时装","url":"/ch/23/1045","showOrder":0},{"title":"\n  奢品","url":"/ch/23/1057","showOrder":1},{"title":"\n  美容","url":"/column/10588","showOrder":2},{"title":"\n  图集","url":"/column/10541","showOrder":3}],"focus":[{"id":345912056,"authorId":544020,"authorName":"下水道男孩","title":"Rihanna出书，出美妆，出内衣，就不出专辑！","mobileTitle":"Rihanna出书，出美妆，出内衣，就不出专辑！","focus":"//5b0988e595225.cdn.sohucs.com/q_70,c_fill,w_320,h_240,g_faces/images/20191010/9b28dafab10f4997a63df0cf6a1c1282.gif","relativeUrl":"/a/345912056_544020","originalSource":"http://mp.weixin.qq.com/s?__biz=MzIxNzIwMjAzMw==&mid=2709595197&idx=3&sn=63decb28f057bade5623189ab9ced6aa","outerLink":false,"html":false,"resourceType":1,"promo":false},{"id":345964934,"authorId":512162,"authorName":"娱乐圈小鬼","title":"关之琳如果没做错事，现在已经是刘德华夫人","mobileTitle":"关之琳如果没做错事，现在已经是刘德华夫人","focus":"//5b0988e595225.cdn.sohucs.com/q_70,c_fill,w_320,h_240,g_faces/images/20191010/25788d3e853a4fd6b8327575fb5713ab.gif","relativeUrl":"/a/345964934_512162","outerLink":false,"html":false,"resourceType":1,"promo":false}],"news":[{"id":345883198,"authorId":0,"title":"摔跤轰动半个娱乐圈的奚梦瑶，都没他排面大。","mobileTitle":"摔跤轰动半个娱乐圈的奚梦瑶，都没他排面大。","focus":"//5b0988e595225.cdn.sohucs.com/q_70,c_lfill,w_228,h_148,g_faces/images/20191010/7e113923c14f4b419f6d5c756371d540.jpeg","url":"/a/345883198_100191448?scm=1002.500047.0.0-0","outerLink":false,"html":false,"pcm":"","resourceType":1,"contentType":2,"promo":false},{"id":345860848,"authorId":0,"title":"31岁黑美人吉克隽逸，演绎“性感黑珍珠”","mobileTitle":"31岁黑美人吉克隽逸，演绎“性感黑珍珠”","focus":"//5b0988e595225.cdn.sohucs.com/q_70,c_lfill,w_228,h_148,g_faces/images/20191009/f7f129d11099407d82a63a75f8d41fe1.jpeg","url":"/a/345860848_494347?scm=1002.500047.0.0-0","outerLink":false,"html":false,"pcm":"","resourceType":1,"contentType":2,"promo":false},{"id":345812038,"authorId":0,"title":"今秋奶奶衫＋裙子，太太太太时髦好看了！","mobileTitle":"今秋奶奶衫＋裙子，太太太太时髦好看了！","focus":"//5b0988e595225.cdn.sohucs.com/q_70,c_lfill,w_228,h_148,g_faces/images/20191009/6a1997dde67043aa9c57ee6882f7e83f.jpeg","url":"/a/345812038_100021222?scm=1002.500047.0.0-0","outerLink":false,"html":false,"pcm":"","resourceType":1,"contentType":2,"promo":false},{"id":345957931,"authorId":0,"title":"37岁王鸥首次大胆尝试性感魅惑装，网友赞","mobileTitle":"37岁王鸥首次大胆尝试性感魅惑装，网友赞","focus":"//5b0988e595225.cdn.sohucs.com/q_70,c_lfill,w_228,h_148,g_faces/images/20191010/9164cac765a840f59819accabed8e91d.jpeg","url":"/a/345957931_494347?scm=1002.500047.0.0-0","outerLink":false,"html":false,"pcm":"","resourceType":1,"contentType":2,"promo":false},{"id":345883366,"authorId":0,"title":"32岁刘诗诗产后曝光：身材好的女人，自带光芒","mobileTitle":"32岁刘诗诗产后曝光：身材好的女人，自带光芒","focus":"//5b0988e595225.cdn.sohucs.com/q_70,c_lfill,w_228,h_148,g_faces/images/20191010/4c83015aa7f6400b98625014a4c8f89c.jpeg","url":"/a/345883366_486995?scm=1002.500047.0.0-0","outerLink":false,"html":false,"pcm":"","resourceType":1,"contentType":2,"promo":false},{"id":345870795,"authorId":0,"title":"陶虹自称上学没人追？换成谁也不敢追啊！","mobileTitle":"陶虹自称上学没人追？换成谁也不敢追啊！","focus":"//5b0988e595225.cdn.sohucs.com/q_70,c_lfill,w_228,h_148,g_faces/images/20191009/10c2462f4f0c4de1a66e61fc72a63301.jpg","url":"/a/345870795_99903196?scm=1002.500047.0.0-0","outerLink":false,"html":false,"pcm":"","resourceType":1,"contentType":2,"promo":false},{"id":345855490,"authorId":0,"title":"44岁周迅再现大妈穿搭！飞行夹克配印花长裙","mobileTitle":"44岁周迅再现大妈穿搭！飞行夹克配印花长裙","focus":"//5b0988e595225.cdn.sohucs.com/q_70,c_lfill,w_228,h_148,g_faces/images/20191009/ebf8937885844fa3b42ca60570a91cf0.jpg","url":"/a/345855490_229437?scm=1002.500047.0.0-0","outerLink":false,"html":false,"pcm":"","resourceType":1,"contentType":2,"promo":false}],"bottomChannels":[{"title":"\n  时尚","url":"/ch/23","showOrder":0}],"channelNameEn":"fashion","channelNameZh":"时尚","channelLink":"/ch/23"},{"compName":"PlateBlock","spmCode":"learning","serverRender":true,"orderId":13,"channelId":25,"acquiredFromBackend":true,"topLeftLinks":[{"title":"\n  教育","url":"/ch/25","showOrder":0}],"promoLinks":[{"title":"\n  资讯","url":"/ch/25/22","showOrder":0},{"title":"\n  家长帮","url":"/column/10591","showOrder":1},{"title":"\n  考试","url":"/column/10638","showOrder":2},{"title":"\n  高分","url":"/column/10482","showOrder":3}],"news":[{"id":345808325,"authorId":0,"title":" 美国人眼中的中国留学生：暴发户人手豪车","mobileTitle":" 美国人眼中的中国留学生：暴发户人手豪车","focus":"//5b0988e595225.cdn.sohucs.com/q_70,c_lfill,w_228,h_148,g_faces/images/20191009/6f263a28f87d40c7abb2fc0667f19a81.jpeg","url":"/a/345808325_194632?scm=1002.500047.0.0-0","outerLink":false,"html":false,"pcm":"","resourceType":1,"contentType":2,"promo":false},{"id":345922755,"authorId":0,"title":"北京200名学生身体异常，恪守底线难吗？","mobileTitle":"北京200名学生身体异常，恪守底线难吗？","focus":"//5b0988e595225.cdn.sohucs.com/q_70,c_lfill,w_228,h_148,g_faces/images/20191010/bddc900bb987495e95ca78d97eb29655.jpeg","url":"/a/345922755_119570?scm=1002.500047.0.0-0","outerLink":false,"html":false,"pcm":"","resourceType":1,"contentType":2,"promo":false},{"id":345885424,"authorId":0,"title":"山西某村禁披麻戴孝，违者不给学生办转学","mobileTitle":"山西某村禁披麻戴孝，违者不给学生办转学","focus":"//5b0988e595225.cdn.sohucs.com/q_70,c_lfill,w_228,h_148,g_faces/images/20191010/5b9f7d76b79e492c8ece5f60cc98808e.jpeg","url":"/a/345885424_100264234?scm=1002.500047.0.0-0","outerLink":false,"html":false,"pcm":"","resourceType":1,"contentType":2,"promo":false},{"id":345953988,"authorId":0,"title":"韦博英语追踪:被 “套路贷”,分期付款停不了","mobileTitle":"韦博英语追踪:被 “套路贷”,分期付款停不了","focus":"//5b0988e595225.cdn.sohucs.com/q_70,c_lfill,w_228,h_148,g_faces/images/20191010/dd2d9644eb7949639977ad81a7910ff1.jpeg","url":"/a/345953988_693376?scm=1002.500047.0.0-0","outerLink":false,"html":false,"pcm":"","resourceType":1,"contentType":2,"promo":false},{"id":345986761,"authorId":0,"title":"学生毕业8年举报班主任,副校长老师被撤职","mobileTitle":"学生毕业8年举报班主任,副校长老师被撤职","focus":"//5b0988e595225.cdn.sohucs.com/q_70,c_lfill,w_228,h_148,g_faces/images/20191010/2493cd3f14bc4131828aa3d62b9d0bca.jpeg","url":"/a/345986761_105067?scm=1002.500047.0.0-0","outerLink":false,"html":false,"pcm":"","resourceType":1,"contentType":2,"promo":false},{"id":346009214,"authorId":0,"title":"成都理工大学一研究生被指虐杀流浪狗","mobileTitle":"成都理工大学一研究生被指虐杀流浪狗","url":"/a/346009214_260616?scm=1002.500047.0.0-0","outerLink":false,"html":false,"pcm":"","resourceType":1,"contentType":1,"promo":false},{"id":345985632,"authorId":0,"title":"忽视道德智能的教育，会让孩子步入歧途","mobileTitle":"忽视道德智能的教育，会让孩子步入歧途","focus":"//5b0988e595225.cdn.sohucs.com/q_70,c_lfill,w_228,h_148,g_faces/images/20191010/ec14d92b0d1b4633b76dc8b826fb6709.jpeg","url":"/a/345985632_105067?scm=1002.500047.0.0-0","outerLink":false,"html":false,"pcm":"","resourceType":1,"contentType":2,"promo":false}],"bottomChannels":[{"title":"\n  教育","url":"/ch/25","showOrder":0}],"channelNameEn":"learning","channelNameZh":"教育","channelLink":"/ch/25"},{"compName":"PlateBlock","spmCode":"health","serverRender":true,"orderId":14,"channelId":24,"acquiredFromBackend":true,"topLeftLinks":[{"title":"\n  健康","url":"/ch/24","showOrder":0},{"title":"\n  母婴","url":"/ch/26","showOrder":1}],"promoLinks":[{"title":"\n  养生","url":"/column/10410","showOrder":0},{"title":"\n  孕产","url":"/column/10537","showOrder":1},{"title":"\n  健身","url":"/column/10476","showOrder":3}],"news":[{"id":345829529,"authorId":0,"title":"食话食说 | 绿叶蔬菜竟是补钙高手？吃对了真管用","mobileTitle":"食话食说 | 绿叶蔬菜竟是补钙高手？吃对了真管用","focus":"//5b0988e595225.cdn.sohucs.com/q_70,c_lfill,w_228,h_148,g_faces/images/20191009/cfb50326f1ed466e9bc1342abb9f23ed.jpeg","url":"/a/345829529_359980?scm=1002.500047.0.0-0","outerLink":false,"html":false,"pcm":"","resourceType":1,"contentType":2,"promo":false},{"id":345853057,"authorId":0,"title":"狐大医 | 老胃病久治不愈，最后就是癌了吗？结果出人意外","mobileTitle":"狐大医 | 老胃病久治不愈，最后就是癌了吗？结果出人意外","focus":"//5b0988e595225.cdn.sohucs.com/q_70,c_lfill,w_228,h_148,g_faces/images/20191009/4e812955bb974c6db4f87e99afac0167.jpeg","url":"/a/345853057_359980?scm=1002.500047.0.0-0","outerLink":false,"html":false,"pcm":"","resourceType":1,"contentType":2,"promo":false},{"id":345378354,"authorId":0,"title":"狐大医 | 人到中年，请不要假装健康！注意这些40岁后高发的疾病","mobileTitle":"狐大医 | 人到中年，请不要假装健康！注意这些40岁后高发的疾病","focus":"//5b0988e595225.cdn.sohucs.com/q_70,c_lfill,w_228,h_148,g_faces/images/20191007/610e6ace26bc4c2d9020352528863bd7.jpeg","url":"/a/345378354_359980?scm=1002.500047.0.0-0","outerLink":false,"html":false,"pcm":"","resourceType":1,"contentType":2,"promo":false},{"id":345860841,"authorId":0,"title":"狐大医 | 感染了幽门螺杆菌，一定要治吗？","mobileTitle":"狐大医 | 感染了幽门螺杆菌，一定要治吗？","focus":"//5b0988e595225.cdn.sohucs.com/q_70,c_lfill,w_228,h_148,g_faces/images/20191009/3a89e60032e44887a18c371e4ffce366.jpeg","url":"/a/345860841_359980?scm=1002.500047.0.0-0","outerLink":false,"html":false,"pcm":"","resourceType":1,"contentType":2,"promo":false},{"id":346014271,"authorId":0,"title":"\"绿帽制造机\"DNA亲子鉴定，应全面推广？","mobileTitle":"\"绿帽制造机\"DNA亲子鉴定，应全面推广？","focus":"//5b0988e595225.cdn.sohucs.com/q_70,c_lfill,w_228,h_148,g_faces/images/20191010/77b73c94722d4e5382a3725ed8b06f2e.jpeg","url":"/a/346014271_105069?scm=1002.500047.0.0-0","outerLink":false,"html":false,"pcm":"","resourceType":1,"contentType":2,"promo":false},{"id":345845995,"authorId":0,"title":"26岁男子一时舒服成\"无精\"！远离这种高温","mobileTitle":"26岁男子一时舒服成\"无精\"！远离这种高温","focus":"//5b0988e595225.cdn.sohucs.com/q_70,c_lfill,w_228,h_148,g_faces/images/20191009/a0987a9e678144e3855d8ebb310d89b7.jpeg","url":"/a/345845995_99894792?scm=1002.500047.0.0-0","outerLink":false,"html":false,"pcm":"","resourceType":1,"contentType":2,"promo":false},{"id":345846151,"authorId":0,"title":"女性一生受孕机会几次？你的余额还剩多少","mobileTitle":"女性一生受孕机会几次？你的余额还剩多少","focus":"//5b0988e595225.cdn.sohucs.com/q_70,c_lfill,w_228,h_148,g_faces/images/20191009/e6bbc7e3b658415daae54d5bc6ddf99f.jpeg","url":"/a/345846151_99894792?scm=1002.500047.0.0-0","outerLink":false,"html":false,"pcm":"","resourceType":1,"contentType":2,"promo":false},{"id":346048320,"authorId":0,"title":"他娶12个妻子生43个娃，90岁又娶17岁少女","mobileTitle":"他娶12个妻子生43个娃，90岁又娶17岁少女","focus":"//5b0988e595225.cdn.sohucs.com/q_70,c_lfill,w_228,h_148,g_faces/images/20191010/073713bf7cd94f89b726d399a98bae59.JPG","url":"/a/346048320_587798?scm=1002.500047.0.0-0","outerLink":false,"html":false,"pcm":"","resourceType":1,"contentType":2,"promo":false}],"bottomChannels":[{"title":"\n  健康","url":"/ch/24","showOrder":0},{"title":"\n  母婴","url":"/ch/26","showOrder":1}],"channelNameEn":"health","channelNameZh":"健康","channelLink":"/ch/24"},{"compName":"PlateBlock","spmCode":"travel","serverRender":true,"orderId":15,"channelId":29,"acquiredFromBackend":true,"topLeftLinks":[{"title":"\n  旅游","url":"/ch/29","showOrder":0},{"title":"\n  美食","url":"/ch/28","showOrder":1}],"promoLinks":[{"title":"\n  旅拍","url":"/column/10639","showOrder":0},{"title":"\n  探城","url":"/column/10540","showOrder":1},{"title":"\n  吃播","url":"/column/10640","showOrder":2}],"news":[{"id":345967671,"authorId":0,"title":"12家上市景区谁最赚钱？","mobileTitle":"12家上市景区谁最赚钱？","url":"/a/345967671_114988?scm=1002.500047.0.0-0","outerLink":false,"html":false,"pcm":"","resourceType":1,"contentType":1,"promo":false},{"id":345980409,"authorId":0,"title":" 假古镇、商业化，网友选出最坑人国内景点","mobileTitle":" 假古镇、商业化，网友选出最坑人国内景点","focus":"//5b0988e595225.cdn.sohucs.com/q_70,c_lfill,w_228,h_148,g_faces/images/20191010/682c35a87b4e41f3b4b350d2931bec56.jpeg","url":"/a/345980409_109503?scm=1002.500047.0.0-0","outerLink":false,"html":false,"pcm":"","resourceType":1,"contentType":2,"promo":false},{"id":345812502,"authorId":0,"title":"在中国，每秒有1275包方便面被打开","mobileTitle":"在中国，每秒有1275包方便面被打开","focus":"//5b0988e595225.cdn.sohucs.com/q_70,c_lfill,w_228,h_148,g_faces/images/20191009/2788fce4af224b4ea8da0f55d353d88b.jpeg","url":"/a/345812502_114988?scm=1002.500047.0.0-0","outerLink":false,"html":false,"pcm":"","resourceType":1,"contentType":2,"promo":false},{"id":346005381,"authorId":0,"title":"日媒：日韩旅游大战，日本败北","mobileTitle":"日媒：日韩旅游大战，日本败北","focus":"//5b0988e595225.cdn.sohucs.com/q_70,c_lfill,w_228,h_148,g_faces/images/20191010/cbf1a3e3789c4074b6b90bd146f0b1bf.jpeg","url":"/a/346005381_100183167?scm=1002.500047.0.0-0","outerLink":false,"html":false,"pcm":"","resourceType":1,"contentType":2,"promo":false},{"id":346036669,"authorId":0,"title":"秋季养生重点来了！这几种食物尽量绕着走","mobileTitle":"秋季养生重点来了！这几种食物尽量绕着走","focus":"//5b0988e595225.cdn.sohucs.com/q_70,c_lfill,w_228,h_148,g_faces/images/20191010/6611a46583fe4341b8275f38658148fc.jpeg","url":"/a/346036669_255783?scm=1002.500047.0.0-0","outerLink":false,"html":false,"pcm":"","resourceType":1,"contentType":2,"promo":false},{"id":345934610,"authorId":0,"title":"好心脏一半都靠吃！每天2份水果3份蔬菜","mobileTitle":"好心脏一半都靠吃！每天2份水果3份蔬菜","url":"/a/345934610_114731?scm=1002.500047.0.0-0","outerLink":false,"html":false,"pcm":"","resourceType":1,"contentType":1,"promo":false},{"id":345964068,"authorId":0,"title":"生来就被健康标榜的美食，却一直在坑害你？","mobileTitle":"生来就被健康标榜的美食，却一直在坑害你？","focus":"//5b0988e595225.cdn.sohucs.com/q_70,c_lfill,w_228,h_148,g_faces/images/20191010/032f752b495748d0a77e2f36bd323010.jpeg","url":"/a/345964068_457786?scm=1002.500047.0.0-0","outerLink":false,"html":false,"pcm":"","resourceType":1,"contentType":2,"promo":false},{"id":345918433,"authorId":0,"title":"不敢相信！常吃猪油能抗癌、治心脏病？","mobileTitle":"不敢相信！常吃猪油能抗癌、治心脏病？","focus":"//5b0988e595225.cdn.sohucs.com/q_70,c_lfill,w_228,h_148,g_faces/images/20191010/905c06e11bac4cf393e37e5fc732ac46.jpeg","url":"/a/345918433_135814?scm=1002.500047.0.0-0","outerLink":false,"html":false,"pcm":"","resourceType":1,"contentType":2,"promo":false}],"bottomChannels":[{"title":"\n  旅游","url":"/ch/29","showOrder":0},{"title":"\n  美食","url":"/ch/28","showOrder":1}],"channelNameEn":"travel","channelNameZh":"旅游","channelLink":"/ch/29"},{"compName":"PlateBlock","spmCode":"fiction","serverRender":true,"orderId":16,"channelId":0,"acquiredFromBackend":true,"topLeftLinks":[{"title":"\n  小说","url":"//book.m.sohu.com/?_once_=000218_rk_tg_dh_xs","showOrder":0}],"promoLinks":[{"title":"\n  排行","url":"//book.m.sohu.com/rank/list?type=1&channelId=1&date=1&pageNo=1","showOrder":0},{"title":"\n  免费","url":"//book.m.sohu.com/freeLimit/list?channel=1&_once_=000218_rk_tg_dh_2","showOrder":1},{"title":"\n  书架","url":"//book.m.sohu.com/bookShelf/","showOrder":2}],"focus":[{"id":451,"authorId":0,"title":"我的绝色总裁老婆","focus":"https://16477799cada3.cdn.sohucs.com/files/5cff09aa43bc431baf4ed6be7219557f.jpg","url":"https://m.sohu.com/promotion?link=aW6kPDYfwfYMh90OgJZOaOljLZp0Dem%2BfR6noIEApSfz%2Fd52H%2F4GbZXxOoLjbN1MOob4%2BjlJuH1qkjX4GjMhBeVxTIJDW9oLXMJrWMXifiCkTgWrEnIoUSz6%2BmHC4nzlT9doL92zWGFSP0d7iT4L6QUeecCWjMvEplKRPlEa%2F5k%3D&pcm=101.6461_451_614.451_23.rt=63ff398cc6859af6e707d69fd596ffc2_flightid=795635_resgroupid=246_materialid=614_itemspaceid=451_saletype=88_loc=CN1100_sperotime=1570704564_plat=8_browser=0_bver=-_clientip=123zzz123zzz123zzz123","outerLink":false,"html":false,"pcm":"101.6461_451_614.451_23.rt=63ff398cc6859af6e707d69fd596ffc2_flightid=795635_resgroupid=246_materialid=614_itemspaceid=451_saletype=88_loc=CN1100_sperotime=1570704564_plat=8_browser=0_bver=-_clientip=123zzz123zzz123zzz123","resourceType":2,"contentType":23,"promo":false},{"id":452,"authorId":0,"title":"我的冰山总裁老婆","focus":"https://16477799cada3.cdn.sohucs.com/files/002c37d3e28040ac98582c6bf8103483.jpg","url":"https://m.sohu.com/promotion?link=W6oNpGidApfTbj3gMDUKekMi8yWD6vR6lBedGViwnRF9CwJozbwhKrD5NS%2FcbwKpTl6fGPNRDhtQiG58oi1oFk6H55IQ7AWMOc2s0POYXQfnY2%2BECOcJ%2FBkQVoSIrff%2BMbhn1YWO4M3rPGe12REVZfA9%2B%2FaMbzsRztpHfn20yeU%3D&pcm=101.6461_452_616.452_23.rt=63ff398cc6859af6e707d69fd596ffc2_flightid=795640_resgroupid=247_materialid=616_itemspaceid=452_saletype=88_loc=CN1100_sperotime=1570704564_plat=8_browser=0_bver=-_clientip=123zzz123zzz123zzz123","outerLink":false,"html":false,"pcm":"101.6461_452_616.452_23.rt=63ff398cc6859af6e707d69fd596ffc2_flightid=795640_resgroupid=247_materialid=616_itemspaceid=452_saletype=88_loc=CN1100_sperotime=1570704564_plat=8_browser=0_bver=-_clientip=123zzz123zzz123zzz123","resourceType":2,"contentType":23,"promo":false},{"id":453,"authorId":0,"title":"我的绝色邻家姐姐","focus":"https://16477799cada3.cdn.sohucs.com/files/ac3375c28ab14ab0828440b3a7361fdd.jpg","url":"https://m.sohu.com/promotion?link=QlnZsMJrE5taj0nLKXmq95LXzdM0BDbsPBfRjlF1DXWhllBfMlCqAQm5gtwuMjvYYCluJvHyIVYDbbDA1SCq5UrsEmQODUyuOISe7nYXLAKzPA3EVdY%2FYbHp7y09KSvb7mPPDV9HBssGYkV7Duzf3PTc5vjSEk6Xd382wFpXIFI%3D&pcm=101.6461_453_620.453_23.rt=63ff398cc6859af6e707d69fd596ffc2_flightid=795649_resgroupid=248_materialid=620_itemspaceid=453_saletype=88_loc=CN1100_sperotime=1570704564_plat=8_browser=0_bver=-_clientip=123zzz123zzz123zzz123","outerLink":false,"html":false,"pcm":"101.6461_453_620.453_23.rt=63ff398cc6859af6e707d69fd596ffc2_flightid=795649_resgroupid=248_materialid=620_itemspaceid=453_saletype=88_loc=CN1100_sperotime=1570704564_plat=8_browser=0_bver=-_clientip=123zzz123zzz123zzz123","resourceType":2,"contentType":23,"promo":false},{"id":454,"authorId":0,"title":"逆流纯真年代","focus":"https://16477799cada3.cdn.sohucs.com/files/86b03b5ec4e44060876580599e507051.jpg","url":"https://m.sohu.com/promotion?link=I%2BURVFfCHqGGEMG4pnbsPeVpYKl%2FnXLDlbwhBb8qzq8JBUL7mSCartSaDUJP%2F76PM7BxD1pK8G7Os5TUYTJnpAPhG0tlJd2YU2wFW33HPyaJamIoD9x44SUemQ8WwnRgsPuDYy2Tfuj3eM1SjfUf%2Bi7NUUMrAhar9bOXhAzCCkg%3D&pcm=101.6461_454_611.454_23.rt=63ff398cc6859af6e707d69fd596ffc2_flightid=795626_resgroupid=249_materialid=611_itemspaceid=454_saletype=88_loc=CN1100_sperotime=1570704564_plat=8_browser=0_bver=-_clientip=123zzz123zzz123zzz123","outerLink":false,"html":false,"pcm":"101.6461_454_611.454_23.rt=63ff398cc6859af6e707d69fd596ffc2_flightid=795626_resgroupid=249_materialid=611_itemspaceid=454_saletype=88_loc=CN1100_sperotime=1570704564_plat=8_browser=0_bver=-_clientip=123zzz123zzz123zzz123","resourceType":2,"contentType":23,"promo":false}],"news":[{"id":0,"authorId":0,"title":"男子酒吧猎艳,强奸还电棍伤人获刑","url":"//m.sohu.com/promotion?posId=10100101&itemId=10616&link=cl5pozcTJfOqlQ6lIvTQRKRrFzXCmiUSvU7HXi3AEQ9VxF7wYGPAKJMkibhnNSnmYWL%2BUg7MpdShY1NRPGWANmysWlm7UjbsT93GXyInG3M1%2FIF8tEHnj%2FVXQrmuzULsGVtY4rIKMxxdid%2BIH3yPBmx2u3NpWS9hcCG6%2BS2s%2FUw%3D","outerLink":false,"html":false,"resourceType":1,"promo":true},{"id":0,"authorId":0,"title":"山沟小子成为有钱人的秘诀是什么？","url":"//m.sohu.com/promotion?posId=10100201&itemId=10617&link=BmEpNIOmS8tDHnSANHozUoxDBb7wN0LnkILIBlM8owNS%2FM51%2BFnszCmiAe8xEMKeE%2Fqu6wBQUT1YB2v0v8YPffpsKSq3uH4VWjliqVfynta7sXvBLBxudp%2Bo1A1Wi%2BTWlwCK9fp06C3S%2FdjMrkWAGBmbUyaFL7j9KWzduSuT9oQ%3D","outerLink":false,"html":false,"resourceType":1,"promo":true},{"id":0,"authorId":0,"title":"男人吃软饭到底靠的什么本事?","url":"//m.sohu.com/promotion?posId=10100301&itemId=10618&link=LEyGQ7ZcnhZeh5l3ykDF8VSFd1%2BLXF5vrvLGpyWrlDb0CJGRkGAigwJx6aqDqldcK0Mrx%2B%2BfEZ7N9GYzJPq5yKI7RpgpgssMCT38uVPyzGOnGIKospahXQ5XCuz3MySATVfem1MyglAaGjJdrmpkdDhi15noOJObjkjL0lOF38Q%3D","outerLink":false,"html":false,"resourceType":1,"promo":true},{"id":0,"authorId":0,"title":"中国兵王有多厉害?他们的经历超出想象","url":"//m.sohu.com/promotion?posId=10100401&itemId=10588&link=NpIFozc0NWdxR8uIXfTjYwMnczWD%2BIxa1yqNlelT8JrqnHdoTyYcAu%2F2LEbQLaa%2FhLc3hmGizcfZKZL4p%2F2Z0%2Bvj4fUN5GfF33hoYVrJD92Z2rePHqSq%2BP7w4gmtig%2FeWZ8olPvIYgW8uDA3hrzhx5YwCCrQ2DYZSCl3FdcptP4%3D","outerLink":false,"html":false,"resourceType":1,"promo":true},{"id":0,"authorId":0,"title":"美女在酒吧被搭讪,谁知道美女这么主动","url":"//m.sohu.com/promotion?posId=10100501&itemId=10587&link=byvon802ECrKAl7dxf4%2BRWrHTQ2e9vrXZyms0AhTBDLqmlNj0NELeWMPBpZYsuB%2BecbL7rN40rRDtSbkq6UVGfiptkz%2Bvmu8q52fwzFFM0n6MYwLXCKBL9fF3pLK%2B7irsGpAMQ5k9MG5PTu7yLPDyrZjvRMinDN33mNBXADb0eE%3D","outerLink":false,"html":false,"resourceType":1,"promo":true},{"id":0,"authorId":0,"title":"史上第一败家子，一句话把家都卖了","url":"//m.sohu.com/promotion?posId=10100601&itemId=10619&link=YZA%2B3Q6Gsl8I5B2UFN8IhVxTfDFY7oh1Y0aPq6GQxts9ukscxQhkLqVahKOxhb1LKbRyx76MEjh8n5sa08inpPoud0QwJTvPW1iXEVMkld8JAVUoEzXdjbVjW8DWjHoAzxiv4JoMbcZmaz75GFf%2Fj3BFNe3oQ9gaqDORY9BlFxg%3D","outerLink":false,"html":false,"resourceType":1,"promo":true},{"id":0,"authorId":0,"title":"阅读红包：新用户1000书币免费领取","url":"//m.sohu.com/promotion?posId=10100701&itemId=10792&link=K1sW3%2F8ZF5yCTbYLNXhIXmiXTh9kzX96uudzW9MHXVtihBU3JcFK4ZzpEZkm5OM992BJd6tHs%2BPoK2j5O6dSql6AoSp1C8x0TqjYtDQxgOL1EYFoXsXWWhP0KxzKJi6zP68%2F6BgzdeWM8DTH0UChIEOuS5AK5CFXlh9DYqD%2Bzco%3D","outerLink":false,"html":false,"resourceType":1,"promo":true}],"bottomChannels":[{"title":"\n  小说","url":"//book.m.sohu.com/?_once_=000218_rk_tg_dh_xs","showOrder":0}],"channelNameEn":"fiction","channelNameZh":"小说","channelLink":"http://book.m.sohu.com/?_once_=000218_rk_tg_dh_xs"},{"compName":"PlateBlock","spmCode":"astro","serverRender":true,"insertAdData":[{"itemspaceid":12425,"maxTurn":3,"adps":"160001","position":3,"type":22}],"orderId":17,"channelId":27,"acquiredFromBackend":true,"topLeftLinks":[{"title":"\n  星座","url":"/ch/27","showOrder":0},{"title":"\n  搞笑","url":"/ch/45","showOrder":1}],"promoLinks":[{"title":"\n  搞笑视频","url":"/v?tab=2","showOrder":0},{"title":"\n  星盘","url":"/column/10466","showOrder":1}],"news":[{"id":346065458,"authorId":0,"title":"悦心塔罗占卜：你是时候断舍离了吗？","mobileTitle":"悦心塔罗占卜：你是时候断舍离了吗？","focus":"//5b0988e595225.cdn.sohucs.com/q_70,c_lfill,w_228,h_148,g_faces/images/20191010/9bb9a886a5ed43d293ce29e66f6af08e.jpeg","url":"/a/346065458_120177564?scm=1002.500047.0.0-0","outerLink":false,"html":false,"pcm":"","resourceType":1,"contentType":2,"promo":false},{"id":346065158,"authorId":0,"title":"未来3年迎来大财运，万福加身的生肖，连连发财挡不住，富贵亨通","mobileTitle":"未来3年迎来大财运，万福加身的生肖，连连发财挡不住，富贵亨通","focus":"//5b0988e595225.cdn.sohucs.com/q_70,c_lfill,w_228,h_148,g_faces/images/20191010/1d0518444e9a497b9a3212d8d749f0f3.jpeg","url":"/a/346065158_100219846?scm=1002.500047.0.0-0","outerLink":false,"html":false,"pcm":"","resourceType":1,"contentType":2,"promo":false},{"id":346065205,"authorId":0,"title":"10月26号之后诸事皆吉，不愁赚不尽钱财的3生肖，注定富得流油","mobileTitle":"10月26号之后诸事皆吉，不愁赚不尽钱财的3生肖，注定富得流油","focus":"//5b0988e595225.cdn.sohucs.com/q_70,c_lfill,w_228,h_148,g_faces/images/20191010/efc12d5bd5444c9291a9af956eac6be9.jpeg","url":"/a/346065205_100268644?scm=1002.500047.0.0-0","outerLink":false,"html":false,"pcm":"","resourceType":1,"contentType":2,"promo":false},{"itemspaceid":12425,"maxTurn":3,"adps":"160001","position":3,"type":22},{"id":346065454,"authorId":0,"title":"搞笑GIF：哥们，你玩游戏一定要小心，坑友很可怕的","mobileTitle":"搞笑GIF：哥们，你玩游戏一定要小心，坑友很可怕的","focus":"//5b0988e595225.cdn.sohucs.com/q_70,c_lfill,w_228,h_148,g_faces/images/20191010/9ff25cb70e3746c3a424de0562fe7da9.gif","url":"/a/346065454_637681?scm=1002.500047.0.0-0","outerLink":false,"html":false,"pcm":"","resourceType":1,"contentType":2,"promo":false},{"id":346065015,"authorId":0,"title":"搞笑GIF：美女，你怎么了，瞌睡了吗","mobileTitle":"搞笑GIF：美女，你怎么了，瞌睡了吗","focus":"//5b0988e595225.cdn.sohucs.com/q_70,c_lfill,w_228,h_148,g_faces/images/20191010/cf21746c173f4a4589d775127a9399ff.jpg","url":"/a/346065015_100204918?scm=1002.500047.0.0-0","outerLink":false,"html":false,"pcm":"","resourceType":1,"contentType":2,"promo":false},{"id":346064647,"authorId":0,"title":"搞笑GIF：想出笼子的二哈 智商堪忧啊","mobileTitle":"搞笑GIF：想出笼子的二哈 智商堪忧啊","focus":"//5b0988e595225.cdn.sohucs.com/q_70,c_lfill,w_228,h_148,g_faces/images/20191010/a596133715974010873e551bb9a9f690.jpg","url":"/a/346064647_100204918?scm=1002.500047.0.0-0","outerLink":false,"html":false,"pcm":"","resourceType":1,"contentType":2,"promo":false}],"bottomChannels":[{"title":"\n  星座","url":"/ch/27","showOrder":0},{"title":"\n  搞笑","url":"/ch/45","showOrder":1}],"channelNameEn":"astro","channelNameZh":"星座","channelLink":"/ch/27"},{"compName":"PlateBlock","spmCode":"acg","serverRender":true,"orderId":18,"channelId":41,"acquiredFromBackend":true,"topLeftLinks":[{"title":"\n  动漫","url":"/ch/41","showOrder":0},{"title":"\n  游戏","url":"/ch/42","showOrder":1}],"promoLinks":[{"title":"\n  游戏视频","url":"/v?tab=4","showOrder":0},{"title":"\n  主播","url":"/column/10513","showOrder":1}],"news":[{"id":346060579,"authorId":0,"title":"《党章知识精粹》系列微动漫第二集","mobileTitle":"《党章知识精粹》系列微动漫第二集","focus":"//5b0988e595225.cdn.sohucs.com/q_70,c_lfill,w_228,h_148,g_faces/images/20191010/49d2994d66de475b9f213cf2fddd1eb1.jpeg","url":"/a/346060579_120314212?scm=1002.500047.0.0-0","outerLink":false,"html":false,"pcm":"","resourceType":1,"contentType":4,"promo":false},{"id":346061391,"authorId":0,"title":"《宝可梦 剑/盾》最新情报 伽勒尔形态彩虹小火马公布","mobileTitle":"《宝可梦 剑/盾》最新情报 伽勒尔形态彩虹小火马公布","focus":"//5b0988e595225.cdn.sohucs.com/q_70,c_lfill,w_228,h_148,g_faces/images/20191010/9e54e454cf9e4bcdba8ac92d495c6f7f.jpeg","url":"/a/346061391_100274826?scm=1002.500047.0.0-0","outerLink":false,"html":false,"pcm":"","resourceType":1,"contentType":2,"promo":false},{"id":346059756,"authorId":0,"title":"到处惹麻烦的狗狗破坏了城市，为其找到家后，铅笔人发现了秘密","mobileTitle":"到处惹麻烦的狗狗破坏了城市，为其找到家后，铅笔人发现了秘密","focus":"//5b0988e595225.cdn.sohucs.com/q_70,c_lfill,w_228,h_148,g_faces/images/20191010/86e0cb418fbd41be801c127d42ede48c.jpg","url":"/a/346059756_120360389?scm=1002.500047.0.0-0","outerLink":false,"html":false,"pcm":"","resourceType":1,"contentType":4,"promo":false},{"id":346059741,"authorId":0,"title":"【龙珠英雄】第16集（中文版）：哈兹会打败全王？野心的终结！","mobileTitle":"【龙珠英雄】第16集（中文版）：哈兹会打败全王？野心的终结！","focus":"//5b0988e595225.cdn.sohucs.com/q_70,c_lfill,w_228,h_148,g_faces/images/20191010/2566f89750154d30af656396ccc413aa.jpeg","url":"/a/346059741_827062?scm=1002.500047.0.0-0","outerLink":false,"html":false,"pcm":"","resourceType":1,"contentType":4,"promo":false},{"id":346061939,"authorId":0,"title":"王者荣耀：猴子出电刀还是出宗师，大部分人都错了，你出装对吗？","mobileTitle":"王者荣耀：猴子出电刀还是出宗师，大部分人都错了，你出装对吗？","focus":"//5b0988e595225.cdn.sohucs.com/q_70,c_lfill,w_228,h_148,g_faces/images/20191010/87fcf0ee92d0456caa643928373ec435.jpeg","url":"/a/346061939_120355059?scm=1002.500047.0.0-0","outerLink":false,"html":false,"pcm":"","resourceType":1,"contentType":4,"promo":false},{"id":346048284,"authorId":0,"title":"迷你世界：天天村长和小表弟联手，用降龙十八掌打的酋长四处逃窜","mobileTitle":"迷你世界：天天村长和小表弟联手，用降龙十八掌打的酋长四处逃窜","focus":"//5b0988e595225.cdn.sohucs.com/q_70,c_lfill,w_228,h_148,g_faces/images/20191010/86f13f850efb476bb83e35f8ebe680be.jpeg","url":"/a/346048284_120145843?scm=1002.500047.0.0-0","outerLink":false,"html":false,"pcm":"","resourceType":1,"contentType":4,"promo":false},{"id":346039769,"authorId":0,"title":"迷你世界：冒黑烟的可乐和辣椒饮料，作者你确定这是美食","mobileTitle":"迷你世界：冒黑烟的可乐和辣椒饮料，作者你确定这是美食","focus":"//5b0988e595225.cdn.sohucs.com/q_70,c_lfill,w_228,h_148,g_faces/images/20191010/3c55be9ac5f14d88b862bd76aaab8264.jpeg","url":"/a/346039769_120070433?scm=1002.500047.0.0-0","outerLink":false,"html":false,"pcm":"","resourceType":1,"contentType":4,"promo":false},{"id":346037038,"authorId":0,"title":"迷你世界：这次弓箭对战运气真好，抽到神器后轻松惬意","mobileTitle":"迷你世界：这次弓箭对战运气真好，抽到神器后轻松惬意","focus":"//5b0988e595225.cdn.sohucs.com/q_70,c_lfill,w_228,h_148,g_faces/images/20191010/351ebd563e1c4d0fa6806a943af56d1c.jpeg","url":"/a/346037038_120070433?scm=1002.500047.0.0-0","outerLink":false,"html":false,"pcm":"","resourceType":1,"contentType":4,"promo":false}],"bottomChannels":[{"title":"\n  动漫","url":"/ch/41","showOrder":0},{"title":"\n  游戏","url":"/ch/42","showOrder":1}],"channelNameEn":"acg","channelNameZh":"动漫","channelLink":"/ch/41"},{"compName":"PlateBlock","spmCode":"video","serverRender":true,"insertAdData":[{"itemspaceid":12428,"maxTurn":3,"adps":"160001","position":3,"type":22}],"orderId":19,"channelId":0,"acquiredFromBackend":true,"topLeftLinks":[{"title":"\n  视频","url":"//m.tv.sohu.com/?src=10011035&_once_=000025_xiaodaohang_shipin_1v3","showOrder":0}],"promoLinks":[{"title":"\n  电视","url":"//m.tv.sohu.com/drama?src=10011032&_once_=000025_xiaodaohang_shipin_2v3","showOrder":0},{"title":"\n  美剧","url":"//m.tv.sohu.com/drama_us?src=1004033079&_once_=000025_xiaodaohang_shipin_3v3","showOrder":1},{"title":"\n  综艺","url":"//m.tv.sohu.com/show?src=10011034&_once_=000025_xiaodaohang_shipin_4v3","showOrder":2}],"news":[{"id":0,"authorId":0,"title":"公交雨天撞死2名路人 司机现场下跪","url":"//m.sohu.com/promotion?posId=10090101&itemId=10854&link=YmNcgawui8TSRNmBOdjEVt%2FWZ5bmWJQ9UDYbDa3yq3j5qOYz9GOaihQ1bfdzzEoO%2FnzE0plMClY1mOwsGnzAlr%2B0c31hL2BlSu795shq3Byx2hoSY4Dw1Pe7Tj%2Bs%2B8isxunxhL%2FvREeL68%2F2EbPx9u8eFQEQVACP7hp0gJyaQXQ%3D","outerLink":false,"html":false,"resourceType":1,"promo":true},{"id":0,"authorId":0,"title":"女主播一个月赚700 解约要赔200万","url":"//m.sohu.com/promotion?posId=10090201&itemId=10855&link=GZ3yHQPlP5cutdoBiVayn%2BpFj%2B5UEWejg2uCwkhhE9NK8EGdwet51dBD%2BEPdcVAV3JgmLYc8NQpyNIjphGjlR%2F1v4w6r5WiOQNS%2BtvlPCLLvSalSTRqTLML5s1x6Nhl7dEhsxEYYHn0Hcn7xp9vO%2FAtioN9QCMWxDagcgbTysbo%3D","outerLink":false,"html":false,"resourceType":1,"promo":true},{"id":0,"authorId":0,"title":"男子骑车怼门栏 一个前空翻化险为夷","url":"//m.sohu.com/promotion?posId=10090301&itemId=10856&link=EpWOnGcA1icBO4ZPTYenOw8wg2MU%2BX5Mu47ZA2uFKqFWJO0xJzygJKrirse4TlehigYRuXpYqj%2FNM7AV%2B%2FJEVHk%2FFQ1YgZEMtp6TZj4VQne1vf6jNoUsHvENtkja9kwJO1Cc2PQ%2BIB7ayvi7NAgOTYY7Fs18ovDoq5Yk4y8HW0k%3D","outerLink":false,"html":false,"resourceType":1,"promo":true},{"itemspaceid":12428,"maxTurn":3,"adps":"160001","position":3,"type":22},{"id":0,"authorId":0,"title":"11岁男孩走失6天后 遗体在村后发现","url":"//m.sohu.com/promotion?posId=10090401&itemId=10857&link=AgLKUxod2IhxaFuEtzHYCcSHd6y4gnFeaNt24WRPkuSlZW3OMUX5R9xe2Mup0SMGF9t4lsmxIVzipl65HzTer7IQmmSzYC6gXnnFxMkHgsL%2F65h9czfDK6oaEUXSrsR%2Fu%2FdPXrEBnKo0%2BbJ%2B1WD%2Fg%2BLnqVnKXYNMJD7Gj03jXEI%3D","outerLink":false,"html":false,"resourceType":1,"promo":true},{"id":0,"authorId":0,"title":"乘客非要亲一口 的哥无奈飞吻被投诉","url":"//m.sohu.com/promotion?posId=10090501&itemId=10858&link=X714O7Ikp2WZqT0b4GfyAemD%2BnJ%2BEF4XzqEmWoO3hLCZ8DlJZxUWyJ5yoHikCqtst%2FWTz%2BrMoP4R%2BMfPWvt6Y%2BKktRQupgla8kBUEcpaTLQqMfp3iOQFuh02nTe1FVHEShCefxeUkNmEYV48KNRcY2Lkdk7FFF1p2Jg7sICVM44%3D","outerLink":false,"html":false,"resourceType":1,"promo":true},{"id":0,"authorId":0,"title":"象群为救小象跌落瀑布 11头象死亡","url":"//m.sohu.com/promotion?posId=10090601&itemId=10859&link=b69RBYZpdI8oO0btRD4gczfwIiqWM3VVUzyUkW1fHBPvMFnuFikySNRezT3AqahpLlNaAqQqqbfSsn2RhXZjAzW0RNuBDFcxJha82KpENLab7VEu9L5IlMHcSsuCq4uaeb8r5IjXFa7znc7xakY3WmWHO8qLMI0luztpCSFT4SY%3D","outerLink":false,"html":false,"resourceType":1,"promo":true}],"bottomChannels":[{"title":"\n  视频","url":"//m.tv.sohu.com/?src=10011035&_once_=000025_xiaodaohang_shipin_1v3","showOrder":0}],"channelNameEn":"video","channelNameZh":"视频","channelLink":"//m.tv.sohu.com/?src=10011035&_once_=000025_xiaodaohang_shipin_1v3"},{"compName":"LifeService","spmCode":"lifeser","serverRender":true,"data":{"siteName":"生活服务","sitelink":"http://m.58.com/","siteOrder":1,"itemLists":[{"title":"本地服务","url":"https://m.sohu.com/promotion?posId=19990101&itemId=1000&link=FzUwMDPjcjqT9RsVqqGnpSBBFQyytdGSe2cFYMcIZy3LPl9IuN%2BIMbjSyo8aISfOaDvXFyqviq%2Bn3WH%2FKgAjhwuHUold%2Bh1HzuZW99sSMKQws2g0gK8Je7GXz9gKI9QAi%2Bxo9zZWbE0kkpn1vwWIg1JHK9VcSJoHor85hXrU%2Bd0%3D","showOrder":1,"siteOrder":"1","showIcon":true,"iconUrl":"//statics.itc.cn/static/images/mobile/home/20190329/local-service.png"},{"title":"\n  高薪工作","url":"https://m.sohu.com/promotion?posId=19990201&itemId=1000&link=PEL%2FWEqoYyJRyAQLxUdIG5OdMjNPcPCwByi2k6AkZJgmWAwmCn3aIchYztl9enL07Mk0H0gl%2BkWka1xJ7EBfLLm6sbdrf11C9W52KMfv37DijttncmMgL7uP0OsBqP1dtvh0B%2F5SenktSo0udlw6utIL979H%2FZNX58op4CUFWms%3D","showOrder":2,"siteOrder":"1","showIcon":true,"iconUrl":"//statics.itc.cn/static/images/mobile/home/20190329/high-price-job.png"},{"title":"\n  优质房产","url":"https://m.sohu.com/promotion?posId=19990301&itemId=1000&link=EFM9HK2tS%2BY0zk%2F1Q16kRw9ajMCdpVIykG6swcd7PzClfiX7O%2B8sfvySNzgXBWDmhkltjGU9XlldwUbF5sKq3gckXR1je0lgqQ2s6HBKRyIKz8koybCmwlDL1oZ2GXSiJR6J5LdBUZFHGCmS8b5i6vWugskLzz93ltdRhIrjRtM%3D","showOrder":3,"siteOrder":"1","showIcon":true,"iconUrl":"//statics.itc.cn/static/images/mobile/home/20190329/second-house.png"},{"title":"\n  家电维修","url":"https://m.sohu.com/promotion?posId=19990401&itemId=1000&link=D%2FceK4o5VWYak1N1UgQFqTZ5L8yUuDeIxEYi4N55ponzKtrhf%2BTHIutKj%2Fq801GMTXEVuJHWCPwwBbaKjYDdmdkd1VUsBTHiNB8Ft7OJOTC7cG5hqQPbzgciHfYfdttMF6JhruH25D0wKzHARk0qrZpDroRX9xQmcIoXjCe9ZXs%3D","showOrder":4,"siteOrder":"1","showIcon":true,"iconUrl":"//statics.itc.cn/static/images/mobile/home/20190329/tv-repair.png"},{"title":"\n  二手好货","url":"https://m.sohu.com/promotion?posId=19990501&itemId=1000&link=Z0FitIhGq8uqu4NvHEp0wPQHyqXV4KngbIUGw6MfPkv4cgInluvxUnua1aOnw7r5sX5Ui0Uqsndj7eLeX85VikDuWnJhHZ8cOAFglIMOFgjQnONh2r4LHwUd5eMoor6YBozH45WVFzz1fD2RA61RjZLw8KqrysAm5v7E1dbuCQw%3D","showOrder":5,"siteOrder":"1","showIcon":true,"iconUrl":"//statics.itc.cn/static/images/mobile/home/20190329/second-good.png"},{"title":"\n  家政服务","url":"https://m.sohu.com/promotion?posId=19990601&itemId=1000&link=UL5t76DM3EyH%2BOZGJ5NyF1DyQrE0R7dFuwxQDY0W1tm7KBrR3U4bmzthfShsDDYHgNDxo%2BLo8KiJiRxQ%2FxBM4ECDc%2Ba6nVjsHTQjcjShby%2FhN4aN762%2Fyt90nOSPBv8xKPd2baK9Hrhe8PtYX1LPJasCTHAEgWyNhqfJmEWvQYg%3D","showOrder":6,"siteOrder":"1","showIcon":true,"iconUrl":"//statics.itc.cn/static/images/mobile/home/20190329/house-making.png"},{"title":"\n  放心搬家","url":"https://m.sohu.com/promotion?posId=19990701&itemId=1000&link=XFKSi8kT0DC78G1YHIUxXVkaZUWTsPAmHw2E51Swk3v7eJ9nphz0R6ds6GDZkdh29QCcQ%2BxcBNaVqWQUwmf1fDUrT7dy1k%2FPPmR1LGn7bSP4m497ARYwKvmswBh0XAKjQbjsgPeN3v1agSZqgWqARwMrOKHyDsq%2B7JHzWDIoRH8%3D","showOrder":7,"siteOrder":"1","showIcon":true,"iconUrl":"//statics.itc.cn/static/images/mobile/home/20190329/house-move.png"},{"title":"\n  热租房源","url":"https://m.sohu.com/promotion?posId=19990801&itemId=1000&link=F1mJNzeZRCP%2By11Emyu%2FdX5eMncRZgDrubMI%2BP%2FC01MIBU2hcDb4WonoNnK7kGzzPF5rYJEOm1M8JTG6oeEBeVVkZxX6SPkjajrJzIsqgKqfo9TkZ6IYDS9X%2FHAW%2F46I8NZooMb8k6RoIOLmaFrCdnYu5mC0GLCoSvHQ7K3%2F0ZU%3D","showOrder":8,"siteOrder":"1","showIcon":true,"iconUrl":"//statics.itc.cn/static/images/mobile/home/20190329/rent-house.png"},{"title":"\n  二手好车","url":"https://m.sohu.com/promotion?posId=19990901&itemId=1000&link=egyai5eOoTFL0kxMCC4GZLf2wQt3b9H0yAqLrdtYDxDLEQsdcy17ABqR9JUdrxgDI7gMC5ZMiuffN92MQ6CAmmeKEuZXHpehz6BlsNOW8zuOE0xaSlRcUSeHK1Y7mBhqTu9NMzC3vcBoSDm3x3cLaz613KM8JfQP%2BCiHqo2GKvg%3D","showOrder":9,"siteOrder":"1","showIcon":true,"iconUrl":"//statics.itc.cn/static/images/mobile/home/20190329/second-car.png"},{"title":"\n  萌宠专区","url":"https://m.sohu.com/promotion?posId=19991001&itemId=1000&link=IWnvy2zHEux4fV1WQC5qdJbnwDzx0iz9zCJL5%2F0q2wl5dV%2BZDiR4nDh%2FnLtjDtvpMLNV55TGoNXjSZ0kzyApB1jVkQFnkcsSdAcwVhFwDwHpQl7OTC%2BS82%2BRav2rraAsNfi6AnROXXsiEXnrxAMgrbhWo%2FuUbbgu%2BOQKc%2Bi5NdQ%3D","showOrder":10,"siteOrder":"1","showIcon":true,"iconUrl":"//statics.itc.cn/static/images/mobile/home/20190329/pet-zone.png"}]},"getDataKey":"LifeService"},{"compName":"RecommendFeed","spmCode":"fd-onlyu","spmCodeTag":"btn-onlyu","regionId":14834,"acode":8654,"serverRender":false},{"compName":"JDAD","serverRender":false,"adData":{"itemspaceid":13455,"itemspaceidTest":"","maxTurn":1,"adps":"6400120"}},{"compName":"NavMap","spmCode":"navmap","serverRender":true,"data":{"siteName":"网站地图","sitelink":"#","siteOrder":2,"itemLists":[{"title":"\n  新闻","url":"/ch/8/?_f=m_important_dbdh","showOrder":1,"siteOrder":"2","showIcon":false},{"title":"\n  财经","url":"/ch/15/?_f=m_business_dbdh","showOrder":2,"siteOrder":"2","showIcon":false},{"title":"\n  体育","url":"https://m.sohu.com/z/?_f=m_sports_dbdh","showOrder":3,"siteOrder":"2","showIcon":false},{"title":"\n  娱乐","url":"//m.sohu.com/yule","showOrder":4,"siteOrder":"2","showIcon":false},{"title":"\n  军事","url":"/ch/10/?_f=m_mil_dbdh","showOrder":5,"siteOrder":"2","showIcon":false},{"title":"\n  图库","url":"https://m.sohu.com/c/10/?_f=m_pic_dbdh","showOrder":6,"siteOrder":"2","showIcon":false},{"title":"\n  汽车","url":"https://m.auto.sohu.com/?_f=m_auto_dbdh","showOrder":7,"siteOrder":"2","showIcon":false},{"title":"\n  房产","url":"https://m.focus.cn/?_f=m_focus_dbdh","showOrder":8,"siteOrder":"2","showIcon":false},{"title":"\n  时尚","url":"/ch/23/?_f=m_fashion_dbdh","showOrder":9,"siteOrder":"2","showIcon":false},{"title":"\n  小说","url":"https://book.m.sohu.com/?_once_=000218_rk_mdh","showOrder":10,"siteOrder":"2","showIcon":false},{"title":"\n  历史","url":"/ch/13/?_f=m_history_dbdh","showOrder":11,"siteOrder":"2","showIcon":false},{"title":"\n  科技","url":"/ch/30/?_f=m_it_dbdh","showOrder":12,"siteOrder":"2","showIcon":false}]},"getDataKey":"NavMap"},{"compName":"FooterMenu","spmCode":"footer","serverRender":true,"data":{"links":[{"title":"用户反馈","url":"//passport.zhan.sohu.com/passport/sohu/login-jumpto?callback=https%3A%2F%2Fyonghufankui.kuaizhan.com%2Fclubv2%2Fforums%2FWd8dZEz38guoKtsR","showOrder":1},{"title":"\n  合作","url":"//m.sohu.com/cooperation","showOrder":2}],"year":"Copyright © 2019 Sohu All Rights Reserved","company":"搜狐公司 版权所有"},"getDataKey":"FooterMenu"},{"compName":"BackTop","spmCode":"fx","serverRender":true,"data":[],"spmACode":{"back_top":"3010","back_home":"3013","setto_desktop":"3011","to_next":"3012","feedback":"3030"}},{"compName":"Webclip","spmCode":"app-3","serverRender":true,"data":[],"spmACode":{"download":"3601"}},{"compName":"SliderFix","serverRender":true}],"_randomkey":"1570704684761rap497225b8"},"message":""}