{"collections":[{"displayName":"UK alerts","href":"uk","content":[{"uid":"eafded63-8ee1-4121-ad96-680aa6064c08","title":"The Guardian","headline":"Taskforce to be sent into Kensington and Chelsea council to run key services after criticism over Grenfell fire","thumbnail":"https://media.guim.co.uk/fc15be33ef724ce8809557ca9dfb60dbe062fd39/0_94_3500_2101/500.jpg","shortUrl":"http://www.theguardian.com/uk-news/2017/jul/05/kensington-and-chelsea-taskforce-to-take-over-key-council-services","id":"uk-news/2017/jul/05/kensington-and-chelsea-taskforce-to-take-over-key-council-services","frontPublicationDate":1499244361809}]},{"displayName":"US alerts","href":"us","content":[{"uid":"7a38d443-d722-411e-89bb-594a6f0a57d2","title":"The Guardian","headline":"US says North Korea missile test 'a new threat to world' as it carries out military show of force off Korean peninsula","thumbnail":"https://media.guim.co.uk/d47c75c2605aba6465a2e218fe25b3e4abd96319/469_726_2675_1605/500.jpg","shortUrl":"http://www.theguardian.com/world/2017/jul/05/north-korea-missile-test-new-threat-world-says-us-military-force-sanctions-workers","id":"world/2017/jul/05/north-korea-missile-test-new-threat-world-says-us-military-force-sanctions-workers","frontPublicationDate":1499211487231}]},{"displayName":"AU alerts","href":"au","content":[]},{"displayName":"Sport alerts","href":"sport","content":[]},{"displayName":"International alerts","href":"international","content":[{"uid":"1e20f83f-ab05-48f6-b3bd-a00e51003649","title":"The Guardian","headline":"US says North Korea missile test 'a new threat to world' as it carries out military show of force off Korean peninsula","thumbnail":"https://media.guim.co.uk/d47c75c2605aba6465a2e218fe25b3e4abd96319/469_726_2675_1605/500.jpg","shortUrl":"http://www.theguardian.com/world/2017/jul/05/north-korea-missile-test-new-threat-world-says-us-military-force-sanctions-workers","id":"world/2017/jul/05/north-korea-missile-test-new-threat-world-says-us-military-force-sanctions-workers","frontPublicationDate":1499211522909}]}]}