{"msg":"","result":{"article_cnt":4,"article_list":[{"account_img":"http://img02.sogoucdn.com/app/a/200883/6c48fe7aa793edb62784bfefd18a0412","account_openid":"v.qq.com_f06d4b9affb2a38729fede56d5629c70","appendix":"时政|伊朗,战机,导弹,KS_军事新闻,KS_军情解读,TAG_武器装备,|0|绝对军视|视频|0|v.qq.com_f06d4b9affb2a38729fede56d5629c70||19|0|9|-1|,,|1563850002|51|-1|-1|725bd3e99d8ec3eca6f6cd3f5d9877a9:伊朗,598cd69877a592ecd05e5544e9d6a10c:导弹,f2cf022b85df8a118a562f55610971c7:时政,|80.113.225.15|feed guarantee|1|35|19723g042DLGZv||||4|-1|-1|-1|-1|3|0|,","basic_type":9,"doc_id":"19723g042DLGZv","gid":"19723g042DLGZv","img_list":["https://img01.sogoucdn.com/v2/thumb/crop/xy/ai/w/750/h/422/t/0/retype/q/80/ext/auto?appid=200576&url=http%3A%2F%2Fimg01.sogoucdn.com%2Fapp%2Fa%2F200883%2F5a5937cbf11c7e80093a555cdcf8dfa6"],"keyword_tag":{"appendix":"4|2","desc":"","h5_link":"http://sa.sogou.com/sgsfe/aw/sgs_subscribe/detail.html","id":"725bd3e99d8ec3eca6f6cd3f5d9877a9","name":"伊朗","show_place":2,"source":4,"subscribe_num":15321,"tag":{"color":"5892f2","icon":"","tag_id":0},"type":1},"landing_link":"","link":"http://resource.yaokan.sogoucdn.com/videodown/4506/389/3898fb1c7db76c075c76c372861712ae.mp4","open_link":"http://resource.yaokan.sogoucdn.com/videodown/4506/389/3898fb1c7db76c075c76c372861712ae.mp4","open_type":2,"pub_source":"绝对军视","pub_time":1570707402,"read_num":10194,"related_number":{"count":10194,"is_support":false,"meaning":"播放","support_num":0,"type":2},"stream_id":-1,"subscribe_list":[{"appendix":"4|2","desc":"","h5_link":"http://sa.sogou.com/sgsfe/aw/sgs_subscribe/detail.html","id":"725bd3e99d8ec3eca6f6cd3f5d9877a9","name":"伊朗","show_place":2,"source":4,"subscribe_num":15321,"tag":{"color":"5892f2","icon":"","tag_id":0},"type":1},{"appendix":"4|2","desc":"","h5_link":"http://sa.sogou.com/sgsfe/aw/sgs_subscribe/detail.html","id":"598cd69877a592ecd05e5544e9d6a10c","name":"导弹","show_place":2,"source":4,"subscribe_num":14007,"tag":{"color":"5892f2","icon":"","tag_id":0},"type":1},{"appendix":"4|2","desc":"","h5_link":"http://sa.sogou.com/sgsfe/aw/sgs_subscribe/detail.html","id":"f2cf022b85df8a118a562f55610971c7","name":"时政","show_place":2,"source":4,"subscribe_num":5983,"tag":{"color":"5892f2","icon":"","tag_id":0},"type":1}],"tag":{},"title":"战斗在凌晨打响，大量美制战机越境发动空袭，摧毁大批伊朗制导弹","tts":0,"type":9,"unlike_list":["不想看:伊朗","不想看:战机","不想看:导弹","内容重复","广告软文","拉黑作者:绝对军视"],"video_height":486,"video_size":22106169,"video_time":"03:42","video_type":1,"video_width":864,"watermark_img":"https://img04.sogoucdn.com/v2/thumb/resize/w/140/h/140/t/0/img_watermark/p/center?url=http%3A%2F%2Fimg01.sogoucdn.com%2Fapp%2Fa%2F200883%2F5a5937cbf11c7e80093a555cdcf8dfa6&appid=200576&comp_img=http%3A%2F%2Fimg03.sogoucdn.com%2Fapp%2Fa%2F200841%2Fplay_video1"},{"account_img":"http://img04.sogoucdn.com/app/a/200883/c9fcf96c3b429be83f988e80fdfae461","account_openid":"sf_55093","appendix":"|红方,TAG_棋牌,|0|街头一哥|视频|0|sf_55093||19|1|9|-1|,,|1570353492|51|-1|-1|cf830a8cba3bd7df94e7f16eb74cd88b:红方,|80.113.225.15|feed guarantee|1|35|sf_363537565913112576||||22|-1|-1|-1|-1|3|0|,","basic_type":9,"doc_id":"sf_363537565913112576","gid":"sf_363537565913112576","img_list":["https://img01.sogoucdn.com/v2/thumb/crop/xy/ai/w/750/h/422/t/0/retype/q/80/ext/auto?appid=200576&url=http%3A%2F%2Fimg02.sogoucdn.com%2Fapp%2Fa%2F200883%2F3897acdaff5883bc0bd3993c3eaf25fe"],"keyword_tag":{"appendix":"4|2","desc":"","h5_link":"http://sa.sogou.com/sgsfe/aw/sgs_subscribe/detail.html","id":"cf830a8cba3bd7df94e7f16eb74cd88b","name":"红方","show_place":2,"source":4,"subscribe_num":10196,"tag":{"color":"5892f2","icon":"","tag_id":0},"type":1},"landing_link":"","link":"http://sofa.resource.shida.sogoucdn.com/d80887f7-fd36-4584-85c2-bfa4ec27079b3_0_0.mp4","open_link":"http://sofa.resource.shida.sogoucdn.com/d80887f7-fd36-4584-85c2-bfa4ec27079b3_0_0.mp4","open_type":2,"pub_source":"街头一哥","pub_time":1570707402,"read_num":14229,"related_number":{"count":14229,"is_support":false,"meaning":"播放","support_num":0,"type":2},"stream_id":-1,"subscribe_list":[{"appendix":"4|2","desc":"","h5_link":"http://sa.sogou.com/sgsfe/aw/sgs_subscribe/detail.html","id":"cf830a8cba3bd7df94e7f16eb74cd88b","name":"红方","show_place":2,"source":4,"subscribe_num":10196,"tag":{"color":"5892f2","icon":"","tag_id":0},"type":1}],"tag":{},"title":"让人绝望的一盘棋，这一看就是红方必败的棋啊，难不成有绝招?","tts":0,"type":9,"unlike_list":["不想看:红方","不想看:棋牌","内容重复","广告软文","拉黑作者:街头一哥"],"video_height":720,"video_size":8421870,"video_time":"04:20","video_type":1,"video_width":1280,"watermark_img":"https://img04.sogoucdn.com/v2/thumb/resize/w/140/h/140/t/0/img_watermark/p/center?url=http%3A%2F%2Fimg03.sogoucdn.com%2Fapp%2Fa%2F200883%2F3897acdaff5883bc0bd3993c3eaf25fe&appid=200576&comp_img=http%3A%2F%2Fimg03.sogoucdn.com%2Fapp%2Fa%2F200841%2Fplay_video1"},{"account_img":"http://img01.sogoucdn.com/app/a/200572/avatar_265_1523503470600","account_openid":"open_prod265","appendix":"社会|酒席,TAG_农业副业,|0|小九趣事|视频|0|open_prod265||19|2|9|-1|,,|1570088701|51|-1|-1|22c7b22c09e60b6e3eeb5e08d81187e2:酒席,706bc9a8dc0f96c6a7efd8cc68bf169b:社会,|80.113.225.15|feed guarantee|1|35|open_doc_prod11278803||||20|-1|-1|-1|-1|5|0|,","basic_type":9,"doc_id":"open_doc_prod11278803","gid":"open_doc_prod11278803","img_list":["https://img01.sogoucdn.com/v2/thumb/crop/xy/ai/w/750/h/422/t/0/retype/q/80/ext/auto?appid=200576&url=http%3A%2F%2Fimg04.sogoucdn.com%2Fapp%2Fa%2F200863%2Fimage_265_1570084787314"],"keyword_tag":{"appendix":"4|2","desc":"","h5_link":"http://sa.sogou.com/sgsfe/aw/sgs_subscribe/detail.html","id":"22c7b22c09e60b6e3eeb5e08d81187e2","name":"酒席","show_place":2,"source":4,"subscribe_num":10033,"tag":{"color":"5892f2","icon":"","tag_id":0},"type":1},"landing_link":"","link":"http://1400094915.vod2.myqcloud.com/3df4ea08vodtransgzp1400094915/a7fa920c5285890794560350461/v.f20.mp4","open_link":"http://1400094915.vod2.myqcloud.com/3df4ea08vodtransgzp1400094915/a7fa920c5285890794560350461/v.f20.mp4","open_type":2,"pub_source":"小九趣事","pub_time":1570707402,"read_num":29217,"related_number":{"count":29217,"is_support":false,"meaning":"播放","support_num":0,"type":2},"stream_id":-1,"subscribe_list":[{"appendix":"4|2","desc":"","h5_link":"http://sa.sogou.com/sgsfe/aw/sgs_subscribe/detail.html","id":"22c7b22c09e60b6e3eeb5e08d81187e2","name":"酒席","show_place":2,"source":4,"subscribe_num":10033,"tag":{"color":"5892f2","icon":"","tag_id":0},"type":1},{"appendix":"4|2","desc":"","h5_link":"http://sa.sogou.com/sgsfe/aw/sgs_subscribe/detail.html","id":"706bc9a8dc0f96c6a7efd8cc68bf169b","name":"社会","show_place":2,"source":4,"subscribe_num":5156,"tag":{"color":"5892f2","icon":"","tag_id":0},"type":1}],"tag":{},"title":"邻居办喜酒，好丰盛，热热闹闹的酒席，浓浓的家乡味","tts":0,"type":9,"unlike_list":["不想看:酒席","不想看:农业副业","内容重复","广告软文","拉黑作者:小九趣事"],"video_height":0,"video_size":25705091,"video_time":"06:03","video_type":1,"video_width":0,"watermark_img":"https://img04.sogoucdn.com/v2/thumb/resize/w/140/h/140/t/0/img_watermark/p/center?url=http%3A%2F%2Fimg04.sogoucdn.com%2Fapp%2Fa%2F200863%2Fimage_265_1570084787314&appid=200576&comp_img=http%3A%2F%2Fimg03.sogoucdn.com%2Fapp%2Fa%2F200841%2Fplay_video1"},{"account_img":"http://img01.sogoucdn.com/app/a/200863/avatar_6637_1527153442144","account_openid":"open_prod6637","appendix":"科技|飞机,TAG_自然灾害,|0|黑科技在身边|视频|0|open_prod6637||19|3|9|-1|,,|1567994916|51|-1|-1|35f413c1279ff0bb186c47639993e666:飞机,917fee5419feebed2e570ab2e023ed8c:科技,|80.113.225.15|feed guarantee|1|35|open_doc_prod10270649||||20|-1|-1|-1|-1|4|0|,","basic_type":9,"doc_id":"open_doc_prod10270649","gid":"open_doc_prod10270649","img_list":["https://img01.sogoucdn.com/v2/thumb/crop/xy/ai/w/750/h/422/t/0/retype/q/80/ext/auto?appid=200576&url=http%3A%2F%2Fimg04.sogoucdn.com%2Fapp%2Fa%2F200863%2Fimage_6637_1567994915851"],"keyword_tag":{"appendix":"4|2","desc":"","h5_link":"http://sa.sogou.com/sgsfe/aw/sgs_subscribe/detail.html","id":"35f413c1279ff0bb186c47639993e666","name":"飞机","show_place":2,"source":4,"subscribe_num":7554,"tag":{"color":"5892f2","icon":"","tag_id":0},"type":1},"landing_link":"","link":"http://1400094915.vod2.myqcloud.com/3df4ea08vodtransgzp1400094915/5f6c96e05285890793844498707/v.f20.mp4","open_link":"http://1400094915.vod2.myqcloud.com/3df4ea08vodtransgzp1400094915/5f6c96e05285890793844498707/v.f20.mp4","open_type":2,"pub_source":"黑科技在身边","pub_time":1570707402,"read_num":11466,"related_number":{"count":11466,"is_support":false,"meaning":"播放","support_num":0,"type":2},"stream_id":-1,"subscribe_list":[{"appendix":"4|2","desc":"","h5_link":"http://sa.sogou.com/sgsfe/aw/sgs_subscribe/detail.html","id":"35f413c1279ff0bb186c47639993e666","name":"飞机","show_place":2,"source":4,"subscribe_num":7554,"tag":{"color":"5892f2","icon":"","tag_id":0},"type":1},{"appendix":"4|2","desc":"","h5_link":"http://sa.sogou.com/sgsfe/aw/sgs_subscribe/detail.html","id":"917fee5419feebed2e570ab2e023ed8c","name":"科技","show_place":2,"source":4,"subscribe_num":10016,"tag":{"color":"5892f2","icon":"","tag_id":0},"type":1}],"tag":{},"title":"5大难以置信的超大飞机，你不相信他们能飞!","tts":0,"type":9,"unlike_list":["不想看:飞机","不想看:自然灾害","不想看:科技","内容重复","广告软文","拉黑作者:黑科技在身边"],"video_height":0,"video_size":9172130,"video_time":"02:11","video_type":1,"video_width":0,"watermark_img":"https://img04.sogoucdn.com/v2/thumb/resize/w/140/h/140/t/0/img_watermark/p/center?url=http%3A%2F%2Fimg04.sogoucdn.com%2Fapp%2Fa%2F200863%2Fimage_6637_1567994915851&appid=200576&comp_img=http%3A%2F%2Fimg03.sogoucdn.com%2Fapp%2Fa%2F200841%2Fplay_video1"}]},"status":1}