{"msg":"","result":{"article_cnt":4,"article_list":[{"account_img":"http://img03.sogoucdn.com/app/a/200883/239adc83c163fe32db0af06445df98d0","account_openid":"v.qq.com_078dda324ca6fe380d4847f85f8ebb36","appendix":"动漫|机械,激光,大古,迪迦奥特曼,KS_动漫,KS_特辑,TAG_日韩动漫,|0|银色子弹|视频|0|v.qq.com_078dda324ca6fe380d4847f85f8ebb36||19|0|9|-1|,,|1570092053|51|-1|-1|4a24ce326384352bc8d39ce6186eb4a2:机械,9f180289fe4e24e9d2861bedde4ec436:激光,5cd827b6ef60a895737ac6a8df0f698b:大古,4d02637ed04fae254ae46a20fcbf4ae9:动漫,|80.113.225.15|feed guarantee|1|35|19a03i041QYHsR||||4|-1|2|-1|-1|-1|0;27;02:05;0.759552|,","basic_type":9,"doc_id":"19a03i041QYHsR","gid":"19a03i041QYHsR","img_list":["https://img01.sogoucdn.com/v2/thumb/crop/xy/ai/w/750/h/422/t/0/retype/q/80/ext/auto?appid=200576&url=http%3A%2F%2Fimg04.sogoucdn.com%2Fapp%2Fa%2F200883%2F147e1f344b16618b3107e6760c6f9e58"],"keyword_tag":{"appendix":"4|2","desc":"","h5_link":"http://sa.sogou.com/sgsfe/aw/sgs_subscribe/detail.html","id":"4a24ce326384352bc8d39ce6186eb4a2","name":"机械","show_place":2,"source":4,"subscribe_num":18689,"tag":{"color":"5892f2","icon":"","tag_id":0},"type":1},"landing_link":"","link":"http://resource.yaokan.sogoucdn.com/videodown/4506/518/51852883d29075a5777b9ca2e5f021cc.mp4","open_link":"http://resource.yaokan.sogoucdn.com/videodown/4506/518/51852883d29075a5777b9ca2e5f021cc.mp4","open_type":2,"pub_source":"银色子弹","pub_time":1570707402,"read_num":28378,"related_number":{"count":28378,"is_support":false,"meaning":"播放","support_num":0,"type":2},"stream_id":-1,"subscribe_list":[{"appendix":"4|2","desc":"","h5_link":"http://sa.sogou.com/sgsfe/aw/sgs_subscribe/detail.html","id":"4a24ce326384352bc8d39ce6186eb4a2","name":"机械","show_place":2,"source":4,"subscribe_num":18689,"tag":{"color":"5892f2","icon":"","tag_id":0},"type":1},{"appendix":"4|2","desc":"","h5_link":"http://sa.sogou.com/sgsfe/aw/sgs_subscribe/detail.html","id":"9f180289fe4e24e9d2861bedde4ec436","name":"激光","show_place":2,"source":4,"subscribe_num":19079,"tag":{"color":"5892f2","icon":"","tag_id":0},"type":1},{"appendix":"4|2","desc":"","h5_link":"http://sa.sogou.com/sgsfe/aw/sgs_subscribe/detail.html","id":"5cd827b6ef60a895737ac6a8df0f698b","name":"大古","show_place":2,"source":4,"subscribe_num":5574,"tag":{"color":"5892f2","icon":"","tag_id":0},"type":1},{"appendix":"4|2","desc":"","h5_link":"http://sa.sogou.com/sgsfe/aw/sgs_subscribe/detail.html","id":"4d02637ed04fae254ae46a20fcbf4ae9","name":"动漫","show_place":2,"source":4,"subscribe_num":18392,"tag":{"color":"5892f2","icon":"","tag_id":0},"type":1}],"tag":{},"title":"迪迦奥特曼：大古用激光切开机械岛表面，终于联系上丽娜了","tts":0,"type":9,"unlike_list":["不想看:机械","不想看:激光","不想看:大古","内容重复","广告软文","拉黑作者:银色子弹"],"video_height":486,"video_size":9676348,"video_time":"02:05","video_type":1,"video_width":864,"watermark_img":"https://img04.sogoucdn.com/v2/thumb/resize/w/140/h/140/t/0/img_watermark/p/center?url=http%3A%2F%2Fimg04.sogoucdn.com%2Fapp%2Fa%2F200883%2F147e1f344b16618b3107e6760c6f9e58&appid=200576&comp_img=http%3A%2F%2Fimg03.sogoucdn.com%2Fapp%2Fa%2F200841%2Fplay_video1"},{"account_img":"http://img04.sogoucdn.com/app/a/200883/239adc83c163fe32db0af06445df98d0","account_openid":"v.qq.com_078dda324ca6fe380d4847f85f8ebb36","appendix":"动漫|赛罗,欧布奥特曼,穿越时空,KS_动漫,KS_特辑,TAG_日韩动漫,|0|银色子弹|视频|0|v.qq.com_078dda324ca6fe380d4847f85f8ebb36||19|1|9|-1|,,|1570092049|51|-1|-1|5725fa1a9e686e3561355bd84775e02b:赛罗,63bf39319c4ed65d75c7944d7e3a44d6:欧布奥特曼,7a4e90a3deb3b00b6889720de6d7512f:穿越时空,4d02637ed04fae254ae46a20fcbf4ae9:动漫,|80.113.225.15|feed guarantee|1|35|19a03i043IJ2qv||||4|-1|-1|-1|-1|2|0|,","basic_type":9,"doc_id":"19a03i043IJ2qv","gid":"19a03i043IJ2qv","img_list":["https://img01.sogoucdn.com/v2/thumb/crop/xy/ai/w/750/h/422/t/0/retype/q/80/ext/auto?appid=200576&url=http%3A%2F%2Fimg03.sogoucdn.com%2Fapp%2Fa%2F200883%2F10e37da38f480642769e7e388583c664"],"keyword_tag":{"appendix":"4|2","desc":"","h5_link":"http://sa.sogou.com/sgsfe/aw/sgs_subscribe/detail.html","id":"5725fa1a9e686e3561355bd84775e02b","name":"赛罗","show_place":2,"source":4,"subscribe_num":8444,"tag":{"color":"5892f2","icon":"","tag_id":0},"type":1},"landing_link":"","link":"http://resource.yaokan.sogoucdn.com/videodown/4506/266/26d6b12880da9aa46885687aeff56700.mp4","open_link":"http://resource.yaokan.sogoucdn.com/videodown/4506/266/26d6b12880da9aa46885687aeff56700.mp4","open_type":2,"pub_source":"银色子弹","pub_time":1570707402,"read_num":15454,"related_number":{"count":15454,"is_support":false,"meaning":"播放","support_num":0,"type":2},"stream_id":-1,"subscribe_list":[{"appendix":"4|2","desc":"","h5_link":"http://sa.sogou.com/sgsfe/aw/sgs_subscribe/detail.html","id":"5725fa1a9e686e3561355bd84775e02b","name":"赛罗","show_place":2,"source":4,"subscribe_num":8444,"tag":{"color":"5892f2","icon":"","tag_id":0},"type":1},{"appendix":"4|2","desc":"","h5_link":"http://sa.sogou.com/sgsfe/aw/sgs_subscribe/detail.html","id":"63bf39319c4ed65d75c7944d7e3a44d6","name":"欧布奥特曼","show_place":2,"source":4,"subscribe_num":11327,"tag":{"color":"5892f2","icon":"","tag_id":0},"type":1},{"appendix":"4|2","desc":"","h5_link":"http://sa.sogou.com/sgsfe/aw/sgs_subscribe/detail.html","id":"7a4e90a3deb3b00b6889720de6d7512f","name":"穿越时空","show_place":2,"source":4,"subscribe_num":11604,"tag":{"color":"5892f2","icon":"","tag_id":0},"type":1},{"appendix":"4|2","desc":"","h5_link":"http://sa.sogou.com/sgsfe/aw/sgs_subscribe/detail.html","id":"4d02637ed04fae254ae46a20fcbf4ae9","name":"动漫","show_place":2,"source":4,"subscribe_num":19558,"tag":{"color":"5892f2","icon":"","tag_id":0},"type":1}],"tag":{},"title":"欧布奥特曼还没借过赛罗的力量，看他终极形态穿越时空很想借力量","tts":0,"type":9,"unlike_list":["不想看:赛罗","不想看:欧布奥特曼","不想看:穿越时空","内容重复","广告软文","拉黑作者:银色子弹"],"video_height":486,"video_size":9128900,"video_time":"01:24","video_type":1,"video_width":864,"watermark_img":"https://img04.sogoucdn.com/v2/thumb/resize/w/140/h/140/t/0/img_watermark/p/center?url=http%3A%2F%2Fimg03.sogoucdn.com%2Fapp%2Fa%2F200883%2F10e37da38f480642769e7e388583c664&appid=200576&comp_img=http%3A%2F%2Fimg03.sogoucdn.com%2Fapp%2Fa%2F200841%2Fplay_video1"},{"account_img":"http://img04.sogoucdn.com/app/a/200883/b69a1e16ec4a0e99a081200f369cbeab","account_openid":"v.qq.com_0bd1bd8ff53a4ca58fd03204da722189","appendix":"体育|巨人卡里,塞纳,摔角,KS_职业体育,KS_功夫搏击,TAG_NBA,|0|去格斗吧|视频|0|v.qq.com_0bd1bd8ff53a4ca58fd03204da722189||19|2|9|-1|,,|1570092981|51|-1|-1|d40f0257f0f9e5e316afcbacc863b149:巨人卡里,a660bafddfd17489dffb3fd6dd354800:塞纳,95271b45ccca08e175fcd5c1e019d916:摔角,6b5cb508f0d7bb521d51a6600904218c:体育,|80.113.225.15|feed guarantee|1|35|19a03j043lYALs||||4|-1|-1|-1|-1|2|0|,","basic_type":9,"doc_id":"19a03j043lYALs","gid":"19a03j043lYALs","img_list":["https://img01.sogoucdn.com/v2/thumb/crop/xy/ai/w/750/h/422/t/0/retype/q/80/ext/auto?appid=200576&url=http%3A%2F%2Fimg04.sogoucdn.com%2Fapp%2Fa%2F200883%2Fcbd329fd721df84c116da0a1fa11473d"],"keyword_tag":{"appendix":"4|2","desc":"","h5_link":"http://sa.sogou.com/sgsfe/aw/sgs_subscribe/detail.html","id":"d40f0257f0f9e5e316afcbacc863b149","name":"巨人卡里","show_place":2,"source":4,"subscribe_num":6578,"tag":{"color":"5892f2","icon":"","tag_id":0},"type":1},"landing_link":"","link":"http://resource.yaokan.sogoucdn.com/videodown/4506/208/e2a08f274b418630bcf73ae249ad7a93.mp4","open_link":"http://resource.yaokan.sogoucdn.com/videodown/4506/208/e2a08f274b418630bcf73ae249ad7a93.mp4","open_type":2,"pub_source":"去格斗吧","pub_time":1570707402,"read_num":29507,"related_number":{"count":29507,"is_support":false,"meaning":"播放","support_num":0,"type":2},"stream_id":-1,"subscribe_list":[{"appendix":"4|2","desc":"","h5_link":"http://sa.sogou.com/sgsfe/aw/sgs_subscribe/detail.html","id":"d40f0257f0f9e5e316afcbacc863b149","name":"巨人卡里","show_place":2,"source":4,"subscribe_num":6578,"tag":{"color":"5892f2","icon":"","tag_id":0},"type":1},{"appendix":"4|2","desc":"","h5_link":"http://sa.sogou.com/sgsfe/aw/sgs_subscribe/detail.html","id":"a660bafddfd17489dffb3fd6dd354800","name":"塞纳","show_place":2,"source":4,"subscribe_num":7673,"tag":{"color":"5892f2","icon":"","tag_id":0},"type":1},{"appendix":"4|2","desc":"","h5_link":"http://sa.sogou.com/sgsfe/aw/sgs_subscribe/detail.html","id":"95271b45ccca08e175fcd5c1e019d916","name":"摔角","show_place":2,"source":4,"subscribe_num":15392,"tag":{"color":"5892f2","icon":"","tag_id":0},"type":1},{"appendix":"4|2","desc":"","h5_link":"http://sa.sogou.com/sgsfe/aw/sgs_subscribe/detail.html","id":"6b5cb508f0d7bb521d51a6600904218c","name":"体育","show_place":2,"source":4,"subscribe_num":10593,"tag":{"color":"5892f2","icon":"","tag_id":0},"type":1}],"tag":{},"title":"巨人卡里刚踏入摔角 横行霸道 连冠军塞纳都被击倒!","tts":0,"type":9,"unlike_list":["不想看:巨人卡里","不想看:塞纳","不想看:体育","内容重复","广告软文","拉黑作者:去格斗吧"],"video_height":486,"video_size":26318752,"video_time":"04:05","video_type":1,"video_width":864,"watermark_img":"https://img04.sogoucdn.com/v2/thumb/resize/w/140/h/140/t/0/img_watermark/p/center?url=http%3A%2F%2Fimg04.sogoucdn.com%2Fapp%2Fa%2F200883%2Fcbd329fd721df84c116da0a1fa11473d&appid=200576&comp_img=http%3A%2F%2Fimg03.sogoucdn.com%2Fapp%2Fa%2F200841%2Fplay_video1"},{"account_img":"http://img03.sogoucdn.com/app/a/200883/fa4465e2208ef914b80eabc84e14aeec","account_openid":"v.qq.com_237d1ec45392f9cd4b0d027fc2e093de","appendix":"搞笑|猫咪,小老虎,KS_奇人趣事,KS_其他,TAG_猫,|0|萌宠野兽|视频|0|v.qq.com_237d1ec45392f9cd4b0d027fc2e093de||19|3|9|-1|,,|1569469086|51|-1|-1|f43a0db6cbc649cdef7a8b45e8dec4d3:猫咪,7e6f1c1e0dfe819efe02d9b9c4f7d692:小老虎,e6d60bd8672951a96e5a811023144e14:搞笑,|80.113.225.15|feed guarantee|1|35|19926i041dqK0p||||4|-1|-1|-1|-1|-1|2|,","basic_type":9,"doc_id":"19926i041dqK0p","gid":"19926i041dqK0p","img_list":["https://img01.sogoucdn.com/v2/thumb/crop/xy/ai/w/750/h/422/t/0/retype/q/80/ext/auto?appid=200576&url=http%3A%2F%2Fimg04.sogoucdn.com%2Fapp%2Fa%2F200883%2F88caed2b712263492b9d5e14fc04e742"],"keyword_tag":{"appendix":"4|2","desc":"","h5_link":"http://sa.sogou.com/sgsfe/aw/sgs_subscribe/detail.html","id":"f43a0db6cbc649cdef7a8b45e8dec4d3","name":"猫咪","show_place":2,"source":4,"subscribe_num":14898,"tag":{"color":"5892f2","icon":"","tag_id":0},"type":1},"landing_link":"","link":"http://resource.yaokan.sogoucdn.com/videodown/4506/877/a8a778a09bda87b3e2b05c27d4ad83d8.mp4","open_link":"http://resource.yaokan.sogoucdn.com/videodown/4506/877/a8a778a09bda87b3e2b05c27d4ad83d8.mp4","open_type":2,"pub_source":"萌宠野兽","pub_time":1570707402,"read_num":12427,"related_number":{"count":12427,"is_support":false,"meaning":"播放","support_num":0,"type":2},"stream_id":-1,"subscribe_list":[{"appendix":"4|2","desc":"","h5_link":"http://sa.sogou.com/sgsfe/aw/sgs_subscribe/detail.html","id":"f43a0db6cbc649cdef7a8b45e8dec4d3","name":"猫咪","show_place":2,"source":4,"subscribe_num":14898,"tag":{"color":"5892f2","icon":"","tag_id":0},"type":1},{"appendix":"4|2","desc":"","h5_link":"http://sa.sogou.com/sgsfe/aw/sgs_subscribe/detail.html","id":"7e6f1c1e0dfe819efe02d9b9c4f7d692","name":"小老虎","show_place":2,"source":4,"subscribe_num":18791,"tag":{"color":"5892f2","icon":"","tag_id":0},"type":1},{"appendix":"4|2","desc":"","h5_link":"http://sa.sogou.com/sgsfe/aw/sgs_subscribe/detail.html","id":"e6d60bd8672951a96e5a811023144e14","name":"搞笑","show_place":2,"source":4,"subscribe_num":5486,"tag":{"color":"5892f2","icon":"","tag_id":0},"type":1}],"tag":{},"title":"跟小老虎一起长大的猫咪，走起路来六亲不认，谁敢惹它?","tts":0,"type":9,"unlike_list":["不想看:猫咪","不想看:小老虎","不想看:搞笑","内容重复","广告软文","拉黑作者:萌宠野兽"],"video_height":486,"video_size":7285766,"video_time":"01:08","video_type":1,"video_width":864,"watermark_img":"https://img04.sogoucdn.com/v2/thumb/resize/w/140/h/140/t/0/img_watermark/p/center?url=http%3A%2F%2Fimg04.sogoucdn.com%2Fapp%2Fa%2F200883%2F88caed2b712263492b9d5e14fc04e742&appid=200576&comp_img=http%3A%2F%2Fimg03.sogoucdn.com%2Fapp%2Fa%2F200841%2Fplay_video1"}]},"status":1}