{"msg":"","result":{"article_cnt":20,"article_list":[{"account_img":"http://img02.sogoucdn.com/app/a/200883/14cabe09e894adfb8f32ea311a6fb93b","account_openid":"open_prod411833","appendix":"情感|马蓉,王宝强,KS_王宝强离婚,KS_王宝强马蓉,KS_宋喆,KS_舆论压力,KS_公主,TAG_喜剧演员,TXK_情感_马蓉,TXK_情感_王宝强,TXK_情感_王宝强离婚,TXK_情感_宋喆,TXK_情感_舆论压力,TXK_情感_公主,|0|阳舒娱乐|推荐|0|open_prod411833||19|0|2|-1|,,|1570671902|51|-1|-1|c5361088cb8ed49a06aeef810d08fd8a:马蓉,62384752e7d9fe670f494c3367e51a35:王宝强,882fae864484503fe8bbd7f28bd75a06:王宝强离婚,0ceb2c104359fd9369d1230e5cd6bb1b:情感,|80.113.225.15|feed guarantee|0|1|open_doc_prod11556379||||17|2|lda_237_0.620077,lda_95_0.085192,lda_165_0.043651,lda_433_0.042573,lda_231_0.034261|-1|-1|3;1434;;0.0065057|20191008A0IH3Z00|,","basic_type":2,"doc_id":"open_doc_prod11556379","gid":"20191008A0IH3Z00","img_list":["https://img01.sogoucdn.com/v2/thumb/crop/xy/ai/w/224/h/144/t/0/retype/q/80/ext/auto?appid=200576&url=http%3A%2F%2Fimg03.sogoucdn.com%2Fapp%2Fa%2F200863%2Fimage_411833_1570671901610","https://img01.sogoucdn.com/v2/thumb/crop/xy/ai/w/224/h/144/t/0/retype/q/80/ext/auto?appid=200576&url=http%3A%2F%2Fimg04.sogoucdn.com%2Fapp%2Fa%2F200863%2Fimage_411833_1570671901720","https://img01.sogoucdn.com/v2/thumb/crop/xy/ai/w/224/h/144/t/0/retype/q/80/ext/auto?appid=200576&url=http%3A%2F%2Fimg02.sogoucdn.com%2Fapp%2Fa%2F200863%2Fimage_411833_1570671901802"],"keyword_tag":{"appendix":"4|2","desc":"","h5_link":"http://sa.sogou.com/sgsfe/aw/sgs_subscribe/detail.html","id":"c5361088cb8ed49a06aeef810d08fd8a","name":"马蓉","show_place":2,"source":4,"subscribe_num":5469,"tag":{"color":"5892f2","icon":"","tag_id":0},"type":1},"link":"https://sa.sogou.com/sgsearch/sgs_tc_news.php?req=gNWjMh9kjpEtYgjReTdUXUzUTFcZoVfF6TIlXpnBlfGeoH8WN7Rp417d4mG5f7s6&user_type=wappage","need_appinfo":1,"open_link":"https://sa.sogou.com/sgsearch/sgs_tc_news.php?req=gNWjMh9kjpEtYgjReTdUXUzUTFcZoVfF6TIlXpnBlfGeoH8WN7Rp417d4mG5f7s6&user_type=wappage","open_type":0,"pub_source":"阳舒娱乐","pub_time":1570707402,"read_num":10124,"related_number":{"count":10124,"is_support":false,"meaning":"阅读","support_num":0,"type":0},"stream_id":-1,"subscribe_list":[{"appendix":"4|2","desc":"","h5_link":"http://sa.sogou.com/sgsfe/aw/sgs_subscribe/detail.html","id":"c5361088cb8ed49a06aeef810d08fd8a","name":"马蓉","show_place":2,"source":4,"subscribe_num":5469,"tag":{"color":"5892f2","icon":"","tag_id":0},"type":1},{"appendix":"4|2","desc":"","h5_link":"http://sa.sogou.com/sgsfe/aw/sgs_subscribe/detail.html","id":"62384752e7d9fe670f494c3367e51a35","name":"王宝强","show_place":2,"source":4,"subscribe_num":10096,"tag":{"color":"5892f2","icon":"","tag_id":0},"type":1},{"appendix":"4|2","desc":"","h5_link":"http://sa.sogou.com/sgsfe/aw/sgs_subscribe/detail.html","id":"882fae864484503fe8bbd7f28bd75a06","name":"王宝强离婚","show_place":2,"source":4,"subscribe_num":19511,"tag":{"color":"5892f2","icon":"","tag_id":0},"type":1},{"appendix":"4|2","desc":"","h5_link":"http://sa.sogou.com/sgsfe/aw/sgs_subscribe/detail.html","id":"0ceb2c104359fd9369d1230e5cd6bb1b","name":"情感","show_place":2,"source":4,"subscribe_num":10250,"tag":{"color":"5892f2","icon":"","tag_id":0},"type":1}],"tag":{},"title":"马蓉离开王宝强，3年之后的马蓉，居然如此大变化","tts":0,"type":2,"unlike_list":["不想看:马蓉","不想看:王宝强","不想看:情感","内容重复","内容质量差","拉黑作者:阳舒娱乐"],"video_type":0},{"account_img":"http://img04.sogoucdn.com/app/a/200883/1340636db6192119ebaa40754fdd2478","account_openid":"qie_bf36a3702ef6fb2e2d99f95c8f79f645","appendix":"法制|女司机,KS_交通法规,KS_交通安全,TAG_刑事案件,TXK_法制_女司机,TXK_法制_交通法规,TXK_法制_交通安全,|0|路行千里车担忧|推荐|0|qie_bf36a3702ef6fb2e2d99f95c8f79f645||19|1|2|-1|,,|1570161478|51|-1|-1|58705c3ebf8d8ae2ee4008f02bd8da36:女司机,d5952ff7fd468e1394880241117f53ce:交通法规,a807b613077288751efd5f53f69203a2:交通安全,|80.113.225.15|feed guarantee|0|1|20191004A07AVE00||||16|-1|5|-1|-1|-1|3;385;;0.0503758|,","basic_type":2,"doc_id":"20191004A07AVE00","gid":"20191004A07AVE00","img_list":["https://img01.sogoucdn.com/v2/thumb/crop/xy/ai/w/224/h/144/t/0/retype/q/80/ext/auto?appid=200576&url=http%3A%2F%2Fimg04.sogoucdn.com%2Fapp%2Fa%2F200883%2F30bc16d4a65b99a02c5448e6842bce79","https://img01.sogoucdn.com/v2/thumb/crop/xy/ai/w/224/h/144/t/0/retype/q/80/ext/auto?appid=200576&url=http%3A%2F%2Fimg02.sogoucdn.com%2Fapp%2Fa%2F200883%2Fc0e0a5b309f70735dc8478439c89b468","https://img01.sogoucdn.com/v2/thumb/crop/xy/ai/w/224/h/144/t/0/retype/q/80/ext/auto?appid=200576&url=http%3A%2F%2Fimg01.sogoucdn.com%2Fapp%2Fa%2F200883%2Ff54bbe158158be1acae4a46e20059b12"],"keyword_tag":{"appendix":"4|2","desc":"","h5_link":"http://sa.sogou.com/sgsfe/aw/sgs_subscribe/detail.html","id":"58705c3ebf8d8ae2ee4008f02bd8da36","name":"女司机","show_place":2,"source":4,"subscribe_num":5789,"tag":{"color":"5892f2","icon":"","tag_id":0},"type":1},"link":"https://sa.sogou.com/sgsearch/sgs_tc_news.php?req=dnUjlawflKwFLecOum1U0Bn8qa2VXsR8H8SuyUy3stQ=&tencentdocid=20191004A07AVE00&docid=20191004A07AVE00&user_type=wappage","need_appinfo":1,"open_link":"https://sa.sogou.com/sgsearch/sgs_tc_news.php?req=dnUjlawflKwFLecOum1U0Bn8qa2VXsR8H8SuyUy3stQ=&tencentdocid=20191004A07AVE00&docid=20191004A07AVE00&user_type=wappage","open_type":0,"pub_source":"路行千里车担忧","pub_time":1570707402,"read_num":19609,"related_number":{"count":19609,"is_support":false,"meaning":"阅读","support_num":0,"type":0},"stream_id":-1,"subscribe_list":[{"appendix":"4|2","desc":"","h5_link":"http://sa.sogou.com/sgsfe/aw/sgs_subscribe/detail.html","id":"58705c3ebf8d8ae2ee4008f02bd8da36","name":"女司机","show_place":2,"source":4,"subscribe_num":5789,"tag":{"color":"5892f2","icon":"","tag_id":0},"type":1},{"appendix":"4|2","desc":"","h5_link":"http://sa.sogou.com/sgsfe/aw/sgs_subscribe/detail.html","id":"d5952ff7fd468e1394880241117f53ce","name":"交通法规","show_place":2,"source":4,"subscribe_num":5721,"tag":{"color":"5892f2","icon":"","tag_id":0},"type":1},{"appendix":"4|2","desc":"","h5_link":"http://sa.sogou.com/sgsfe/aw/sgs_subscribe/detail.html","id":"a807b613077288751efd5f53f69203a2","name":"交通安全","show_place":2,"source":4,"subscribe_num":6275,"tag":{"color":"5892f2","icon":"","tag_id":0},"type":1}],"tag":{},"title":"女司机同一地点违停16次，被罚3200元，怒将交警告上法庭!","tts":0,"type":2,"unlike_list":["不想看:女司机","不想看:刑事案件","内容重复","广告软文","拉黑作者:路行千里车担忧"],"video_type":0},{"account_img":"http://img01.sogoucdn.com/app/a/200883/a02594fb74bfe213402bed4191f15012","account_openid":"open_prod223243","appendix":"社会|卫生间,TAG_社会新闻,TXK_社会_卫生间,|0|生活报|推荐|0|open_prod223243||19|2|2|-1|,,|1570671037|51|-1|-1|e78b690db392bd30d8636014efe5a21d:卫生间,706bc9a8dc0f96c6a7efd8cc68bf169b:社会,|80.113.225.15|feed guarantee|0|1|open_doc_prod11555303||||17|-1|5|-1|-1|-1|3;1723;;0.0117195|,","basic_type":2,"doc_id":"open_doc_prod11555303","gid":"open_doc_prod11550815","img_list":["https://img01.sogoucdn.com/v2/thumb/crop/xy/ai/w/224/h/144/t/0/retype/q/80/ext/auto?appid=200576&url=http%3A%2F%2Fimg01.sogoucdn.com%2Fapp%2Fa%2F200883%2F03e6bc3e3dedb4b9fe21eaf9059ff7d6","https://img01.sogoucdn.com/v2/thumb/crop/xy/ai/w/224/h/144/t/0/retype/q/80/ext/auto?appid=200576&url=http%3A%2F%2Fimg01.sogoucdn.com%2Fapp%2Fa%2F200883%2Ff99dadc359b5d273a5b9a74badc583f0","https://img01.sogoucdn.com/v2/thumb/crop/xy/ai/w/224/h/144/t/0/retype/q/80/ext/auto?appid=200576&url=http%3A%2F%2Fimg03.sogoucdn.com%2Fapp%2Fa%2F200883%2Fe9814c5f7ada54f062ce9304da41850b"],"keyword_tag":{"appendix":"4|2","desc":"","h5_link":"http://sa.sogou.com/sgsfe/aw/sgs_subscribe/detail.html","id":"e78b690db392bd30d8636014efe5a21d","name":"卫生间","show_place":2,"source":4,"subscribe_num":7851,"tag":{"color":"5892f2","icon":"","tag_id":0},"type":1},"link":"https://sa.sogou.com/sgsearch/sgs_tc_news.php?req=gNWjMh9kjpEtYgjReTdUXaSbElpFih0H_vlKUpFcBpXIIc00cFxurZR_MQLizNPE&user_type=wappage","need_appinfo":1,"open_link":"https://sa.sogou.com/sgsearch/sgs_tc_news.php?req=gNWjMh9kjpEtYgjReTdUXaSbElpFih0H_vlKUpFcBpXIIc00cFxurZR_MQLizNPE&user_type=wappage","open_type":0,"pub_source":"生活报","pub_time":1570707402,"read_num":27815,"related_number":{"count":27815,"is_support":false,"meaning":"阅读","support_num":0,"type":0},"stream_id":-1,"subscribe_list":[{"appendix":"4|2","desc":"","h5_link":"http://sa.sogou.com/sgsfe/aw/sgs_subscribe/detail.html","id":"e78b690db392bd30d8636014efe5a21d","name":"卫生间","show_place":2,"source":4,"subscribe_num":7851,"tag":{"color":"5892f2","icon":"","tag_id":0},"type":1},{"appendix":"4|2","desc":"","h5_link":"http://sa.sogou.com/sgsfe/aw/sgs_subscribe/detail.html","id":"706bc9a8dc0f96c6a7efd8cc68bf169b","name":"社会","show_place":2,"source":4,"subscribe_num":12603,"tag":{"color":"5892f2","icon":"","tag_id":0},"type":1}],"tag":{},"title":"上海夫妻家中卫生间内中毒身亡，上海警方称正尸检","tts":0,"type":2,"unlike_list":["不想看:卫生间","不想看:社会新闻","内容重复","广告软文","拉黑作者:生活报"],"video_type":0},{"account_img":"http://img04.sogoucdn.com/app/a/200883/63c2a5ea72de8b656d5423800ae1aa15","account_openid":"open_prod340537","appendix":"明星|男性荷尔蒙,女友,出柜,小鲜肉,韩国女星,KS_top,KS_bigbang,KS_韩国娱乐圈,KS_毒品,KS_ikon,TAG_日韩明星,TXK_明星_男性荷尔蒙,TXK_明星_女友,TXK_明星_出柜,TXK_明星_小鲜肉,TXK_明星_韩国女星,TXK_明星_top,TXK_明星_bigbang,TXK_明星_韩国娱乐圈,TXK_明星_毒品,TXK_明星_ikon,|0|橙子八卦社|推荐|0|open_prod340537||19|3|2|-1|,,|1570670093|51|-1|-1|6412f364e10c3fd87c1f9299aeea26fe:男性荷尔蒙,a343ba05d942c88f231f4c556978ef67:女友,42e6e91bb2b44a9a480049d35948bcb6:出柜,34411427f187e961fb15208e1a1c3610:明星,|80.113.225.15|feed guarantee|0|1|open_doc_prod11554099||||17|-1|2|-1|-1|-1|3;1312;;0.0580116|,","basic_type":2,"doc_id":"open_doc_prod11554099","gid":"open_doc_prod11554099","img_list":["https://img01.sogoucdn.com/v2/thumb/crop/xy/ai/w/224/h/144/t/0/retype/q/80/ext/auto?appid=200576&url=http%3A%2F%2Fimg01.sogoucdn.com%2Fapp%2Fa%2F200863%2Fimg_340537_157066995648076","https://img01.sogoucdn.com/v2/thumb/crop/xy/ai/w/224/h/144/t/0/retype/q/80/ext/auto?appid=200576&url=http%3A%2F%2Fimg04.sogoucdn.com%2Fapp%2Fa%2F200863%2Fimg_340537_157066995647740","https://img01.sogoucdn.com/v2/thumb/crop/xy/ai/w/224/h/144/t/0/retype/q/80/ext/auto?appid=200576&url=http%3A%2F%2Fimg04.sogoucdn.com%2Fapp%2Fa%2F200863%2Fimg_340537_157066995648344"],"keyword_tag":{"appendix":"4|2","desc":"","h5_link":"http://sa.sogou.com/sgsfe/aw/sgs_subscribe/detail.html","id":"6412f364e10c3fd87c1f9299aeea26fe","name":"男性荷尔蒙","show_place":2,"source":4,"subscribe_num":16596,"tag":{"color":"5892f2","icon":"","tag_id":0},"type":1},"link":"https://sa.sogou.com/sgsearch/sgs_tc_news.php?req=gNWjMh9kjpEtYgjReTdUXSTwylzl8O6Bn-EGWhduAFlTe5IQTNbNqG9YUQ-7r2Ss&user_type=wappage","need_appinfo":1,"open_link":"https://sa.sogou.com/sgsearch/sgs_tc_news.php?req=gNWjMh9kjpEtYgjReTdUXSTwylzl8O6Bn-EGWhduAFlTe5IQTNbNqG9YUQ-7r2Ss&user_type=wappage","open_type":0,"pub_source":"橙子八卦社","pub_time":1570707402,"read_num":24316,"related_number":{"count":24316,"is_support":false,"meaning":"阅读","support_num":0,"type":0},"stream_id":-1,"subscribe_list":[{"appendix":"4|2","desc":"","h5_link":"http://sa.sogou.com/sgsfe/aw/sgs_subscribe/detail.html","id":"6412f364e10c3fd87c1f9299aeea26fe","name":"男性荷尔蒙","show_place":2,"source":4,"subscribe_num":16596,"tag":{"color":"5892f2","icon":"","tag_id":0},"type":1},{"appendix":"4|2","desc":"","h5_link":"http://sa.sogou.com/sgsfe/aw/sgs_subscribe/detail.html","id":"a343ba05d942c88f231f4c556978ef67","name":"女友","show_place":2,"source":4,"subscribe_num":14585,"tag":{"color":"5892f2","icon":"","tag_id":0},"type":1},{"appendix":"4|2","desc":"","h5_link":"http://sa.sogou.com/sgsfe/aw/sgs_subscribe/detail.html","id":"42e6e91bb2b44a9a480049d35948bcb6","name":"出柜","show_place":2,"source":4,"subscribe_num":9115,"tag":{"color":"5892f2","icon":"","tag_id":0},"type":1},{"appendix":"4|2","desc":"","h5_link":"http://sa.sogou.com/sgsfe/aw/sgs_subscribe/detail.html","id":"34411427f187e961fb15208e1a1c3610","name":"明星","show_place":2,"source":4,"subscribe_num":15319,"tag":{"color":"5892f2","icon":"","tag_id":0},"type":1}],"tag":{},"title":"又一韩国女星承认出柜!女友为与其结婚，打男性荷尔蒙扮成小鲜肉","tts":0,"type":2,"unlike_list":["不想看:男性荷尔蒙","不想看:女友","不想看:出柜","内容重复","广告软文","拉黑作者:橙子八卦社"],"video_type":0},{"account_img":"","account_openid":"4d6182e8cfd253ab","appendix":"|女大学生,艾滋病,KS_艾滋病患者,KS_男朋友,KS_日记,KS_非洲,TAG_趣闻轶事,|0|北郭导演|推荐|0|4d6182e8cfd253ab||19|4|2|-1|,,|1570351972|51|-1|-1|5779634cf25691719941e7c1ff836965:女大学生,23e6e2848cc78be0a02f4ef7487b609f:艾滋病,d24b52578a36649384ac5aa79e2f6049:艾滋病患者,|80.113.225.15|feed guarantee|0|1|19a06h0x1JfSro||||33|3|lda_99_0.292173,lda_373_0.199354,lda_146_0.084259,lda_442_0.045210,lda_498_0.044329|-1|-1|3;1022;;0.0234154|20191006A0DN4V00|,","basic_type":2,"doc_id":"19a06h0x1JfSro","gid":"20191006A0DN4V00","img_list":["https://img01.sogoucdn.com/v2/thumb/crop/xy/ai/w/224/h/144/t/0/retype/q/80/ext/auto?appid=200576&url=http%3A%2F%2Fimg04.sogoucdn.com%2Fapp%2Fa%2F200883%2F7e6debde61c37c1f26645ca73ac89a92","https://img01.sogoucdn.com/v2/thumb/crop/xy/ai/w/224/h/144/t/0/retype/q/80/ext/auto?appid=200576&url=http%3A%2F%2Fimg02.sogoucdn.com%2Fapp%2Fa%2F200883%2Fe4b77a45add075bad33656501a79141c","https://img01.sogoucdn.com/v2/thumb/crop/xy/ai/w/224/h/144/t/0/retype/q/80/ext/auto?appid=200576&url=http%3A%2F%2Fimg03.sogoucdn.com%2Fapp%2Fa%2F200883%2F071310de5b6b05d3f74db87cf2f9d2af"],"keyword_tag":{"appendix":"4|2","desc":"","h5_link":"http://sa.sogou.com/sgsfe/aw/sgs_subscribe/detail.html","id":"5779634cf25691719941e7c1ff836965","name":"女大学生","show_place":2,"source":4,"subscribe_num":19082,"tag":{"color":"5892f2","icon":"","tag_id":0},"type":1},"link":"https://sa.sogou.com/sgsearch/sgs_tc_news.php?req=mkGruuqlbuU8eDb64-xJ48wAesmy6vuO068lFAhg-Uk=&user_type=wappage","open_link":"https://sa.sogou.com/sgsearch/sgs_tc_news.php?req=mkGruuqlbuU8eDb64-xJ48wAesmy6vuO068lFAhg-Uk=&user_type=wappage","open_type":0,"pub_source":"北郭导演","pub_time":1570707402,"read_num":13604,"related_number":{"count":13604,"is_support":false,"meaning":"阅读","support_num":0,"type":0},"stream_id":-1,"subscribe_list":[{"appendix":"4|2","desc":"","h5_link":"http://sa.sogou.com/sgsfe/aw/sgs_subscribe/detail.html","id":"5779634cf25691719941e7c1ff836965","name":"女大学生","show_place":2,"source":4,"subscribe_num":19082,"tag":{"color":"5892f2","icon":"","tag_id":0},"type":1},{"appendix":"4|2","desc":"","h5_link":"http://sa.sogou.com/sgsfe/aw/sgs_subscribe/detail.html","id":"23e6e2848cc78be0a02f4ef7487b609f","name":"艾滋病","show_place":2,"source":4,"subscribe_num":6407,"tag":{"color":"5892f2","icon":"","tag_id":0},"type":1},{"appendix":"4|2","desc":"","h5_link":"http://sa.sogou.com/sgsfe/aw/sgs_subscribe/detail.html","id":"d24b52578a36649384ac5aa79e2f6049","name":"艾滋病患者","show_place":2,"source":4,"subscribe_num":6542,"tag":{"color":"5892f2","icon":"","tag_id":0},"type":1}],"tag":{},"title":"中国首位公开自己患有艾滋病的女大学生，被黑人男友传染!","tts":0,"type":2,"unlike_list":["不想看:女大学生","不想看:艾滋病","不想看:趣闻轶事","内容重复","内容质量差","拉黑作者:北郭导演"],"video_type":0},{"account_img":"http://img04.sogoucdn.com/app/a/100540019/185dd9980cad509e06e6d473fe9fe2cd","account_openid":"24330763582835956411","appendix":"情感|两性心理,KS_恋人,KS_前任,KS_亲密关系,KS_恋爱,KS_心理问题,TAG_恋爱,TXK_情感_恋人,TXK_情感_前任,TXK_情感_亲密关系,TXK_情感_恋爱,TXK_情感_心理问题,|0|杂事趣谈|推荐|0|tt_106583170535||19|5|2|-1|,,|1570673317|51|-1|-1|751932e619edbbf2715f797c88371829:两性心理,e159fff3f03ec7ef788740e81b1ea5ee:恋人,bc375f64fb9411e08d4e892a68a05499:前任,0ceb2c104359fd9369d1230e5cd6bb1b:情感,|80.113.225.15|feed guarantee|0|1|19a10b0l4rtp6y||||21|-1|3|-1|-1|-1|3;1703;;0.0341481|,","basic_type":2,"doc_id":"19a10b0l4rtp6y","gid":"19a10b0l4rtp6y","img_list":["https://img01.sogoucdn.com/v2/thumb/crop/xy/ai/w/224/h/144/t/0/retype/q/80/ext/auto?appid=200576&url=http%3A%2F%2Fimg01.sogoucdn.com%2Fapp%2Fa%2F200883%2F9258f17a01b9dbfbccd295d1172324a2","https://img01.sogoucdn.com/v2/thumb/crop/xy/ai/w/224/h/144/t/0/retype/q/80/ext/auto?appid=200576&url=http%3A%2F%2Fimg02.sogoucdn.com%2Fapp%2Fa%2F200883%2F00089060b3dd3c8b87af8fe87db9e31c","https://img01.sogoucdn.com/v2/thumb/crop/xy/ai/w/224/h/144/t/0/retype/q/80/ext/auto?appid=200576&url=http%3A%2F%2Fimg03.sogoucdn.com%2Fapp%2Fa%2F200883%2Fe2a6909caa8418735d022340cdb9b193"],"keyword_tag":{"appendix":"4|2","desc":"","h5_link":"http://sa.sogou.com/sgsfe/aw/sgs_subscribe/detail.html","id":"751932e619edbbf2715f797c88371829","name":"两性心理","show_place":2,"source":4,"subscribe_num":13885,"tag":{"color":"5892f2","icon":"","tag_id":0},"type":1},"link":"https://sa.sogou.com/sgsearch/sgs_tc_news.php?req=ASFuRXi72OjOzQm4EJeSt2CZkAB9lcfBwjFrP7nJHQA=&user_type=wappage","need_appinfo":1,"open_link":"https://sa.sogou.com/sgsearch/sgs_tc_news.php?req=ASFuRXi72OjOzQm4EJeSt2CZkAB9lcfBwjFrP7nJHQA=&user_type=wappage","open_type":0,"pub_source":"杂事趣谈","pub_time":1570707402,"read_num":29247,"related_number":{"count":29247,"is_support":false,"meaning":"阅读","support_num":0,"type":0},"stream_id":-1,"subscribe_list":[{"appendix":"4|2","desc":"","h5_link":"http://sa.sogou.com/sgsfe/aw/sgs_subscribe/detail.html","id":"751932e619edbbf2715f797c88371829","name":"两性心理","show_place":2,"source":4,"subscribe_num":13885,"tag":{"color":"5892f2","icon":"","tag_id":0},"type":1},{"appendix":"4|2","desc":"","h5_link":"http://sa.sogou.com/sgsfe/aw/sgs_subscribe/detail.html","id":"e159fff3f03ec7ef788740e81b1ea5ee","name":"恋人","show_place":2,"source":4,"subscribe_num":13935,"tag":{"color":"5892f2","icon":"","tag_id":0},"type":1},{"appendix":"4|2","desc":"","h5_link":"http://sa.sogou.com/sgsfe/aw/sgs_subscribe/detail.html","id":"bc375f64fb9411e08d4e892a68a05499","name":"前任","show_place":2,"source":4,"subscribe_num":19013,"tag":{"color":"5892f2","icon":"","tag_id":0},"type":1},{"appendix":"4|2","desc":"","h5_link":"http://sa.sogou.com/sgsfe/aw/sgs_subscribe/detail.html","id":"0ceb2c104359fd9369d1230e5cd6bb1b","name":"情感","show_place":2,"source":4,"subscribe_num":8212,"tag":{"color":"5892f2","icon":"","tag_id":0},"type":1}],"tag":{},"title":"两性心理：分手后立刻有了新欢，算不算出轨?","tts":0,"type":2,"unlike_list":["不想看:两性心理","不想看:恋爱","不想看:情感","内容重复","广告软文","拉黑作者:杂事趣谈"],"video_type":0},{"account_img":"http://img02.sogoucdn.com/app/a/200883/4c8661156828bd99b3bc65d8f7e86e7d","account_openid":"open_prod409577","appendix":"明星|公婆,孙俪,KS_孙俪邓超,KS_夫妻,KS_小两口,KS_邓超,KS_谢娜张杰,TAG_娱乐盘点,TXK_明星_公婆,TXK_明星_孙俪,TXK_明星_孙俪邓超,TXK_明星_夫妻,TXK_明星_小两口,TXK_明星_邓超,TXK_明星_谢娜张杰,|0|教你学点扎头发|推荐|0|open_prod409577||19|6|2|-1|,,|1570171844|51|-1|-1|e5ec898a2f7432329bba4f93a1c77798:公婆,98ab00c8e6ec443b4a9bba03b6e0d0b8:孙俪,47bdb75f17b5a485d32fd4f5a5b7cc00:孙俪邓超,34411427f187e961fb15208e1a1c3610:明星,|80.113.225.15|feed guarantee|0|1|open_doc_prod11311649||||17|-1|3|-1|-1|-1|3;576;;0.0260493|,","basic_type":2,"doc_id":"open_doc_prod11311649","gid":"19a04b0x055o45","img_list":["https://img01.sogoucdn.com/v2/thumb/crop/xy/ai/w/224/h/144/t/0/retype/q/80/ext/auto?appid=200576&url=http%3A%2F%2Fimg01.sogoucdn.com%2Fapp%2Fa%2F200863%2Fimage.png_409577_1570171797671","https://img01.sogoucdn.com/v2/thumb/crop/xy/ai/w/224/h/144/t/0/retype/q/80/ext/auto?appid=200576&url=http%3A%2F%2Fimg01.sogoucdn.com%2Fapp%2Fa%2F200863%2Fimage.png_409577_1570171811739","https://img01.sogoucdn.com/v2/thumb/crop/xy/ai/w/224/h/144/t/0/retype/q/80/ext/auto?appid=200576&url=http%3A%2F%2Fimg02.sogoucdn.com%2Fapp%2Fa%2F200863%2Fimage.png_409577_1570171826283"],"keyword_tag":{"appendix":"4|2","desc":"","h5_link":"http://sa.sogou.com/sgsfe/aw/sgs_subscribe/detail.html","id":"e5ec898a2f7432329bba4f93a1c77798","name":"公婆","show_place":2,"source":4,"subscribe_num":17323,"tag":{"color":"5892f2","icon":"","tag_id":0},"type":1},"link":"https://sa.sogou.com/sgsearch/sgs_tc_news.php?req=gNWjMh9kjpEtYgjReTdUXYV6LCf7kjnsyrCvsi9QX7ZWPn45GTGTvj36JQxIxeXV&user_type=wappage","need_appinfo":1,"open_link":"https://sa.sogou.com/sgsearch/sgs_tc_news.php?req=gNWjMh9kjpEtYgjReTdUXYV6LCf7kjnsyrCvsi9QX7ZWPn45GTGTvj36JQxIxeXV&user_type=wappage","open_type":0,"pub_source":"教你学点扎头发","pub_time":1570707402,"read_num":29395,"related_number":{"count":29395,"is_support":false,"meaning":"阅读","support_num":0,"type":0},"stream_id":-1,"subscribe_list":[{"appendix":"4|2","desc":"","h5_link":"http://sa.sogou.com/sgsfe/aw/sgs_subscribe/detail.html","id":"e5ec898a2f7432329bba4f93a1c77798","name":"公婆","show_place":2,"source":4,"subscribe_num":17323,"tag":{"color":"5892f2","icon":"","tag_id":0},"type":1},{"appendix":"4|2","desc":"","h5_link":"http://sa.sogou.com/sgsfe/aw/sgs_subscribe/detail.html","id":"98ab00c8e6ec443b4a9bba03b6e0d0b8","name":"孙俪","show_place":2,"source":4,"subscribe_num":15170,"tag":{"color":"5892f2","icon":"","tag_id":0},"type":1},{"appendix":"4|2","desc":"","h5_link":"http://sa.sogou.com/sgsfe/aw/sgs_subscribe/detail.html","id":"47bdb75f17b5a485d32fd4f5a5b7cc00","name":"孙俪邓超","show_place":2,"source":4,"subscribe_num":8597,"tag":{"color":"5892f2","icon":"","tag_id":0},"type":1},{"appendix":"4|2","desc":"","h5_link":"http://sa.sogou.com/sgsfe/aw/sgs_subscribe/detail.html","id":"34411427f187e961fb15208e1a1c3610","name":"明星","show_place":2,"source":4,"subscribe_num":19214,"tag":{"color":"5892f2","icon":"","tag_id":0},"type":1}],"tag":{},"title":"为什么孙俪从不晒公婆照片?但看到照片后，网友：这谁敢晒啊","tts":0,"type":2,"unlike_list":["不想看:公婆","不想看:孙俪","不想看:娱乐盘点","内容重复","广告软文","拉黑作者:教你学点扎头发"],"video_type":0},{"account_img":"","account_openid":"985d32a72be4f84f","appendix":"美食|大龙虾,炫富,美女,KS_吃龙虾,KS_海鲜,KS_鳌虾,KS_非洲人,KS_吃货,TAG_趣闻轶事,TXK_美食_大龙虾,TXK_美食_美女,TXK_美食_吃龙虾,TXK_美食_海鲜,TXK_美食_非洲人,TXK_美食_吃货,|0|田深涞说美食|推荐|0|985d32a72be4f84f||19|7|2|-1|,,|1569380494|51|-1|-1|2e924acbc1c2a112bd19dd6309c49ba7:大龙虾,c17f5fe62eec2091c2324ea6026aa1cb:炫富,1748c17acccf0f64cac2f1ecad1ba6e2:美女,8f688f563da65ac9858e854701effff8:美食,|80.113.225.15|feed guarantee|0|1|19a10b0x3EXVHV||||33|3|lda_190_0.389821,lda_367_0.071006,lda_271_0.062348,lda_163_0.059528,lda_142_0.057679|-1|-1|3;718;;0.0111988|19a10b0x3EXVHV|,","basic_type":2,"doc_id":"19a10b0x3EXVHV","gid":"19a10b0x3EXVHV","img_list":["https://img01.sogoucdn.com/v2/thumb/crop/xy/ai/w/224/h/144/t/0/retype/q/80/ext/auto?appid=200576&url=http%3A%2F%2Fimg04.sogoucdn.com%2Fapp%2Fa%2F200883%2F0b56055896fb17837c0724f13e05f245","https://img01.sogoucdn.com/v2/thumb/crop/xy/ai/w/224/h/144/t/0/retype/q/80/ext/auto?appid=200576&url=http%3A%2F%2Fimg04.sogoucdn.com%2Fapp%2Fa%2F200883%2Fd4c690f33fe20ed756a31b2a5d572ef9","https://img01.sogoucdn.com/v2/thumb/crop/xy/ai/w/224/h/144/t/0/retype/q/80/ext/auto?appid=200576&url=http%3A%2F%2Fimg02.sogoucdn.com%2Fapp%2Fa%2F200883%2F8625bf2512c4cdd02ce9fbe598c6e937"],"keyword_tag":{"appendix":"4|2","desc":"","h5_link":"http://sa.sogou.com/sgsfe/aw/sgs_subscribe/detail.html","id":"2e924acbc1c2a112bd19dd6309c49ba7","name":"大龙虾","show_place":2,"source":4,"subscribe_num":15419,"tag":{"color":"5892f2","icon":"","tag_id":0},"type":1},"link":"https://sa.sogou.com/sgsearch/sgs_tc_news.php?req=ASFuRXi72OjOzQm4EJeSt9fq9Iz38nBBm8S0ZbyMK2s=&user_type=wappage","open_link":"https://sa.sogou.com/sgsearch/sgs_tc_news.php?req=ASFuRXi72OjOzQm4EJeSt9fq9Iz38nBBm8S0ZbyMK2s=&user_type=wappage","open_type":0,"pub_source":"田深涞说美食","pub_time":1570707402,"read_num":26646,"related_number":{"count":26646,"is_support":false,"meaning":"阅读","support_num":0,"type":0},"stream_id":-1,"subscribe_list":[{"appendix":"4|2","desc":"","h5_link":"http://sa.sogou.com/sgsfe/aw/sgs_subscribe/detail.html","id":"2e924acbc1c2a112bd19dd6309c49ba7","name":"大龙虾","show_place":2,"source":4,"subscribe_num":15419,"tag":{"color":"5892f2","icon":"","tag_id":0},"type":1},{"appendix":"4|2","desc":"","h5_link":"http://sa.sogou.com/sgsfe/aw/sgs_subscribe/detail.html","id":"c17f5fe62eec2091c2324ea6026aa1cb","name":"炫富","show_place":2,"source":4,"subscribe_num":15663,"tag":{"color":"5892f2","icon":"","tag_id":0},"type":1},{"appendix":"4|2","desc":"","h5_link":"http://sa.sogou.com/sgsfe/aw/sgs_subscribe/detail.html","id":"1748c17acccf0f64cac2f1ecad1ba6e2","name":"美女","show_place":2,"source":4,"subscribe_num":6157,"tag":{"color":"5892f2","icon":"","tag_id":0},"type":1},{"appendix":"4|2","desc":"","h5_link":"http://sa.sogou.com/sgsfe/aw/sgs_subscribe/detail.html","id":"8f688f563da65ac9858e854701effff8","name":"美食","show_place":2,"source":4,"subscribe_num":5669,"tag":{"color":"5892f2","icon":"","tag_id":0},"type":1}],"tag":{},"title":"美女花样炫富，一次吃7只大龙虾，看到地点后，网友：我也敢吃!","tts":0,"type":2,"unlike_list":["不想看:大龙虾","不想看:炫富","不想看:美食","内容重复","内容质量差","拉黑作者:田深涞说美食"],"video_type":0},{"account_img":"http://img04.sogoucdn.com/app/a/200883/9dade37ff4821b117f53afd064e60dfb","account_openid":"qie_eb0bef6156f4b24ff55dbf1cae407274","appendix":"职场|食堂,老干妈,员工,KS_食品公司,KS_辣酱,KS_国民,TAG_人力资源,TXK_职场_食堂,TXK_职场_老干妈,TXK_职场_员工,|0|李师傅厨房|推荐|0|qie_eb0bef6156f4b24ff55dbf1cae407274||19|8|2|-1|,,|1570440900|51|-1|-1|6c0458feac935611426e24adc42ca633:食堂,c6d83d7621615fd3576c92d9b1db654f:老干妈,7de4c0e588a9b8f05575d5ae9761eca4:员工,0a8d1f697f211346c4d4556ebbcc62df:职场,|80.113.225.15|feed guarantee|0|1|20191007A08OO600||||16|5|lda_86_0.364282,lda_312_0.173927,lda_102_0.085124,lda_142_0.077751,lda_125_0.065611|-1|-1|3;516;;0.018364|20191007A08OO600|,","basic_type":2,"doc_id":"20191007A08OO600","gid":"20191007A08OO600","img_list":["https://img01.sogoucdn.com/v2/thumb/crop/xy/ai/w/224/h/144/t/0/retype/q/80/ext/auto?appid=200576&url=http%3A%2F%2Fimg03.sogoucdn.com%2Fapp%2Fa%2F200883%2F081e20fd1c1c1a5fe81091062339dac1","https://img01.sogoucdn.com/v2/thumb/crop/xy/ai/w/224/h/144/t/0/retype/q/80/ext/auto?appid=200576&url=http%3A%2F%2Fimg03.sogoucdn.com%2Fapp%2Fa%2F200883%2F2fa831051c0a4e9e99cb5ee3e65c7da0","https://img01.sogoucdn.com/v2/thumb/crop/xy/ai/w/224/h/144/t/0/retype/q/80/ext/auto?appid=200576&url=http%3A%2F%2Fimg02.sogoucdn.com%2Fapp%2Fa%2F200883%2F0182dca25dd0d25fb68a80a676fd6729"],"keyword_tag":{"appendix":"4|2","desc":"","h5_link":"http://sa.sogou.com/sgsfe/aw/sgs_subscribe/detail.html","id":"6c0458feac935611426e24adc42ca633","name":"食堂","show_place":2,"source":4,"subscribe_num":13299,"tag":{"color":"5892f2","icon":"","tag_id":0},"type":1},"link":"https://sa.sogou.com/sgsearch/sgs_tc_news.php?req=dnUjlawflKwFLecOum1U0Nu5kKKospmBnAn28BlIBh0=&tencentdocid=20191007A08OO600&docid=20191007A08OO600&user_type=wappage","need_appinfo":1,"open_link":"https://sa.sogou.com/sgsearch/sgs_tc_news.php?req=dnUjlawflKwFLecOum1U0Nu5kKKospmBnAn28BlIBh0=&tencentdocid=20191007A08OO600&docid=20191007A08OO600&user_type=wappage","open_type":0,"pub_source":"李师傅厨房","pub_time":1570707402,"read_num":20272,"related_number":{"count":20272,"is_support":false,"meaning":"阅读","support_num":0,"type":0},"stream_id":-1,"subscribe_list":[{"appendix":"4|2","desc":"","h5_link":"http://sa.sogou.com/sgsfe/aw/sgs_subscribe/detail.html","id":"6c0458feac935611426e24adc42ca633","name":"食堂","show_place":2,"source":4,"subscribe_num":13299,"tag":{"color":"5892f2","icon":"","tag_id":0},"type":1},{"appendix":"4|2","desc":"","h5_link":"http://sa.sogou.com/sgsfe/aw/sgs_subscribe/detail.html","id":"c6d83d7621615fd3576c92d9b1db654f","name":"老干妈","show_place":2,"source":4,"subscribe_num":6390,"tag":{"color":"5892f2","icon":"","tag_id":0},"type":1},{"appendix":"4|2","desc":"","h5_link":"http://sa.sogou.com/sgsfe/aw/sgs_subscribe/detail.html","id":"7de4c0e588a9b8f05575d5ae9761eca4","name":"员工","show_place":2,"source":4,"subscribe_num":17899,"tag":{"color":"5892f2","icon":"","tag_id":0},"type":1},{"appendix":"4|2","desc":"","h5_link":"http://sa.sogou.com/sgsfe/aw/sgs_subscribe/detail.html","id":"0a8d1f697f211346c4d4556ebbcc62df","name":"职场","show_place":2,"source":4,"subscribe_num":11114,"tag":{"color":"5892f2","icon":"","tag_id":0},"type":1}],"tag":{},"title":"继华为食堂爆火后，老干妈员工也晒出伙食，网友直呼：没法比!","tts":0,"type":2,"unlike_list":["不想看:食堂","不想看:老干妈","不想看:职场","内容重复","内容质量差","拉黑作者:李师傅厨房"],"video_type":0},{"account_img":"http://img03.sogoucdn.com/app/a/200883/9ecd6c2cd2b705ba5555658c5f501a87","account_openid":"v.qq.com_9852e565f982036c31f2b0ae81a4a66a","appendix":"汽车|车门,五菱宏光,KS_汽车资讯,KS_新车展示,|0|车界天下|推荐|42|v.qq.com_9852e565f982036c31f2b0ae81a4a66a||19|9|9|-1|,,|1570172822|51|-1|-1|06d77619f95daabb41b2a6ca448d2205:车门,d39b037c6e8dc3f84f3b4c8efb123767:五菱宏光,aadd2cc7963ff638762535ec27a1fc0c:汽车,|80.113.225.15|feed guarantee|1|1|19a04k041HVLfy||||4|2||-1|-1|0;35;06:44;0.545354|19a04k041HVLfy|,","basic_type":9,"doc_id":"19a04k041HVLfy","gid":"19a04k041HVLfy","img_list":["https://img01.sogoucdn.com/v2/thumb/crop/xy/ai/w/750/h/422/t/0/retype/q/80/ext/auto?appid=200576&url=http%3A%2F%2Fimg04.sogoucdn.com%2Fapp%2Fa%2F200883%2Fb4ad443953b5765801cb44994511aa10"],"keyword_tag":{"appendix":"4|2","desc":"","h5_link":"http://sa.sogou.com/sgsfe/aw/sgs_subscribe/detail.html","id":"06d77619f95daabb41b2a6ca448d2205","name":"车门","show_place":2,"source":4,"subscribe_num":16854,"tag":{"color":"5892f2","icon":"","tag_id":0},"type":1},"landing_link":"","link":"http://resource.yaokan.sogoucdn.com/videodown/4506/426/4261dd103aff633c0afc41ecf774713a.mp4","open_link":"http://resource.yaokan.sogoucdn.com/videodown/4506/426/4261dd103aff633c0afc41ecf774713a.mp4","open_type":2,"pub_source":"车界天下","pub_time":1570707402,"read_num":24242,"related_number":{"count":24242,"is_support":false,"meaning":"播放","support_num":0,"type":2},"stream_id":-1,"subscribe_list":[{"appendix":"4|2","desc":"","h5_link":"http://sa.sogou.com/sgsfe/aw/sgs_subscribe/detail.html","id":"06d77619f95daabb41b2a6ca448d2205","name":"车门","show_place":2,"source":4,"subscribe_num":16854,"tag":{"color":"5892f2","icon":"","tag_id":0},"type":1},{"appendix":"4|2","desc":"","h5_link":"http://sa.sogou.com/sgsfe/aw/sgs_subscribe/detail.html","id":"d39b037c6e8dc3f84f3b4c8efb123767","name":"五菱宏光","show_place":2,"source":4,"subscribe_num":11782,"tag":{"color":"5892f2","icon":"","tag_id":0},"type":1},{"appendix":"4|2","desc":"","h5_link":"http://sa.sogou.com/sgsfe/aw/sgs_subscribe/detail.html","id":"aadd2cc7963ff638762535ec27a1fc0c","name":"汽车","show_place":2,"source":4,"subscribe_num":12190,"tag":{"color":"5892f2","icon":"","tag_id":0},"type":1}],"tag":{},"title":"2020款五菱宏光Almaz按下钥匙，打开车门那刻，我心动了","tts":0,"type":11,"unlike_list":["不想看:车门","不想看:五菱宏光","不想看:汽车","内容重复","内容质量差","拉黑作者:车界天下"],"video_height":486,"video_size":43576623,"video_time":"06:44","video_type":1,"video_width":864,"watermark_img":"https://img04.sogoucdn.com/v2/thumb/resize/w/140/h/140/t/0/img_watermark/p/center?url=http%3A%2F%2Fimg04.sogoucdn.com%2Fapp%2Fa%2F200883%2Fb4ad443953b5765801cb44994511aa10&appid=200576&comp_img=http%3A%2F%2Fimg03.sogoucdn.com%2Fapp%2Fa%2F200841%2Fplay_video1"},{"account_img":"http://img03.sogoucdn.com/app/a/200883/0776f76e58104b74bf47be4895612fbc","account_openid":"sf_68473","appendix":"军事|日本,俄国,TAG_科普其它,|0|送历史个救生圈|推荐|42|sf_68473||19|10|9|-1|,,|1569406795|51|-1|-1|5ec33017ca248596b7c5d5b9251e9ebe:日本,d764b517c60790d07e0aee465c722ebf:俄国,f2326b1a89d5ebbe97dc2ad44c270bf0:军事,|80.113.225.15|feed guarantee|1|1|sf_361569793284956160||||22|-1|-1|-1|0|-1|-1|,","basic_type":9,"doc_id":"sf_361569793284956160","gid":"sf_361569793284956160","img_list":["https://img01.sogoucdn.com/v2/thumb/crop/xy/ai/w/750/h/422/t/0/retype/q/80/ext/auto?appid=200576&url=http%3A%2F%2Fimg03.sogoucdn.com%2Fapp%2Fa%2F200883%2Fd7c3d9403dbf41ffa27ada538e5f088b"],"keyword_tag":{"appendix":"4|2","desc":"","h5_link":"http://sa.sogou.com/sgsfe/aw/sgs_subscribe/detail.html","id":"5ec33017ca248596b7c5d5b9251e9ebe","name":"日本","show_place":2,"source":4,"subscribe_num":15898,"tag":{"color":"5892f2","icon":"","tag_id":0},"type":1},"landing_link":"","link":"http://sofa.resource.shida.sogoucdn.com/d3e6ff16-840a-4c45-a94a-f601cbddfd0d3_0_0.mp4","open_link":"http://sofa.resource.shida.sogoucdn.com/d3e6ff16-840a-4c45-a94a-f601cbddfd0d3_0_0.mp4","open_type":2,"pub_source":"送历史个救生圈","pub_time":1570707402,"read_num":11439,"related_number":{"count":11439,"is_support":false,"meaning":"播放","support_num":0,"type":2},"stream_id":-1,"subscribe_list":[{"appendix":"4|2","desc":"","h5_link":"http://sa.sogou.com/sgsfe/aw/sgs_subscribe/detail.html","id":"5ec33017ca248596b7c5d5b9251e9ebe","name":"日本","show_place":2,"source":4,"subscribe_num":15898,"tag":{"color":"5892f2","icon":"","tag_id":0},"type":1},{"appendix":"4|2","desc":"","h5_link":"http://sa.sogou.com/sgsfe/aw/sgs_subscribe/detail.html","id":"d764b517c60790d07e0aee465c722ebf","name":"俄国","show_place":2,"source":4,"subscribe_num":13861,"tag":{"color":"5892f2","icon":"","tag_id":0},"type":1},{"appendix":"4|2","desc":"","h5_link":"http://sa.sogou.com/sgsfe/aw/sgs_subscribe/detail.html","id":"f2326b1a89d5ebbe97dc2ad44c270bf0","name":"军事","show_place":2,"source":4,"subscribe_num":16395,"tag":{"color":"5892f2","icon":"","tag_id":0},"type":1}],"tag":{},"title":"中国有座塔，俄国想拆了它日本想拆了它，但中国坚决不同意","tts":0,"type":11,"unlike_list":["不想看:日本","不想看:俄国","不想看:军事","内容重复","广告软文","拉黑作者:送历史个救生圈"],"video_height":720,"video_size":27694557,"video_time":"02:59","video_type":1,"video_width":1280,"watermark_img":"https://img04.sogoucdn.com/v2/thumb/resize/w/140/h/140/t/0/img_watermark/p/center?url=http%3A%2F%2Fimg04.sogoucdn.com%2Fapp%2Fa%2F200883%2Fd7c3d9403dbf41ffa27ada538e5f088b&appid=200576&comp_img=http%3A%2F%2Fimg03.sogoucdn.com%2Fapp%2Fa%2F200841%2Fplay_video1"},{"account_img":"http://img02.sogoucdn.com/app/a/100540019/e4b0825bec34e25c8ee5b48963ec5288","account_openid":"18965822971486415666","appendix":"|官场,小小说,KS_电视,KS_职场,KS_体制内,KS_工人,KS_老鼠,|0|世界源头的风景|推荐|0|tt_101594642378||19|11|1|-1|,,|1570671265|51|-1|-1|e98ce380419f3a9dc36a9fa68e3c21bd:官场,ac6b025026d2e31919044380afa655ca:小小说,77e10a916ebb19f025a6169223ed3917:电视,|80.113.225.15|feed guarantee|0|1|19a10a0l26Zmyl||||21|-1|3|-1|-1|-1|0;815;;0.0370685|,","basic_type":1,"doc_id":"19a10a0l26Zmyl","gid":"20191005A0JB9U00","img_list":["https://img01.sogoucdn.com/v2/thumb/crop/xy/ai/w/224/h/144/t/0/retype/q/80/ext/auto?appid=200576&url=http%3A%2F%2Fimg04.sogoucdn.com%2Fapp%2Fa%2F200883%2F75db0eb18867431771763f9fe1f2db26"],"keyword_tag":{"appendix":"4|2","desc":"","h5_link":"http://sa.sogou.com/sgsfe/aw/sgs_subscribe/detail.html","id":"e98ce380419f3a9dc36a9fa68e3c21bd","name":"官场","show_place":2,"source":4,"subscribe_num":6621,"tag":{"color":"5892f2","icon":"","tag_id":0},"type":1},"link":"https://sa.sogou.com/sgsearch/sgs_tc_news.php?req=vF5cSwZH7MKhf8nA0zUd1AtewOEOMvnyV5PZLmNe1R0=&user_type=wappage","need_appinfo":1,"open_link":"https://sa.sogou.com/sgsearch/sgs_tc_news.php?req=vF5cSwZH7MKhf8nA0zUd1AtewOEOMvnyV5PZLmNe1R0=&user_type=wappage","open_type":0,"pub_source":"世界源头的风景","pub_time":1570707402,"read_num":24980,"related_number":{"count":24980,"is_support":false,"meaning":"阅读","support_num":0,"type":0},"stream_id":-1,"subscribe_list":[{"appendix":"4|2","desc":"","h5_link":"http://sa.sogou.com/sgsfe/aw/sgs_subscribe/detail.html","id":"e98ce380419f3a9dc36a9fa68e3c21bd","name":"官场","show_place":2,"source":4,"subscribe_num":6621,"tag":{"color":"5892f2","icon":"","tag_id":0},"type":1},{"appendix":"4|2","desc":"","h5_link":"http://sa.sogou.com/sgsfe/aw/sgs_subscribe/detail.html","id":"ac6b025026d2e31919044380afa655ca","name":"小小说","show_place":2,"source":4,"subscribe_num":9290,"tag":{"color":"5892f2","icon":"","tag_id":0},"type":1},{"appendix":"4|2","desc":"","h5_link":"http://sa.sogou.com/sgsfe/aw/sgs_subscribe/detail.html","id":"77e10a916ebb19f025a6169223ed3917","name":"电视","show_place":2,"source":4,"subscribe_num":5579,"tag":{"color":"5892f2","icon":"","tag_id":0},"type":1}],"tag":{},"title":"官场小小说：报恩","tts":0,"type":1,"unlike_list":["不想看:官场","不想看:小小说","内容重复","广告软文","拉黑作者:世界源头的风景"],"video_type":0},{"account_img":"http://img02.sogoucdn.com/app/a/100540019/59a209f786cf6a215e0d3a636718206c","account_openid":"935585329544239438","appendix":"|寿命,KS_活着,KS_茶水,KS_养生,KS_健康,KS_问道,|0|资讯练习生|推荐|0|tt_1534540155469373||19|12|2|-1|,,|1570670768|51|-1|-1|6f7e2ea0b9f7fd6bf5df8e1ca0f233fe:寿命,5a665ff21ad72af18079c2b1cdecc04c:活着,47b395afff67f4bfdbdef57aa8b01dec:茶水,|80.113.225.15|feed guarantee|0|1|19a10b0l3ybfd7||||21|3|lda_373_0.286523,lda_165_0.222688,lda_490_0.212103,lda_61_0.040931,lda_74_0.037377|-1|-1|3;1266;;0.0649283|tt_6686756463173435917|,","basic_type":2,"doc_id":"19a10b0l3ybfd7","gid":"tt_6686756463173435917","img_list":["https://img01.sogoucdn.com/v2/thumb/crop/xy/ai/w/224/h/144/t/0/retype/q/80/ext/auto?appid=200576&url=http%3A%2F%2Fimg02.sogoucdn.com%2Fapp%2Fa%2F200883%2Fd85066f4fcf61d491b66f4aeb0a5ca90","https://img01.sogoucdn.com/v2/thumb/crop/xy/ai/w/224/h/144/t/0/retype/q/80/ext/auto?appid=200576&url=http%3A%2F%2Fimg04.sogoucdn.com%2Fapp%2Fa%2F200883%2F6df5fbfad088a7f5452c2ccf24b359b8","https://img01.sogoucdn.com/v2/thumb/crop/xy/ai/w/224/h/144/t/0/retype/q/80/ext/auto?appid=200576&url=http%3A%2F%2Fimg01.sogoucdn.com%2Fapp%2Fa%2F200883%2Fc66e06f56573ec05f6e3722f50adc3ea"],"keyword_tag":{"appendix":"4|2","desc":"","h5_link":"http://sa.sogou.com/sgsfe/aw/sgs_subscribe/detail.html","id":"6f7e2ea0b9f7fd6bf5df8e1ca0f233fe","name":"寿命","show_place":2,"source":4,"subscribe_num":18225,"tag":{"color":"5892f2","icon":"","tag_id":0},"type":1},"link":"https://sa.sogou.com/sgsearch/sgs_tc_news.php?req=ASFuRXi72OjOzQm4EJeSt0J1EcD2U9-jt7Z3axyThXE=&user_type=wappage","need_appinfo":1,"open_link":"https://sa.sogou.com/sgsearch/sgs_tc_news.php?req=ASFuRXi72OjOzQm4EJeSt0J1EcD2U9-jt7Z3axyThXE=&user_type=wappage","open_type":0,"pub_source":"资讯练习生","pub_time":1570707402,"read_num":15506,"related_number":{"count":15506,"is_support":false,"meaning":"阅读","support_num":0,"type":0},"stream_id":-1,"subscribe_list":[{"appendix":"4|2","desc":"","h5_link":"http://sa.sogou.com/sgsfe/aw/sgs_subscribe/detail.html","id":"6f7e2ea0b9f7fd6bf5df8e1ca0f233fe","name":"寿命","show_place":2,"source":4,"subscribe_num":18225,"tag":{"color":"5892f2","icon":"","tag_id":0},"type":1},{"appendix":"4|2","desc":"","h5_link":"http://sa.sogou.com/sgsfe/aw/sgs_subscribe/detail.html","id":"5a665ff21ad72af18079c2b1cdecc04c","name":"活着","show_place":2,"source":4,"subscribe_num":19592,"tag":{"color":"5892f2","icon":"","tag_id":0},"type":1},{"appendix":"4|2","desc":"","h5_link":"http://sa.sogou.com/sgsfe/aw/sgs_subscribe/detail.html","id":"47b395afff67f4bfdbdef57aa8b01dec","name":"茶水","show_place":2,"source":4,"subscribe_num":10070,"tag":{"color":"5892f2","icon":"","tag_id":0},"type":1}],"tag":{},"title":"“气”决定您的寿命，我觉得你需要知道","tts":0,"type":2,"unlike_list":["不想看:寿命","内容重复","内容质量差","拉黑作者:资讯练习生"],"video_type":0},{"account_img":"http://img03.sogoucdn.com/app/a/100540019/c00b3b831af7defba0a0ce217ea8e7fc","account_openid":"9395603462547217219","appendix":"历史|国家,KS_珠峰,KS_登山,KS_珠穆朗玛峰,KS_尼泊尔,KS_中国,TXK_历史_国家,TXK_历史_尼泊尔,TXK_历史_中国,|0|娱乐鼓点|推荐|0|tt_85776115364||19|13|2|-1|,,|1570636982|51|-1|-1|939d4214929dfb23360b21b35c172394:国家,a73def065d3f51c8ab8401768edfdd45:珠峰,dd9b4ad1cef9a8e4ba15b887e241739a:登山,76be5b9c09b52b20d2d5db266d760086:历史,|80.113.225.15|feed guarantee|0|1|19a1010l37Dfdp||||21|3|lda_268_0.164755,lda_498_0.118444,lda_391_0.081451,lda_109_0.051390,lda_375_0.048407|-1|-1|3;2414;;0.0291933|19a1010l37Dfdp|,","basic_type":2,"doc_id":"19a1010l37Dfdp","gid":"19a1010l37Dfdp","img_list":["https://img01.sogoucdn.com/v2/thumb/crop/xy/ai/w/224/h/144/t/0/retype/q/80/ext/auto?appid=200576&url=http%3A%2F%2Fimg02.sogoucdn.com%2Fapp%2Fa%2F200883%2F3d31467e0c5b5b95cf416e5dd60b3c27","https://img01.sogoucdn.com/v2/thumb/crop/xy/ai/w/224/h/144/t/0/retype/q/80/ext/auto?appid=200576&url=http%3A%2F%2Fimg01.sogoucdn.com%2Fapp%2Fa%2F200883%2F4f887e0ced92b7702990afb7020f3cf3","https://img01.sogoucdn.com/v2/thumb/crop/xy/ai/w/224/h/144/t/0/retype/q/80/ext/auto?appid=200576&url=http%3A%2F%2Fimg01.sogoucdn.com%2Fapp%2Fa%2F200883%2Ff480e82837a92042cd98ee935079c585"],"keyword_tag":{"appendix":"4|2","desc":"","h5_link":"http://sa.sogou.com/sgsfe/aw/sgs_subscribe/detail.html","id":"939d4214929dfb23360b21b35c172394","name":"国家","show_place":2,"source":4,"subscribe_num":8267,"tag":{"color":"5892f2","icon":"","tag_id":0},"type":1},"link":"https://sa.sogou.com/sgsearch/sgs_tc_news.php?req=MVFygrynMsZxw4TASNhGIWkZxOsRHqZsSbkatuxuoK0=&user_type=wappage","need_appinfo":1,"open_link":"https://sa.sogou.com/sgsearch/sgs_tc_news.php?req=MVFygrynMsZxw4TASNhGIWkZxOsRHqZsSbkatuxuoK0=&user_type=wappage","open_type":0,"pub_source":"娱乐鼓点","pub_time":1570707402,"read_num":28972,"related_number":{"count":28972,"is_support":false,"meaning":"阅读","support_num":0,"type":0},"stream_id":-1,"subscribe_list":[{"appendix":"4|2","desc":"","h5_link":"http://sa.sogou.com/sgsfe/aw/sgs_subscribe/detail.html","id":"939d4214929dfb23360b21b35c172394","name":"国家","show_place":2,"source":4,"subscribe_num":8267,"tag":{"color":"5892f2","icon":"","tag_id":0},"type":1},{"appendix":"4|2","desc":"","h5_link":"http://sa.sogou.com/sgsfe/aw/sgs_subscribe/detail.html","id":"a73def065d3f51c8ab8401768edfdd45","name":"珠峰","show_place":2,"source":4,"subscribe_num":5240,"tag":{"color":"5892f2","icon":"","tag_id":0},"type":1},{"appendix":"4|2","desc":"","h5_link":"http://sa.sogou.com/sgsfe/aw/sgs_subscribe/detail.html","id":"dd9b4ad1cef9a8e4ba15b887e241739a","name":"登山","show_place":2,"source":4,"subscribe_num":13922,"tag":{"color":"5892f2","icon":"","tag_id":0},"type":1},{"appendix":"4|2","desc":"","h5_link":"http://sa.sogou.com/sgsfe/aw/sgs_subscribe/detail.html","id":"76be5b9c09b52b20d2d5db266d760086","name":"历史","show_place":2,"source":4,"subscribe_num":7481,"tag":{"color":"5892f2","icon":"","tag_id":0},"type":1}],"tag":{},"title":"从《攀登者》里我看到了这个国家向上的力量","tts":0,"type":2,"unlike_list":["不想看:国家","内容重复","内容质量差","拉黑作者:娱乐鼓点"],"video_type":0},{"account_img":"http://img02.sogoucdn.com/app/a/200883/3fedf6ed4e8afb63ccbb6aec9427a0b3","account_openid":"open_prod405023","appendix":"搞笑|KS_老婆,KS_自画像,KS_父亲,KS_唱歌,KS_画家,TAG_搞笑,TXK_搞笑_老婆,TXK_搞笑_父亲,TXK_搞笑_唱歌,TXK_搞笑_画家,|0|笑点食堂|推荐|0|open_prod405023||19|14|2|-1|,,|1570584270|51|-1|-1|abb0c43da218b71bdf52bc6ceed15bfd:老婆,6da52d0d783cdb98b485625bb1f2371e:自画像,fb738978025ec4cb00947881c52b0808:父亲,e6d60bd8672951a96e5a811023144e14:搞笑,|80.113.225.15|feed guarantee|0|1|open_doc_prod11497549||||17|-1|-1|-1|0|-1|-1|,","basic_type":2,"doc_id":"open_doc_prod11497549","gid":"open_doc_prod11497549","img_list":["https://img01.sogoucdn.com/v2/thumb/crop/xy/ai/w/224/h/144/t/0/retype/q/80/ext/auto?appid=200576&url=http%3A%2F%2Fimg03.sogoucdn.com%2Fapp%2Fa%2F200883%2Fe804edb004e8133a168624d2c6c8a8c6","https://img01.sogoucdn.com/v2/thumb/crop/xy/ai/w/224/h/144/t/0/retype/q/80/ext/auto?appid=200576&url=http%3A%2F%2Fimg03.sogoucdn.com%2Fapp%2Fa%2F200883%2Fb6c5c0a250253b8bd53fad520133c27b","https://img01.sogoucdn.com/v2/thumb/crop/xy/ai/w/224/h/144/t/0/retype/q/80/ext/auto?appid=200576&url=http%3A%2F%2Fimg03.sogoucdn.com%2Fapp%2Fa%2F200883%2F4ffe84eda298ea0b5dd86f94856bbf32"],"keyword_tag":{"appendix":"4|2","desc":"","h5_link":"http://sa.sogou.com/sgsfe/aw/sgs_subscribe/detail.html","id":"abb0c43da218b71bdf52bc6ceed15bfd","name":"老婆","show_place":2,"source":4,"subscribe_num":15693,"tag":{"color":"5892f2","icon":"","tag_id":0},"type":1},"link":"https://sa.sogou.com/sgsearch/sgs_tc_news.php?req=gNWjMh9kjpEtYgjReTdUXRsY-PIK-FqZMCTLlXbBPNYXZm2qa4w3DDDO_Erf0jc-&user_type=wappage","need_appinfo":1,"open_link":"https://sa.sogou.com/sgsearch/sgs_tc_news.php?req=gNWjMh9kjpEtYgjReTdUXRsY-PIK-FqZMCTLlXbBPNYXZm2qa4w3DDDO_Erf0jc-&user_type=wappage","open_type":0,"pub_source":"笑点食堂","pub_time":1570707402,"read_num":23238,"related_number":{"count":23238,"is_support":false,"meaning":"阅读","support_num":0,"type":0},"stream_id":-1,"subscribe_list":[{"appendix":"4|2","desc":"","h5_link":"http://sa.sogou.com/sgsfe/aw/sgs_subscribe/detail.html","id":"abb0c43da218b71bdf52bc6ceed15bfd","name":"老婆","show_place":2,"source":4,"subscribe_num":15693,"tag":{"color":"5892f2","icon":"","tag_id":0},"type":1},{"appendix":"4|2","desc":"","h5_link":"http://sa.sogou.com/sgsfe/aw/sgs_subscribe/detail.html","id":"6da52d0d783cdb98b485625bb1f2371e","name":"自画像","show_place":2,"source":4,"subscribe_num":9496,"tag":{"color":"5892f2","icon":"","tag_id":0},"type":1},{"appendix":"4|2","desc":"","h5_link":"http://sa.sogou.com/sgsfe/aw/sgs_subscribe/detail.html","id":"fb738978025ec4cb00947881c52b0808","name":"父亲","show_place":2,"source":4,"subscribe_num":14396,"tag":{"color":"5892f2","icon":"","tag_id":0},"type":1},{"appendix":"4|2","desc":"","h5_link":"http://sa.sogou.com/sgsfe/aw/sgs_subscribe/detail.html","id":"e6d60bd8672951a96e5a811023144e14","name":"搞笑","show_place":2,"source":4,"subscribe_num":16362,"tag":{"color":"5892f2","icon":"","tag_id":0},"type":1}],"tag":{},"title":"开心一刻：女上司通常都喊我老弟，有次出差前台登记，她却直接喊我…","tts":0,"type":2,"unlike_list":["不想看:搞笑","内容重复","广告软文","拉黑作者:笑点食堂"],"video_type":0},{"account_img":"","account_openid":"3599036718cacf6e","appendix":"育儿|自卑,妈妈,KS_育儿,KS_产后护理,KS_孕期,KS_备孕,TAG_早教,TXK_育儿_自卑,TXK_育儿_妈妈,TXK_育儿_育儿,TXK_育儿_产后护理,TXK_育儿_孕期,TXK_育儿_备孕,|0|好孕|推荐|0|3599036718cacf6e||19|15|2|-1|,,|1569975600|51|-1|-1|3c500b0e87b34651d4a237dfd372053a:自卑,a92aebe9e6f2abfc623937aa56c93ca6:妈妈,cd36f658f60ebd8934b21032aae84604:育儿,|80.113.225.15|feed guarantee|0|1|19a0280x1bbcvp||||33|4|lda_482_0.504580,lda_64_0.233515,lda_442_0.063087,lda_61_0.051467,lda_473_0.030246|-1|-1|3;1128;;0.0603706|20190930A0HZ1F00|,","basic_type":2,"doc_id":"19a0280x1bbcvp","gid":"20190930A0HZ1F00","img_list":["https://img01.sogoucdn.com/v2/thumb/crop/xy/ai/w/224/h/144/t/0/retype/q/80/ext/auto?appid=200576&url=http%3A%2F%2Fimg02.sogoucdn.com%2Fapp%2Fa%2F200883%2F139164b76bec42c9ac9598c557049d01","https://img01.sogoucdn.com/v2/thumb/crop/xy/ai/w/224/h/144/t/0/retype/q/80/ext/auto?appid=200576&url=http%3A%2F%2Fimg04.sogoucdn.com%2Fapp%2Fa%2F200883%2F59d118cee3d3cd142c0898e5bdd57068","https://img01.sogoucdn.com/v2/thumb/crop/xy/ai/w/224/h/144/t/0/retype/q/80/ext/auto?appid=200576&url=http%3A%2F%2Fimg03.sogoucdn.com%2Fapp%2Fa%2F200883%2F5adb34e5ee3d8a7623e0b7f8c298c439"],"keyword_tag":{"appendix":"4|2","desc":"","h5_link":"http://sa.sogou.com/sgsfe/aw/sgs_subscribe/detail.html","id":"3c500b0e87b34651d4a237dfd372053a","name":"自卑","show_place":2,"source":4,"subscribe_num":14047,"tag":{"color":"5892f2","icon":"","tag_id":0},"type":1},"link":"https://sa.sogou.com/sgsearch/sgs_tc_news.php?req=aLi7nu_hS29QYPxsjpb1XZLvhMPg4ajUBMK7BJnOeJ4=&user_type=wappage","open_link":"https://sa.sogou.com/sgsearch/sgs_tc_news.php?req=aLi7nu_hS29QYPxsjpb1XZLvhMPg4ajUBMK7BJnOeJ4=&user_type=wappage","open_type":0,"pub_source":"好孕","pub_time":1570707402,"read_num":14768,"related_number":{"count":14768,"is_support":false,"meaning":"阅读","support_num":0,"type":0},"stream_id":-1,"subscribe_list":[{"appendix":"4|2","desc":"","h5_link":"http://sa.sogou.com/sgsfe/aw/sgs_subscribe/detail.html","id":"3c500b0e87b34651d4a237dfd372053a","name":"自卑","show_place":2,"source":4,"subscribe_num":14047,"tag":{"color":"5892f2","icon":"","tag_id":0},"type":1},{"appendix":"4|2","desc":"","h5_link":"http://sa.sogou.com/sgsfe/aw/sgs_subscribe/detail.html","id":"a92aebe9e6f2abfc623937aa56c93ca6","name":"妈妈","show_place":2,"source":4,"subscribe_num":9105,"tag":{"color":"5892f2","icon":"","tag_id":0},"type":1},{"appendix":"4|2","desc":"","h5_link":"http://sa.sogou.com/sgsfe/aw/sgs_subscribe/detail.html","id":"cd36f658f60ebd8934b21032aae84604","name":"育儿","show_place":2,"source":4,"subscribe_num":19020,"tag":{"color":"5892f2","icon":"","tag_id":0},"type":1}],"tag":{},"title":"自卑又懦弱的孩子，背后多半有这样的妈妈，娃吃亏碰壁也不奇怪","tts":0,"type":2,"unlike_list":["不想看:自卑","不想看:妈妈","不想看:育儿","内容重复","内容质量差","拉黑作者:好孕"],"video_type":0},{"account_img":"http://img02.sogoucdn.com/app/a/200883/8c720ef4438520978f6b9f48b82025bb","account_openid":"qie_602da5abbf4300913ae629a6624e4acc","appendix":"育儿|宝妈,催乳师,KS_产后,KS_奶水,KS_产后护理,KS_产后恢复,KS_宝妈们,TAG_孕产,TXK_育儿_宝妈,TXK_育儿_产后,TXK_育儿_奶水,TXK_育儿_产后护理,TXK_育儿_产后恢复,TXK_育儿_宝妈们,|0|母婴参考|推荐|0|qie_602da5abbf4300913ae629a6624e4acc||19|16|2|-1|,,|1570538749|51|-1|-1|17aeba5fa55553c4c5235f70c42f5562:宝妈,53316f78f69763887e37e021d6494b5c:催乳师,8f74b1e3baf8802df304f0fff8f14a5b:产后,cd36f658f60ebd8934b21032aae84604:育儿,|80.113.225.15|feed guarantee|0|1|20191008A0O1HC00||||16|5|lda_164_0.214429,lda_307_0.116525,lda_332_0.087343,lda_119_0.069982,lda_416_0.055069|-1|-1|3;1462;;0.0373086|20191008A0O1HC00|,","basic_type":2,"doc_id":"20191008A0O1HC00","gid":"20191008A0O1HC00","img_list":["https://img01.sogoucdn.com/v2/thumb/crop/xy/ai/w/224/h/144/t/0/retype/q/80/ext/auto?appid=200576&url=http%3A%2F%2Fimg01.sogoucdn.com%2Fapp%2Fa%2F200883%2Fa622f80746b2a753f3b6a2eeae290494","https://img01.sogoucdn.com/v2/thumb/crop/xy/ai/w/224/h/144/t/0/retype/q/80/ext/auto?appid=200576&url=http%3A%2F%2Fimg01.sogoucdn.com%2Fapp%2Fa%2F200883%2F73f7e6ab762673bda013c6a5a93cab09","https://img01.sogoucdn.com/v2/thumb/crop/xy/ai/w/224/h/144/t/0/retype/q/80/ext/auto?appid=200576&url=http%3A%2F%2Fimg01.sogoucdn.com%2Fapp%2Fa%2F200883%2Fbd5c5b989ce90af97cb7c11db1ec2b70"],"keyword_tag":{"appendix":"4|2","desc":"","h5_link":"http://sa.sogou.com/sgsfe/aw/sgs_subscribe/detail.html","id":"17aeba5fa55553c4c5235f70c42f5562","name":"宝妈","show_place":2,"source":4,"subscribe_num":19699,"tag":{"color":"5892f2","icon":"","tag_id":0},"type":1},"link":"https://sa.sogou.com/sgsearch/sgs_tc_news.php?req=dnUjlawflKwFLecOum1U0Nq5YN6xcuumR_OQKOMmRec=&tencentdocid=20191008A0O1HC00&docid=20191008A0O1HC00&user_type=wappage","need_appinfo":1,"open_link":"https://sa.sogou.com/sgsearch/sgs_tc_news.php?req=dnUjlawflKwFLecOum1U0Nq5YN6xcuumR_OQKOMmRec=&tencentdocid=20191008A0O1HC00&docid=20191008A0O1HC00&user_type=wappage","open_type":0,"pub_source":"母婴参考","pub_time":1570707402,"read_num":20161,"related_number":{"count":20161,"is_support":false,"meaning":"阅读","support_num":0,"type":0},"stream_id":-1,"subscribe_list":[{"appendix":"4|2","desc":"","h5_link":"http://sa.sogou.com/sgsfe/aw/sgs_subscribe/detail.html","id":"17aeba5fa55553c4c5235f70c42f5562","name":"宝妈","show_place":2,"source":4,"subscribe_num":19699,"tag":{"color":"5892f2","icon":"","tag_id":0},"type":1},{"appendix":"4|2","desc":"","h5_link":"http://sa.sogou.com/sgsfe/aw/sgs_subscribe/detail.html","id":"53316f78f69763887e37e021d6494b5c","name":"催乳师","show_place":2,"source":4,"subscribe_num":15874,"tag":{"color":"5892f2","icon":"","tag_id":0},"type":1},{"appendix":"4|2","desc":"","h5_link":"http://sa.sogou.com/sgsfe/aw/sgs_subscribe/detail.html","id":"8f74b1e3baf8802df304f0fff8f14a5b","name":"产后","show_place":2,"source":4,"subscribe_num":18295,"tag":{"color":"5892f2","icon":"","tag_id":0},"type":1},{"appendix":"4|2","desc":"","h5_link":"http://sa.sogou.com/sgsfe/aw/sgs_subscribe/detail.html","id":"cd36f658f60ebd8934b21032aae84604","name":"育儿","show_place":2,"source":4,"subscribe_num":18241,"tag":{"color":"5892f2","icon":"","tag_id":0},"type":1}],"tag":{},"title":"男性催乳师火了，一位小白宝妈前去，被占了便宜都不知道","tts":0,"type":2,"unlike_list":["不想看:宝妈","不想看:催乳师","不想看:育儿","内容重复","内容质量差","拉黑作者:母婴参考"],"video_type":0},{"account_img":"http://img04.sogoucdn.com/app/a/200883/2e89d6371129badfdb88d44a1a2784fd","account_openid":"open_prod365701","appendix":"科普|宇宙,KS_外星生命,KS_望远镜,KS_科学家,KS_天眼,KS_外星文明,TAG_天文航天,TXK_科普_宇宙,TXK_科普_外星生命,TXK_科普_望远镜,TXK_科普_科学家,TXK_科普_天眼,TXK_科普_外星文明,|0|奇物使者|推荐|0|open_prod365701||19|17|2|-1|,,|1568884700|51|-1|-1|30377056692034cfc979d109969db156:宇宙,01c30cfab18bc9d6d3407a6b7d2037cc:外星生命,e07225dc17e6889ab9c6260c1bae66d8:望远镜,e908280b6477a931eda7ff98711f99de:科普,|80.113.225.15|feed guarantee|0|1|open_doc_prod10718273||||17|4|lda_204_0.505646,lda_91_0.244694,lda_13_0.171678,lda_21_0.016750,lda_440_0.014637|-1|-1|3;1121;;0.0207652|open_doc_prod10718273|,","basic_type":2,"doc_id":"open_doc_prod10718273","gid":"open_doc_prod10718273","img_list":["https://img01.sogoucdn.com/v2/thumb/crop/xy/ai/w/224/h/144/t/0/retype/q/80/ext/auto?appid=200576&url=http%3A%2F%2Fimg03.sogoucdn.com%2Fapp%2Fa%2F200863%2Fimg_365701_156888462632095","https://img01.sogoucdn.com/v2/thumb/crop/xy/ai/w/224/h/144/t/0/retype/q/80/ext/auto?appid=200576&url=http%3A%2F%2Fimg01.sogoucdn.com%2Fapp%2Fa%2F200863%2Fimg_365701_156888462625835","https://img01.sogoucdn.com/v2/thumb/crop/xy/ai/w/224/h/144/t/0/retype/q/80/ext/auto?appid=200576&url=http%3A%2F%2Fimg04.sogoucdn.com%2Fapp%2Fa%2F200863%2Fimg_365701_156888462625479"],"keyword_tag":{"appendix":"4|2","desc":"","h5_link":"http://sa.sogou.com/sgsfe/aw/sgs_subscribe/detail.html","id":"30377056692034cfc979d109969db156","name":"宇宙","show_place":2,"source":4,"subscribe_num":14193,"tag":{"color":"5892f2","icon":"","tag_id":0},"type":1},"link":"https://sa.sogou.com/sgsearch/sgs_tc_news.php?req=gNWjMh9kjpEtYgjReTdUXcwB6QrDDpMoOV80oTjhCfIpcs371mcQxI4_WvOYPLAi&user_type=wappage","need_appinfo":1,"open_link":"https://sa.sogou.com/sgsearch/sgs_tc_news.php?req=gNWjMh9kjpEtYgjReTdUXcwB6QrDDpMoOV80oTjhCfIpcs371mcQxI4_WvOYPLAi&user_type=wappage","open_type":0,"pub_source":"奇物使者","pub_time":1570707402,"read_num":18666,"related_number":{"count":18666,"is_support":false,"meaning":"阅读","support_num":0,"type":0},"stream_id":-1,"subscribe_list":[{"appendix":"4|2","desc":"","h5_link":"http://sa.sogou.com/sgsfe/aw/sgs_subscribe/detail.html","id":"30377056692034cfc979d109969db156","name":"宇宙","show_place":2,"source":4,"subscribe_num":14193,"tag":{"color":"5892f2","icon":"","tag_id":0},"type":1},{"appendix":"4|2","desc":"","h5_link":"http://sa.sogou.com/sgsfe/aw/sgs_subscribe/detail.html","id":"01c30cfab18bc9d6d3407a6b7d2037cc","name":"外星生命","show_place":2,"source":4,"subscribe_num":12103,"tag":{"color":"5892f2","icon":"","tag_id":0},"type":1},{"appendix":"4|2","desc":"","h5_link":"http://sa.sogou.com/sgsfe/aw/sgs_subscribe/detail.html","id":"e07225dc17e6889ab9c6260c1bae66d8","name":"望远镜","show_place":2,"source":4,"subscribe_num":10061,"tag":{"color":"5892f2","icon":"","tag_id":0},"type":1},{"appendix":"4|2","desc":"","h5_link":"http://sa.sogou.com/sgsfe/aw/sgs_subscribe/detail.html","id":"e908280b6477a931eda7ff98711f99de","name":"科普","show_place":2,"source":4,"subscribe_num":9173,"tag":{"color":"5892f2","icon":"","tag_id":0},"type":1}],"tag":{},"title":"6万年前的宇宙信号被破译，内容令人遗憾，他们曾向人类求救","tts":0,"type":2,"unlike_list":["不想看:宇宙","不想看:天文航天","内容重复","内容质量差","拉黑作者:奇物使者"],"video_type":0},{"account_img":"http://img02.sogoucdn.com/app/a/200883/ddf8bda76b6837c06d8b06e573869739","account_openid":"qie_6e1d8d1ea13e2db4209e72f1783094d1","appendix":"科普|太阳系,黑洞,科学家,KS_行星,KS_原始黑洞,KS_第九大行星,KS_引力,KS_天文台,TAG_天文航天,TXK_科普_太阳系,TXK_科普_黑洞,TXK_科普_科学家,TXK_科普_行星,TXK_科普_引力,TXK_科普_天文台,|0|仰望星际|推荐|0|qie_6e1d8d1ea13e2db4209e72f1783094d1||19|18|2|-1|,,|1570682880|51|-1|-1|bf0fa6bb49ea44b0afa76e13b35fe25c:太阳系,4fba48191631ac9e81275caa79427879:黑洞,ad7e4cf4db0566753be490a83c5c46ec:科学家,e908280b6477a931eda7ff98711f99de:科普,|80.113.225.15|feed guarantee|0|1|20191010A0AHXM00||||16|4|lda_91_0.831043,lda_13_0.042522,lda_126_0.029238,lda_194_0.026159,lda_248_0.020985|-1|-1|3;1226;;0.00913966|20191010A0AHXM00|,","basic_type":2,"doc_id":"20191010A0AHXM00","gid":"20191010A0AHXM00","img_list":["https://img01.sogoucdn.com/v2/thumb/crop/xy/ai/w/224/h/144/t/0/retype/q/80/ext/auto?appid=200576&url=http%3A%2F%2Fimg04.sogoucdn.com%2Fapp%2Fa%2F200883%2F8778a12b9d5098d57318805b6f698e32","https://img01.sogoucdn.com/v2/thumb/crop/xy/ai/w/224/h/144/t/0/retype/q/80/ext/auto?appid=200576&url=http%3A%2F%2Fimg02.sogoucdn.com%2Fapp%2Fa%2F200883%2F48d3b95085dbb07f18773eabbbaa6c3a","https://img01.sogoucdn.com/v2/thumb/crop/xy/ai/w/224/h/144/t/0/retype/q/80/ext/auto?appid=200576&url=http%3A%2F%2Fimg01.sogoucdn.com%2Fapp%2Fa%2F200883%2F9dfa50df4c8756c2f5d7b3e804489c25"],"keyword_tag":{"appendix":"4|2","desc":"","h5_link":"http://sa.sogou.com/sgsfe/aw/sgs_subscribe/detail.html","id":"bf0fa6bb49ea44b0afa76e13b35fe25c","name":"太阳系","show_place":2,"source":4,"subscribe_num":14351,"tag":{"color":"5892f2","icon":"","tag_id":0},"type":1},"link":"https://sa.sogou.com/sgsearch/sgs_tc_news.php?req=GvUAonPdHdDEFvFK31tBlDArFoOiKLwXCeOtTf6phC0=&tencentdocid=20191010A0AHXM00&docid=20191010A0AHXM00&user_type=wappage","need_appinfo":1,"open_link":"https://sa.sogou.com/sgsearch/sgs_tc_news.php?req=GvUAonPdHdDEFvFK31tBlDArFoOiKLwXCeOtTf6phC0=&tencentdocid=20191010A0AHXM00&docid=20191010A0AHXM00&user_type=wappage","open_type":0,"pub_source":"仰望星际","pub_time":1570707402,"read_num":13724,"related_number":{"count":13724,"is_support":false,"meaning":"阅读","support_num":0,"type":0},"stream_id":-1,"subscribe_list":[{"appendix":"4|2","desc":"","h5_link":"http://sa.sogou.com/sgsfe/aw/sgs_subscribe/detail.html","id":"bf0fa6bb49ea44b0afa76e13b35fe25c","name":"太阳系","show_place":2,"source":4,"subscribe_num":14351,"tag":{"color":"5892f2","icon":"","tag_id":0},"type":1},{"appendix":"4|2","desc":"","h5_link":"http://sa.sogou.com/sgsfe/aw/sgs_subscribe/detail.html","id":"4fba48191631ac9e81275caa79427879","name":"黑洞","show_place":2,"source":4,"subscribe_num":9752,"tag":{"color":"5892f2","icon":"","tag_id":0},"type":1},{"appendix":"4|2","desc":"","h5_link":"http://sa.sogou.com/sgsfe/aw/sgs_subscribe/detail.html","id":"ad7e4cf4db0566753be490a83c5c46ec","name":"科学家","show_place":2,"source":4,"subscribe_num":15582,"tag":{"color":"5892f2","icon":"","tag_id":0},"type":1},{"appendix":"4|2","desc":"","h5_link":"http://sa.sogou.com/sgsfe/aw/sgs_subscribe/detail.html","id":"e908280b6477a931eda7ff98711f99de","name":"科普","show_place":2,"source":4,"subscribe_num":18929,"tag":{"color":"5892f2","icon":"","tag_id":0},"type":1}],"tag":{},"title":"距离不到1光年?科学家称：太阳系边缘可能藏着一个“古代黑洞”","tts":0,"type":2,"unlike_list":["不想看:太阳系","不想看:黑洞","不想看:科学家","内容重复","内容质量差","拉黑作者:仰望星际"],"video_type":0},{"account_img":"http://img03.sogoucdn.com/app/a/200883/894794a1081b28947c234773d4f5b622","account_openid":"qie_9b5e576b3baee3cb041110dd04718a7c","appendix":"电视剧|邪剑仙,仙剑三,魔尊,KS_重楼,KS_景天,KS_紫萱,KS_仙剑奇侠传三,TXK_电视剧_邪剑仙,TXK_电视剧_仙剑三,TXK_电视剧_魔尊,TXK_电视剧_重楼,TXK_电视剧_景天,TXK_电视剧_紫萱,TXK_电视剧_仙剑奇侠传三,|0|爱榴莲爱娱乐|推荐|0|qie_9b5e576b3baee3cb041110dd04718a7c||19|19|2|-1|,,|1570349370|51|-1|-1|8d79bb858140589d64e16e09e7b103a6:邪剑仙,b925ef2ef2123e2a9a6b6c8ee08a373a:仙剑三,b3e4a1b8f333f48440769a259708ed96:魔尊,130e2775d8aeb4338f3261615d728251:电视剧,|80.113.225.15|feed guarantee|0|1|20191006A0CM7800||||16|4|lda_322_0.302654,lda_193_0.136104,lda_391_0.126714,lda_393_0.069682,lda_235_0.068570|-1|-1|3;444;;0.0185132|20191006A0CM7800|,","basic_type":2,"doc_id":"20191006A0CM7800","gid":"20191006A0CM7800","img_list":["https://img01.sogoucdn.com/v2/thumb/crop/xy/ai/w/224/h/144/t/0/retype/q/80/ext/auto?appid=200576&url=http%3A%2F%2Fimg03.sogoucdn.com%2Fapp%2Fa%2F200883%2F1d2ff7335744e9f2b0da9cbc390ad4f2","https://img01.sogoucdn.com/v2/thumb/crop/xy/ai/w/224/h/144/t/0/retype/q/80/ext/auto?appid=200576&url=http%3A%2F%2Fimg01.sogoucdn.com%2Fapp%2Fa%2F200883%2Fe77a30ca2f2835907040ff312a3e4d9f","https://img01.sogoucdn.com/v2/thumb/crop/xy/ai/w/224/h/144/t/0/retype/q/80/ext/auto?appid=200576&url=http%3A%2F%2Fimg01.sogoucdn.com%2Fapp%2Fa%2F200883%2Ff7c2e3fb7f654dc8b9927d153fbefcce"],"keyword_tag":{"appendix":"4|2","desc":"","h5_link":"http://sa.sogou.com/sgsfe/aw/sgs_subscribe/detail.html","id":"8d79bb858140589d64e16e09e7b103a6","name":"邪剑仙","show_place":2,"source":4,"subscribe_num":12004,"tag":{"color":"5892f2","icon":"","tag_id":0},"type":1},"link":"https://sa.sogou.com/sgsearch/sgs_tc_news.php?req=dnUjlawflKwFLecOum1U0AQZuDDA2mE06Ev1QiUMOHU=&tencentdocid=20191006A0CM7800&docid=20191006A0CM7800&user_type=wappage","need_appinfo":1,"open_link":"https://sa.sogou.com/sgsearch/sgs_tc_news.php?req=dnUjlawflKwFLecOum1U0AQZuDDA2mE06Ev1QiUMOHU=&tencentdocid=20191006A0CM7800&docid=20191006A0CM7800&user_type=wappage","open_type":0,"pub_source":"爱榴莲爱娱乐","pub_time":1570707402,"read_num":10696,"related_number":{"count":10696,"is_support":false,"meaning":"阅读","support_num":0,"type":0},"stream_id":-1,"subscribe_list":[{"appendix":"4|2","desc":"","h5_link":"http://sa.sogou.com/sgsfe/aw/sgs_subscribe/detail.html","id":"8d79bb858140589d64e16e09e7b103a6","name":"邪剑仙","show_place":2,"source":4,"subscribe_num":12004,"tag":{"color":"5892f2","icon":"","tag_id":0},"type":1},{"appendix":"4|2","desc":"","h5_link":"http://sa.sogou.com/sgsfe/aw/sgs_subscribe/detail.html","id":"b925ef2ef2123e2a9a6b6c8ee08a373a","name":"仙剑三","show_place":2,"source":4,"subscribe_num":9253,"tag":{"color":"5892f2","icon":"","tag_id":0},"type":1},{"appendix":"4|2","desc":"","h5_link":"http://sa.sogou.com/sgsfe/aw/sgs_subscribe/detail.html","id":"b3e4a1b8f333f48440769a259708ed96","name":"魔尊","show_place":2,"source":4,"subscribe_num":18963,"tag":{"color":"5892f2","icon":"","tag_id":0},"type":1},{"appendix":"4|2","desc":"","h5_link":"http://sa.sogou.com/sgsfe/aw/sgs_subscribe/detail.html","id":"130e2775d8aeb4338f3261615d728251","name":"电视剧","show_place":2,"source":4,"subscribe_num":18597,"tag":{"color":"5892f2","icon":"","tag_id":0},"type":1}],"tag":{},"title":"仙剑三：邪剑仙为啥非要割掉魔尊的角?示威不是重点，这才是关键","tts":0,"type":2,"unlike_list":["不想看:邪剑仙","不想看:仙剑三","不想看:魔尊","内容重复","内容质量差","拉黑作者:爱榴莲爱娱乐"],"video_type":0}],"top_article":{"account_img":"","account_openid":"","appendix":"||33|新华网||1|||-1|-1|-1|-1||1570691450|-1|-1|-1||||0|-1||||||-1||-1|-1||4f001cac1fc56fe68067cc55b04dbbd6|","basic_type":0,"doc_id":"4f001cac1fc56fe68067cc55b04dbbd6","gid":"4f001cac1fc56fe68067cc55b04dbbd6","img_list":[],"link":"http://www.xinhuanet.com/world/2019-10/09/c_1125084583.htm","open_link":"http://www.xinhuanet.com/world/2019-10/09/c_1125084583.htm","open_type":0,"pub_source":"新华网","read_num":11957,"related_number":{"count":11957,"is_support":false,"meaning":"阅读","support_num":0,"type":0},"stream_id":0,"subscribe_list":[],"tag":{"color":"f75801","id":33,"text":"置顶"},"title":"为互利合作注入新动力 为互联互通开辟新空间","tts":0,"type":0,"unlike_list":[],"video_type":0},"top_articles":[{"account_img":"","account_openid":"","appendix":"||33|新华网||1|||-1|-1|-1|-1||1570691450|-1|-1|-1||||0|-1||||||-1||-1|-1||4f001cac1fc56fe68067cc55b04dbbd6|","basic_type":0,"doc_id":"4f001cac1fc56fe68067cc55b04dbbd6","gid":"4f001cac1fc56fe68067cc55b04dbbd6","img_list":[],"link":"http://www.xinhuanet.com/world/2019-10/09/c_1125084583.htm","open_link":"http://www.xinhuanet.com/world/2019-10/09/c_1125084583.htm","open_type":0,"pub_source":"新华网","read_num":11957,"related_number":{"count":11957,"is_support":false,"meaning":"阅读","support_num":0,"type":0},"stream_id":0,"subscribe_list":[],"tag":{"color":"f75801","id":33,"text":"置顶"},"title":"为互利合作注入新动力 为互联互通开辟新空间","tts":0,"type":0,"unlike_list":[],"video_type":0},{"account_img":"","account_openid":"","appendix":"||33|人民日报||1|||-1|-1|-1|-1||1570691450|-1|-1|-1||||0|-1||||||-1||-1|-1||7168d2010dea555960625b9f070be2b0|","basic_type":0,"doc_id":"7168d2010dea555960625b9f070be2b0","gid":"7168d2010dea555960625b9f070be2b0","img_list":[],"link":"https://wap.peopleapp.com/article/4668859/4552217?from=singlemessage","open_link":"https://wap.peopleapp.com/article/4668859/4552217?from=singlemessage","open_type":0,"pub_source":"人民日报","read_num":14202,"related_number":{"count":14202,"is_support":false,"meaning":"阅读","support_num":0,"type":0},"stream_id":0,"subscribe_list":[],"tag":{"color":"f75801","id":33,"text":"置顶"},"title":"没有任何力量能够阻挡中国人民和中华民族的前进步伐","tts":0,"type":0,"unlike_list":[],"video_type":0}]},"status":1}