{"msg":"","result":{"article_cnt":20,"article_list":[{"account_img":"http://img02.sogoucdn.com/app/a/200883/bc9e496954ea75966444188fce7f7dcb","account_openid":"sf_48298","appendix":"娱乐|宋小宝,TAG_小品演员,|0|熊猫影视|推荐|42|sf_48298||19|0|9|-1|,,|1568660113|51|-1|-1|e57488fd6ca0c166678996408eb83a58:宋小宝,e3c3d0a14097660b55733516354d73ab:娱乐,|80.113.225.15|feed guarantee|1|1|sf_358445484328804352||||22|-1|3|-1|-1|-1|0;0;05:13;0.963784|,","basic_type":9,"doc_id":"sf_358445484328804352","gid":"sf_358445484328804352","img_list":["https://img01.sogoucdn.com/v2/thumb/crop/xy/ai/w/750/h/422/t/0/retype/q/80/ext/auto?appid=200576&url=http%3A%2F%2Fimg04.sogoucdn.com%2Fapp%2Fa%2F200883%2F8cb8285e16245eb3912568555ae7e7bd"],"keyword_tag":{"appendix":"4|2","desc":"","h5_link":"http://sa.sogou.com/sgsfe/aw/sgs_subscribe/detail.html","id":"e57488fd6ca0c166678996408eb83a58","name":"宋小宝","show_place":2,"source":4,"subscribe_num":14000,"tag":{"color":"5892f2","icon":"","tag_id":0},"type":1},"landing_link":"","link":"http://sofa.resource.shida.sogoucdn.com/e820dbb4-1c51-4e45-89e4-85c5a28075dd2_0_0.mp4","open_link":"http://sofa.resource.shida.sogoucdn.com/e820dbb4-1c51-4e45-89e4-85c5a28075dd2_0_0.mp4","open_type":2,"pub_source":"熊猫影视","pub_time":1570707402,"read_num":14585,"related_number":{"count":14585,"is_support":false,"meaning":"播放","support_num":0,"type":2},"stream_id":-1,"subscribe_list":[{"appendix":"4|2","desc":"","h5_link":"http://sa.sogou.com/sgsfe/aw/sgs_subscribe/detail.html","id":"e57488fd6ca0c166678996408eb83a58","name":"宋小宝","show_place":2,"source":4,"subscribe_num":14000,"tag":{"color":"5892f2","icon":"","tag_id":0},"type":1},{"appendix":"4|2","desc":"","h5_link":"http://sa.sogou.com/sgsfe/aw/sgs_subscribe/detail.html","id":"e3c3d0a14097660b55733516354d73ab","name":"娱乐","show_place":2,"source":4,"subscribe_num":14816,"tag":{"color":"5892f2","icon":"","tag_id":0},"type":1}],"tag":{},"title":"豁牙子和程叔两个人合伙“吓唬”宋小宝，他是什么反应?","tts":0,"type":11,"unlike_list":["不想看:宋小宝","不想看:小品演员","不想看:娱乐","内容重复","广告软文","拉黑作者:熊猫影视"],"video_height":540,"video_size":25027195,"video_time":"05:13","video_type":1,"video_width":720,"watermark_img":"https://img04.sogoucdn.com/v2/thumb/resize/w/140/h/140/t/0/img_watermark/p/center?url=http%3A%2F%2Fimg02.sogoucdn.com%2Fapp%2Fa%2F200883%2F8cb8285e16245eb3912568555ae7e7bd&appid=200576&comp_img=http%3A%2F%2Fimg03.sogoucdn.com%2Fapp%2Fa%2F200841%2Fplay_video1"},{"account_img":"http://img01.sogoucdn.com/app/a/100540019/4da401daef512fdf58af5c0a67d0ddbf","account_openid":"2600524589269962364","appendix":"法制|杭州,KS_酒驾,KS_余杭,KS_公安,KS_警察,KS_打工,TXK_法制_杭州,TXK_法制_酒驾,TXK_法制_余杭,TXK_法制_公安,TXK_法制_警察,|0|互联网新闻热点|推荐|0|tt_5529090244||19|1|2|-1|,,|1570678353|51|-1|-1|de4d1b1dc298791b6283fa10f77b1d8f:杭州,c8dae59c81f30b4c43541785e36166d5:酒驾,a679a3ed7f23dff19329640081562bef:余杭,|80.113.225.15|feed guarantee|0|1|19a10f0l0LEnX3||||21|3|lda_181_0.390954,lda_251_0.119948,lda_373_0.098821,lda_56_0.066155,lda_139_0.061347|-1|-1|3;956;;0.128156|19a10c0x3pZocD|,","basic_type":2,"doc_id":"19a10f0l0LEnX3","gid":"19a10c0x3pZocD","img_list":["https://img01.sogoucdn.com/v2/thumb/crop/xy/ai/w/224/h/144/t/0/retype/q/80/ext/auto?appid=200576&url=http%3A%2F%2Fimg04.sogoucdn.com%2Fapp%2Fa%2F200883%2F57d40fc08548acb2d63695320ae87cdf","https://img01.sogoucdn.com/v2/thumb/crop/xy/ai/w/224/h/144/t/0/retype/q/80/ext/auto?appid=200576&url=http%3A%2F%2Fimg01.sogoucdn.com%2Fapp%2Fa%2F200883%2Fa5bd6b7fee32c62f8e186f550af4b8d4","https://img01.sogoucdn.com/v2/thumb/crop/xy/ai/w/224/h/144/t/0/retype/q/80/ext/auto?appid=200576&url=http%3A%2F%2Fimg03.sogoucdn.com%2Fapp%2Fa%2F200883%2F5e3f791c0a05e8ee009d233ecff8b324"],"keyword_tag":{"appendix":"4|2","desc":"","h5_link":"http://sa.sogou.com/sgsfe/aw/sgs_subscribe/detail.html","id":"de4d1b1dc298791b6283fa10f77b1d8f","name":"杭州","show_place":2,"source":4,"subscribe_num":7239,"tag":{"color":"5892f2","icon":"","tag_id":0},"type":1},"link":"https://sa.sogou.com/sgsearch/sgs_tc_news.php?req=UzzSp-OwfvteZEz0wQT59cWyq-b1Pr6_FYaNMA8OzbM=&user_type=wappage","need_appinfo":1,"open_link":"https://sa.sogou.com/sgsearch/sgs_tc_news.php?req=UzzSp-OwfvteZEz0wQT59cWyq-b1Pr6_FYaNMA8OzbM=&user_type=wappage","open_type":0,"pub_source":"互联网新闻热点","pub_time":1570707402,"read_num":25554,"related_number":{"count":25554,"is_support":false,"meaning":"阅读","support_num":0,"type":0},"stream_id":-1,"subscribe_list":[{"appendix":"4|2","desc":"","h5_link":"http://sa.sogou.com/sgsfe/aw/sgs_subscribe/detail.html","id":"de4d1b1dc298791b6283fa10f77b1d8f","name":"杭州","show_place":2,"source":4,"subscribe_num":7239,"tag":{"color":"5892f2","icon":"","tag_id":0},"type":1},{"appendix":"4|2","desc":"","h5_link":"http://sa.sogou.com/sgsfe/aw/sgs_subscribe/detail.html","id":"c8dae59c81f30b4c43541785e36166d5","name":"酒驾","show_place":2,"source":4,"subscribe_num":15834,"tag":{"color":"5892f2","icon":"","tag_id":0},"type":1},{"appendix":"4|2","desc":"","h5_link":"http://sa.sogou.com/sgsfe/aw/sgs_subscribe/detail.html","id":"a679a3ed7f23dff19329640081562bef","name":"余杭","show_place":2,"source":4,"subscribe_num":8672,"tag":{"color":"5892f2","icon":"","tag_id":0},"type":1}],"tag":{},"title":"杭州男子不堪妻子管钱太紧 酒后想去牢里“静静”……","tts":0,"type":2,"unlike_list":["不想看:杭州","内容重复","内容质量差","拉黑作者:互联网新闻热点"],"video_type":0},{"account_img":"http://img04.sogoucdn.com/app/a/100540019/ba168911f61516a814f280c7e3d78fd7","account_openid":"1088169040590488012","appendix":"法制|潜伏,青岛,KS_犯罪嫌疑人,KS_居民楼,TAG_刑事案件,TXK_法制_潜伏,TXK_法制_青岛,TXK_法制_犯罪嫌疑人,TXK_法制_居民楼,|0|社会小创意|推荐|0|tt_6180360281||19|2|2|-1|,,|1570673163|51|-1|-1|6302aa42f6cbf38820f0c825963e120a:潜伏,9c5d4753f915fdf8719e84a454fdc237:青岛,b69bd6abd6ebf502a2d515822f9e3300:犯罪嫌疑人,|80.113.225.15|feed guarantee|0|1|19a10c0l0XWcav||||21|-1|3|-1|-1|-1|3;1457;;0.015868|,","basic_type":2,"doc_id":"19a10c0l0XWcav","gid":"open_doc_prod11499473","img_list":["https://img01.sogoucdn.com/v2/thumb/crop/xy/ai/w/224/h/144/t/0/retype/q/80/ext/auto?appid=200576&url=http%3A%2F%2Fimg02.sogoucdn.com%2Fapp%2Fa%2F200883%2F1875aa87c5ed2e7004b4e97c58ec9ea8","https://img01.sogoucdn.com/v2/thumb/crop/xy/ai/w/224/h/144/t/0/retype/q/80/ext/auto?appid=200576&url=http%3A%2F%2Fimg03.sogoucdn.com%2Fapp%2Fa%2F200883%2F0a287da1c397dbac107cd715f9363cfd","https://img01.sogoucdn.com/v2/thumb/crop/xy/ai/w/224/h/144/t/0/retype/q/80/ext/auto?appid=200576&url=http%3A%2F%2Fimg01.sogoucdn.com%2Fapp%2Fa%2F200883%2F52f52a658a43fe537046813225ab0f01"],"keyword_tag":{"appendix":"4|2","desc":"","h5_link":"http://sa.sogou.com/sgsfe/aw/sgs_subscribe/detail.html","id":"6302aa42f6cbf38820f0c825963e120a","name":"潜伏","show_place":2,"source":4,"subscribe_num":15045,"tag":{"color":"5892f2","icon":"","tag_id":0},"type":1},"link":"https://sa.sogou.com/sgsearch/sgs_tc_news.php?req=nzVPcBS7DT9U65P41EWze594b5GnEfSYCZylIGMoPvQ=&user_type=wappage","need_appinfo":1,"open_link":"https://sa.sogou.com/sgsearch/sgs_tc_news.php?req=nzVPcBS7DT9U65P41EWze594b5GnEfSYCZylIGMoPvQ=&user_type=wappage","open_type":0,"pub_source":"社会小创意","pub_time":1570707402,"read_num":28486,"related_number":{"count":28486,"is_support":false,"meaning":"阅读","support_num":0,"type":0},"stream_id":-1,"subscribe_list":[{"appendix":"4|2","desc":"","h5_link":"http://sa.sogou.com/sgsfe/aw/sgs_subscribe/detail.html","id":"6302aa42f6cbf38820f0c825963e120a","name":"潜伏","show_place":2,"source":4,"subscribe_num":15045,"tag":{"color":"5892f2","icon":"","tag_id":0},"type":1},{"appendix":"4|2","desc":"","h5_link":"http://sa.sogou.com/sgsfe/aw/sgs_subscribe/detail.html","id":"9c5d4753f915fdf8719e84a454fdc237","name":"青岛","show_place":2,"source":4,"subscribe_num":5248,"tag":{"color":"5892f2","icon":"","tag_id":0},"type":1},{"appendix":"4|2","desc":"","h5_link":"http://sa.sogou.com/sgsfe/aw/sgs_subscribe/detail.html","id":"b69bd6abd6ebf502a2d515822f9e3300","name":"犯罪嫌疑人","show_place":2,"source":4,"subscribe_num":18443,"tag":{"color":"5892f2","icon":"","tag_id":0},"type":1}],"tag":{},"title":"夜晚!青岛一男子潜伏楼道!妙龄女邻居惨被…","tts":0,"type":2,"unlike_list":["不想看:潜伏","不想看:青岛","不想看:刑事案件","内容重复","广告软文","拉黑作者:社会小创意"],"video_type":0},{"account_img":"http://img01.sogoucdn.com/app/a/200883/a7788a6947de88487a580198b4ec2c13","account_openid":"open_prod413759","appendix":"明星|李嫣,热搜,KS_黄磊,KS_李亚鹏,KS_王菲,KS_孙莉,KS_李亚鹏王菲,TAG_娱乐盘点,TXK_明星_李嫣,TXK_明星_热搜,TXK_明星_黄磊,TXK_明星_李亚鹏,TXK_明星_王菲,TXK_明星_孙莉,|0|书白娱乐|推荐|0|open_prod413759||19|3|2|-1|,,|1570693654|51|-1|-1|e29e212b3afb62fed8cad12de19cf129:李嫣,1eced1828e15e7912b345cc392cea4ac:热搜,96b20fdbc321b9e98c902e8b50d8cd38:黄磊,34411427f187e961fb15208e1a1c3610:明星,|80.113.225.15|feed guarantee|0|1|open_doc_prod11582816||||17|2|lda_442_0.089409,lda_221_0.081765,lda_287_0.068220,lda_139_0.063773,lda_227_0.063682|-1|-1|3;1504;;0.0687464|open_doc_prod11556349|,","basic_type":2,"doc_id":"open_doc_prod11582816","gid":"open_doc_prod11556349","img_list":["https://img01.sogoucdn.com/v2/thumb/crop/xy/ai/w/224/h/144/t/0/retype/q/80/ext/auto?appid=200576&url=http%3A%2F%2Fimg03.sogoucdn.com%2Fapp%2Fa%2F200863%2Fimage_413759_1570693649128","https://img01.sogoucdn.com/v2/thumb/crop/xy/ai/w/224/h/144/t/0/retype/q/80/ext/auto?appid=200576&url=http%3A%2F%2Fimg03.sogoucdn.com%2Fapp%2Fa%2F200863%2Fimage_413759_1570693649270","https://img01.sogoucdn.com/v2/thumb/crop/xy/ai/w/224/h/144/t/0/retype/q/80/ext/auto?appid=200576&url=http%3A%2F%2Fimg04.sogoucdn.com%2Fapp%2Fa%2F200863%2Fimage_413759_1570693649430"],"keyword_tag":{"appendix":"4|2","desc":"","h5_link":"http://sa.sogou.com/sgsfe/aw/sgs_subscribe/detail.html","id":"e29e212b3afb62fed8cad12de19cf129","name":"李嫣","show_place":2,"source":4,"subscribe_num":16999,"tag":{"color":"5892f2","icon":"","tag_id":0},"type":1},"link":"https://sa.sogou.com/sgsearch/sgs_tc_news.php?req=gNWjMh9kjpEtYgjReTdUXfEYWlJVSUifMupYzCPK9p6LKUHxc6jdMz2zweIbN7pz&user_type=wappage","need_appinfo":1,"open_link":"https://sa.sogou.com/sgsearch/sgs_tc_news.php?req=gNWjMh9kjpEtYgjReTdUXfEYWlJVSUifMupYzCPK9p6LKUHxc6jdMz2zweIbN7pz&user_type=wappage","open_type":0,"pub_source":"书白娱乐","pub_time":1570707402,"read_num":26692,"related_number":{"count":26692,"is_support":false,"meaning":"阅读","support_num":0,"type":0},"stream_id":-1,"subscribe_list":[{"appendix":"4|2","desc":"","h5_link":"http://sa.sogou.com/sgsfe/aw/sgs_subscribe/detail.html","id":"e29e212b3afb62fed8cad12de19cf129","name":"李嫣","show_place":2,"source":4,"subscribe_num":16999,"tag":{"color":"5892f2","icon":"","tag_id":0},"type":1},{"appendix":"4|2","desc":"","h5_link":"http://sa.sogou.com/sgsfe/aw/sgs_subscribe/detail.html","id":"1eced1828e15e7912b345cc392cea4ac","name":"热搜","show_place":2,"source":4,"subscribe_num":18472,"tag":{"color":"5892f2","icon":"","tag_id":0},"type":1},{"appendix":"4|2","desc":"","h5_link":"http://sa.sogou.com/sgsfe/aw/sgs_subscribe/detail.html","id":"96b20fdbc321b9e98c902e8b50d8cd38","name":"黄磊","show_place":2,"source":4,"subscribe_num":13064,"tag":{"color":"5892f2","icon":"","tag_id":0},"type":1},{"appendix":"4|2","desc":"","h5_link":"http://sa.sogou.com/sgsfe/aw/sgs_subscribe/detail.html","id":"34411427f187e961fb15208e1a1c3610","name":"明星","show_place":2,"source":4,"subscribe_num":16214,"tag":{"color":"5892f2","icon":"","tag_id":0},"type":1}],"tag":{},"title":"喜欢打扮出国留学的李嫣，染发频上热搜的多多，你们喜欢哪一个","tts":0,"type":2,"unlike_list":["不想看:李嫣","不想看:热搜","不想看:娱乐盘点","内容重复","内容质量差","拉黑作者:书白娱乐"],"video_type":0},{"account_img":"http://img03.sogoucdn.com/app/a/200883/a73af6d77bf6b21785473409d66b9031","account_openid":"open_prod415011","appendix":"科普|KS_树木,KS_岩石,KS_雨水,KS_生命之树,KS_竹子,TXK_科普_树木,TXK_科普_岩石,TXK_科普_雨水,TXK_科普_竹子,|0|百悠旅游|推荐|0|open_prod415011||19|4|2|-1|,,|1570342680|51|-1|-1|761d01d9d65e73d57429695f58fd9193:树木,cd1d964c141cdb9b14cf7c313f2831b0:岩石,801ae987a619c37413a9f1b5a40379cd:雨水,e908280b6477a931eda7ff98711f99de:科普,|80.113.225.15|feed guarantee|0|1|open_doc_prod11379633||||17|4|lda_75_0.424673,lda_490_0.181803,lda_204_0.140393,lda_219_0.080617,lda_274_0.029893|-1|-1|3;809;;0.0180878|open_doc_prod11379633|,","basic_type":2,"doc_id":"open_doc_prod11379633","gid":"open_doc_prod11379633","img_list":["https://img01.sogoucdn.com/v2/thumb/crop/xy/ai/w/224/h/144/t/0/retype/q/80/ext/auto?appid=200576&url=http%3A%2F%2Fimg02.sogoucdn.com%2Fapp%2Fa%2F200863%2Fimg_415011_157034263405994","https://img01.sogoucdn.com/v2/thumb/crop/xy/ai/w/224/h/144/t/0/retype/q/80/ext/auto?appid=200576&url=http%3A%2F%2Fimg01.sogoucdn.com%2Fapp%2Fa%2F200863%2Fimg_415011_157034263406919","https://img01.sogoucdn.com/v2/thumb/crop/xy/ai/w/224/h/144/t/0/retype/q/80/ext/auto?appid=200576&url=http%3A%2F%2Fimg03.sogoucdn.com%2Fapp%2Fa%2F200863%2Fimg_415011_157034263431839"],"keyword_tag":{"appendix":"4|2","desc":"","h5_link":"http://sa.sogou.com/sgsfe/aw/sgs_subscribe/detail.html","id":"761d01d9d65e73d57429695f58fd9193","name":"树木","show_place":2,"source":4,"subscribe_num":7259,"tag":{"color":"5892f2","icon":"","tag_id":0},"type":1},"link":"https://sa.sogou.com/sgsearch/sgs_tc_news.php?req=gNWjMh9kjpEtYgjReTdUXWcdKvxE1KnPqeGkKcoOf7FdPYAi4RLd2WYwUbZd-dG_&user_type=wappage","need_appinfo":1,"open_link":"https://sa.sogou.com/sgsearch/sgs_tc_news.php?req=gNWjMh9kjpEtYgjReTdUXWcdKvxE1KnPqeGkKcoOf7FdPYAi4RLd2WYwUbZd-dG_&user_type=wappage","open_type":0,"pub_source":"百悠旅游","pub_time":1570707402,"read_num":10495,"related_number":{"count":10495,"is_support":false,"meaning":"阅读","support_num":0,"type":0},"stream_id":-1,"subscribe_list":[{"appendix":"4|2","desc":"","h5_link":"http://sa.sogou.com/sgsfe/aw/sgs_subscribe/detail.html","id":"761d01d9d65e73d57429695f58fd9193","name":"树木","show_place":2,"source":4,"subscribe_num":7259,"tag":{"color":"5892f2","icon":"","tag_id":0},"type":1},{"appendix":"4|2","desc":"","h5_link":"http://sa.sogou.com/sgsfe/aw/sgs_subscribe/detail.html","id":"cd1d964c141cdb9b14cf7c313f2831b0","name":"岩石","show_place":2,"source":4,"subscribe_num":12643,"tag":{"color":"5892f2","icon":"","tag_id":0},"type":1},{"appendix":"4|2","desc":"","h5_link":"http://sa.sogou.com/sgsfe/aw/sgs_subscribe/detail.html","id":"801ae987a619c37413a9f1b5a40379cd","name":"雨水","show_place":2,"source":4,"subscribe_num":13262,"tag":{"color":"5892f2","icon":"","tag_id":0},"type":1},{"appendix":"4|2","desc":"","h5_link":"http://sa.sogou.com/sgsfe/aw/sgs_subscribe/detail.html","id":"e908280b6477a931eda7ff98711f99de","name":"科普","show_place":2,"source":4,"subscribe_num":18239,"tag":{"color":"5892f2","icon":"","tag_id":0},"type":1}],"tag":{},"title":"世界上最顽强的树，悬空在两座山中间，几百年间是怎么活下去的?","tts":0,"type":2,"unlike_list":["内容重复","内容质量差","拉黑作者:百悠旅游"],"video_type":0},{"account_img":"http://img02.sogoucdn.com/app/a/200883/31964bbfa0cf1e8a676b2ed2f6699f63","account_openid":"qie_8c79c6c8a4fa52404b5faaca54d7a97c","appendix":"情感|KS_职场,KS_社交活动,KS_潜规则,KS_人际交往,KS_生活,TXK_情感_职场,TXK_情感_社交活动,TXK_情感_潜规则,TXK_情感_人际交往,TXK_情感_生活,|0|菲儿情感|推荐|0|qie_8c79c6c8a4fa52404b5faaca54d7a97c||19|5|2|-1|,,|1569999115|51|-1|-1|0a8d1f697f211346c4d4556ebbcc62df:职场,b18b02a8c25183d6d092fb0285fbb4cf:社交活动,46ed122c35216428b8a505e0a4c11260:潜规则,0ceb2c104359fd9369d1230e5cd6bb1b:情感,|80.113.225.15|feed guarantee|0|1|20191002A09RWU00||||16|4|lda_373_0.277640,lda_74_0.121664,lda_307_0.096994,lda_197_0.061486,lda_476_0.057961|-1|-1|3;1250;;0.11946|20191002A09RWU00|,","basic_type":2,"doc_id":"20191002A09RWU00","gid":"20191002A09RWU00","img_list":["https://img01.sogoucdn.com/v2/thumb/crop/xy/ai/w/224/h/144/t/0/retype/q/80/ext/auto?appid=200576&url=http%3A%2F%2Fimg03.sogoucdn.com%2Fapp%2Fa%2F200883%2Facdcbca83b6e5e7eb9391927d4643a19","https://img01.sogoucdn.com/v2/thumb/crop/xy/ai/w/224/h/144/t/0/retype/q/80/ext/auto?appid=200576&url=http%3A%2F%2Fimg01.sogoucdn.com%2Fapp%2Fa%2F200883%2Fbc289c538f0eebbc7ba88abc154fab19","https://img01.sogoucdn.com/v2/thumb/crop/xy/ai/w/224/h/144/t/0/retype/q/80/ext/auto?appid=200576&url=http%3A%2F%2Fimg01.sogoucdn.com%2Fapp%2Fa%2F200883%2F129506c6df28bfe8ae56ecdf244ef23c"],"keyword_tag":{"appendix":"4|2","desc":"","h5_link":"http://sa.sogou.com/sgsfe/aw/sgs_subscribe/detail.html","id":"0a8d1f697f211346c4d4556ebbcc62df","name":"职场","show_place":2,"source":4,"subscribe_num":15399,"tag":{"color":"5892f2","icon":"","tag_id":0},"type":1},"link":"https://sa.sogou.com/sgsearch/sgs_tc_news.php?req=dnUjlawflKwFLecOum1U0Ms1fVdHh8kQPq5LRKO_FZA=&tencentdocid=20191002A09RWU00&docid=20191002A09RWU00&user_type=wappage","need_appinfo":1,"open_link":"https://sa.sogou.com/sgsearch/sgs_tc_news.php?req=dnUjlawflKwFLecOum1U0Ms1fVdHh8kQPq5LRKO_FZA=&tencentdocid=20191002A09RWU00&docid=20191002A09RWU00&user_type=wappage","open_type":0,"pub_source":"菲儿情感","pub_time":1570707402,"read_num":26015,"related_number":{"count":26015,"is_support":false,"meaning":"阅读","support_num":0,"type":0},"stream_id":-1,"subscribe_list":[{"appendix":"4|2","desc":"","h5_link":"http://sa.sogou.com/sgsfe/aw/sgs_subscribe/detail.html","id":"0a8d1f697f211346c4d4556ebbcc62df","name":"职场","show_place":2,"source":4,"subscribe_num":15399,"tag":{"color":"5892f2","icon":"","tag_id":0},"type":1},{"appendix":"4|2","desc":"","h5_link":"http://sa.sogou.com/sgsfe/aw/sgs_subscribe/detail.html","id":"b18b02a8c25183d6d092fb0285fbb4cf","name":"社交活动","show_place":2,"source":4,"subscribe_num":7324,"tag":{"color":"5892f2","icon":"","tag_id":0},"type":1},{"appendix":"4|2","desc":"","h5_link":"http://sa.sogou.com/sgsfe/aw/sgs_subscribe/detail.html","id":"46ed122c35216428b8a505e0a4c11260","name":"潜规则","show_place":2,"source":4,"subscribe_num":16348,"tag":{"color":"5892f2","icon":"","tag_id":0},"type":1},{"appendix":"4|2","desc":"","h5_link":"http://sa.sogou.com/sgsfe/aw/sgs_subscribe/detail.html","id":"0ceb2c104359fd9369d1230e5cd6bb1b","name":"情感","show_place":2,"source":4,"subscribe_num":8709,"tag":{"color":"5892f2","icon":"","tag_id":0},"type":1}],"tag":{},"title":"三件事情，中年女人不拒绝，明显就是甘愿让你“泡”","tts":0,"type":2,"unlike_list":["不想看:情感","内容重复","内容质量差","拉黑作者:菲儿情感"],"video_type":0},{"account_img":"http://img01.sogoucdn.com/app/a/200883/5f62261a6c443673e5a1baf74081459a","account_openid":"open_prod347445","appendix":"健康|新婚,KS_宫颈癌,KS_宫颈,KS_流产,KS_性生活,KS_hpv,TAG_女性健康,TXK_健康_宫颈癌,TXK_健康_宫颈,TXK_健康_流产,TXK_健康_性生活,TXK_健康_hpv,|0|营养师老赵|推荐|0|open_prod347445||19|6|2|-1|,,|1570614962|51|-1|-1|0630c735ddc40155be4363d940f5b09a:新婚,0e5303987d5ef1963dc3f372b6000d16:宫颈癌,6d9b3bf88582fbc7174f2ded9d4b1514:宫颈,4b15327569d54614fea288fbc14dfb08:健康,|80.113.225.15|feed guarantee|0|1|open_doc_prod11532079||||17|2|lda_119_0.172074,lda_10_0.129767,lda_307_0.082556,lda_99_0.073960,lda_127_0.066750|-1|-1|3;2168;;0.0488079|open_doc_prod11532079|,","basic_type":2,"doc_id":"open_doc_prod11532079","gid":"open_doc_prod11532079","img_list":["https://img01.sogoucdn.com/v2/thumb/crop/xy/ai/w/224/h/144/t/0/retype/q/80/ext/auto?appid=200576&url=http%3A%2F%2Fimg02.sogoucdn.com%2Fapp%2Fa%2F200863%2Fimg_347445_157061474631268","https://img01.sogoucdn.com/v2/thumb/crop/xy/ai/w/224/h/144/t/0/retype/q/80/ext/auto?appid=200576&url=http%3A%2F%2Fimg04.sogoucdn.com%2Fapp%2Fa%2F200863%2Fimg_347445_157061474633376","https://img01.sogoucdn.com/v2/thumb/crop/xy/ai/w/224/h/144/t/0/retype/q/80/ext/auto?appid=200576&url=http%3A%2F%2Fimg02.sogoucdn.com%2Fapp%2Fa%2F200863%2Fimg_347445_157061474633235"],"keyword_tag":{"appendix":"4|2","desc":"","h5_link":"http://sa.sogou.com/sgsfe/aw/sgs_subscribe/detail.html","id":"0630c735ddc40155be4363d940f5b09a","name":"新婚","show_place":2,"source":4,"subscribe_num":10788,"tag":{"color":"5892f2","icon":"","tag_id":0},"type":1},"link":"https://sa.sogou.com/sgsearch/sgs_tc_news.php?req=gNWjMh9kjpEtYgjReTdUXfh3UY8apYUXcInyC36MOzwDeZBtwE3WaIN8aXnF8Hj3&user_type=wappage","need_appinfo":1,"open_link":"https://sa.sogou.com/sgsearch/sgs_tc_news.php?req=gNWjMh9kjpEtYgjReTdUXfh3UY8apYUXcInyC36MOzwDeZBtwE3WaIN8aXnF8Hj3&user_type=wappage","open_type":0,"pub_source":"营养师老赵","pub_time":1570707402,"read_num":22955,"related_number":{"count":22955,"is_support":false,"meaning":"阅读","support_num":0,"type":0},"stream_id":-1,"subscribe_list":[{"appendix":"4|2","desc":"","h5_link":"http://sa.sogou.com/sgsfe/aw/sgs_subscribe/detail.html","id":"0630c735ddc40155be4363d940f5b09a","name":"新婚","show_place":2,"source":4,"subscribe_num":10788,"tag":{"color":"5892f2","icon":"","tag_id":0},"type":1},{"appendix":"4|2","desc":"","h5_link":"http://sa.sogou.com/sgsfe/aw/sgs_subscribe/detail.html","id":"0e5303987d5ef1963dc3f372b6000d16","name":"宫颈癌","show_place":2,"source":4,"subscribe_num":9224,"tag":{"color":"5892f2","icon":"","tag_id":0},"type":1},{"appendix":"4|2","desc":"","h5_link":"http://sa.sogou.com/sgsfe/aw/sgs_subscribe/detail.html","id":"6d9b3bf88582fbc7174f2ded9d4b1514","name":"宫颈","show_place":2,"source":4,"subscribe_num":15444,"tag":{"color":"5892f2","icon":"","tag_id":0},"type":1},{"appendix":"4|2","desc":"","h5_link":"http://sa.sogou.com/sgsfe/aw/sgs_subscribe/detail.html","id":"4b15327569d54614fea288fbc14dfb08","name":"健康","show_place":2,"source":4,"subscribe_num":18936,"tag":{"color":"5892f2","icon":"","tag_id":0},"type":1}],"tag":{},"title":"30岁新婚女子，下身出血不止，医生告知病因，丈夫坚决要离婚!","tts":0,"type":2,"unlike_list":["不想看:新婚","不想看:女性健康","不想看:健康","内容重复","内容质量差","拉黑作者:营养师老赵"],"video_type":0},{"account_img":"http://img01.sogoucdn.com/app/a/200883/827924b20a1c5e4a12d6c858264c8b5c","account_openid":"v.qq.com_d3409e74f83d582a763e9323a31ae59d","appendix":"时尚|编发,KS_化妆宝典,KS_彩妆美妆,KS_彩妆欣赏,TAG_美发,|0|育儿宝宝食谱|推荐|42|v.qq.com_d3409e74f83d582a763e9323a31ae59d||19|7|9|-1|,,|1570373781|51|-1|-1|fe2def67cafb9c646fc6afc6c1017a99:编发,d10b266dd07f2e268225da71f95da4cf:时尚,|80.113.225.15|feed guarantee|1|1|19a07504289vrE||||4|3||-1|-1|0;28;09:10;0.788197|19a07504289vrE|,","basic_type":9,"doc_id":"19a07504289vrE","gid":"19a07504289vrE","img_list":["https://img01.sogoucdn.com/v2/thumb/crop/xy/ai/w/750/h/422/t/0/retype/q/80/ext/auto?appid=200576&url=http%3A%2F%2Fimg02.sogoucdn.com%2Fapp%2Fa%2F200883%2Fd291ebb25cbf720cc79eabb4559f9fad"],"keyword_tag":{"appendix":"4|2","desc":"","h5_link":"http://sa.sogou.com/sgsfe/aw/sgs_subscribe/detail.html","id":"fe2def67cafb9c646fc6afc6c1017a99","name":"编发","show_place":2,"source":4,"subscribe_num":5782,"tag":{"color":"5892f2","icon":"","tag_id":0},"type":1},"landing_link":"","link":"http://resource.yaokan.sogoucdn.com/videodown/4506/932/d93dd2a757f930aeb68bc63053356548.mp4","open_link":"http://resource.yaokan.sogoucdn.com/videodown/4506/932/d93dd2a757f930aeb68bc63053356548.mp4","open_type":2,"pub_source":"育儿宝宝食谱","pub_time":1570707402,"read_num":16332,"related_number":{"count":16332,"is_support":false,"meaning":"播放","support_num":0,"type":2},"stream_id":-1,"subscribe_list":[{"appendix":"4|2","desc":"","h5_link":"http://sa.sogou.com/sgsfe/aw/sgs_subscribe/detail.html","id":"fe2def67cafb9c646fc6afc6c1017a99","name":"编发","show_place":2,"source":4,"subscribe_num":5782,"tag":{"color":"5892f2","icon":"","tag_id":0},"type":1},{"appendix":"4|2","desc":"","h5_link":"http://sa.sogou.com/sgsfe/aw/sgs_subscribe/detail.html","id":"d10b266dd07f2e268225da71f95da4cf","name":"时尚","show_place":2,"source":4,"subscribe_num":12958,"tag":{"color":"5892f2","icon":"","tag_id":0},"type":1}],"tag":{},"title":"简单漂亮的女宝宝双三股辫编发教学，有闺女的千万别错过哦!","tts":0,"type":11,"unlike_list":["不想看:编发","不想看:美发","不想看:时尚","内容重复","内容质量差","拉黑作者:育儿宝宝食谱"],"video_height":486,"video_size":51524944,"video_time":"09:10","video_type":1,"video_width":864,"watermark_img":"https://img04.sogoucdn.com/v2/thumb/resize/w/140/h/140/t/0/img_watermark/p/center?url=http%3A%2F%2Fimg02.sogoucdn.com%2Fapp%2Fa%2F200883%2Fd291ebb25cbf720cc79eabb4559f9fad&appid=200576&comp_img=http%3A%2F%2Fimg03.sogoucdn.com%2Fapp%2Fa%2F200841%2Fplay_video1"},{"account_img":"http://img04.sogoucdn.com/app/a/100540019/5f26b745e7ccd97656c592f7125ca2e5","account_openid":"31140687611838780516","appendix":"情感|实话实说,两性关系,KS_女朋友,KS_老婆,KS_男士,KS_女友,KS_拍拖,TAG_恋爱,TXK_情感_实话实说,TXK_情感_两性关系,TXK_情感_女朋友,TXK_情感_老婆,TXK_情感_男士,TXK_情感_女友,TXK_情感_拍拖,|0|影帝级吐槽|推荐|0|tt_53683028742||19|8|2|-1|,,|1570220338|51|-1|-1|7234337ec53510d73ec5be2378608104:实话实说,5286120b6a86e7cebe83cca37f9bfe9a:两性关系,ea93276513f799b887ef2d61a8d860e0:女朋友,0ceb2c104359fd9369d1230e5cd6bb1b:情感,|80.113.225.15|feed guarantee|0|1|19a0590l3g0zGl||||21|3|lda_476_0.486800,lda_207_0.099393,lda_236_0.071656,lda_373_0.040719,lda_385_0.036540|-1|-1|3;1009;;0.111345|19820f0l4cPbWw|,","basic_type":2,"doc_id":"19a0590l3g0zGl","gid":"19820f0l4cPbWw","img_list":["https://img01.sogoucdn.com/v2/thumb/crop/xy/ai/w/224/h/144/t/0/retype/q/80/ext/auto?appid=200576&url=http%3A%2F%2Fimg02.sogoucdn.com%2Fapp%2Fa%2F200883%2F7b14577c9a035eec9c8592f317f8b208","https://img01.sogoucdn.com/v2/thumb/crop/xy/ai/w/224/h/144/t/0/retype/q/80/ext/auto?appid=200576&url=http%3A%2F%2Fimg02.sogoucdn.com%2Fapp%2Fa%2F200883%2F421973e68dc70f968351a501441d83bc","https://img01.sogoucdn.com/v2/thumb/crop/xy/ai/w/224/h/144/t/0/retype/q/80/ext/auto?appid=200576&url=http%3A%2F%2Fimg03.sogoucdn.com%2Fapp%2Fa%2F200883%2F005de05f88269cfab7caa6e388f8a8d8"],"keyword_tag":{"appendix":"4|2","desc":"","h5_link":"http://sa.sogou.com/sgsfe/aw/sgs_subscribe/detail.html","id":"7234337ec53510d73ec5be2378608104","name":"实话实说","show_place":2,"source":4,"subscribe_num":15406,"tag":{"color":"5892f2","icon":"","tag_id":0},"type":1},"link":"https://sa.sogou.com/sgsearch/sgs_tc_news.php?req=EqMTbgrzB31rD8pGnFbProHCkkaAA5z3k-9LVW0WnSk=&user_type=wappage","need_appinfo":1,"open_link":"https://sa.sogou.com/sgsearch/sgs_tc_news.php?req=EqMTbgrzB31rD8pGnFbProHCkkaAA5z3k-9LVW0WnSk=&user_type=wappage","open_type":0,"pub_source":"影帝级吐槽","pub_time":1570707402,"read_num":26614,"related_number":{"count":26614,"is_support":false,"meaning":"阅读","support_num":0,"type":0},"stream_id":-1,"subscribe_list":[{"appendix":"4|2","desc":"","h5_link":"http://sa.sogou.com/sgsfe/aw/sgs_subscribe/detail.html","id":"7234337ec53510d73ec5be2378608104","name":"实话实说","show_place":2,"source":4,"subscribe_num":15406,"tag":{"color":"5892f2","icon":"","tag_id":0},"type":1},{"appendix":"4|2","desc":"","h5_link":"http://sa.sogou.com/sgsfe/aw/sgs_subscribe/detail.html","id":"5286120b6a86e7cebe83cca37f9bfe9a","name":"两性关系","show_place":2,"source":4,"subscribe_num":16467,"tag":{"color":"5892f2","icon":"","tag_id":0},"type":1},{"appendix":"4|2","desc":"","h5_link":"http://sa.sogou.com/sgsfe/aw/sgs_subscribe/detail.html","id":"ea93276513f799b887ef2d61a8d860e0","name":"女朋友","show_place":2,"source":4,"subscribe_num":17257,"tag":{"color":"5892f2","icon":"","tag_id":0},"type":1},{"appendix":"4|2","desc":"","h5_link":"http://sa.sogou.com/sgsfe/aw/sgs_subscribe/detail.html","id":"0ceb2c104359fd9369d1230e5cd6bb1b","name":"情感","show_place":2,"source":4,"subscribe_num":15658,"tag":{"color":"5892f2","icon":"","tag_id":0},"type":1}],"tag":{},"title":"两性关系，女人身体上“最吸引”男人的是哪里?过来人实话实说了","tts":0,"type":2,"unlike_list":["不想看:实话实说","不想看:两性关系","不想看:情感","内容重复","内容质量差","拉黑作者:影帝级吐槽"],"video_type":0},{"account_img":"http://img03.sogoucdn.com/app/a/200883/7cbff2ce807912fabdba43293ed8c8a9","account_openid":"open_prod412459","appendix":"情感|马伊琍,KS_女大学生,KS_姚远,KS_刘烨,KS_梅婷,KS_海清,TAG_心灵鸡汤,TXK_情感_马伊琍,TXK_情感_女大学生,TXK_情感_刘烨,TXK_情感_梅婷,|0|迎丝科技|推荐|0|open_prod412459||19|9|2|-1|,,|1570685007|51|-1|-1|cc0e0e26c7e7f2c6962281671787efaf:马伊琍,5779634cf25691719941e7c1ff836965:女大学生,1ab9ea928fc1d6a533e1791dc331b30b:姚远,0ceb2c104359fd9369d1230e5cd6bb1b:情感,|80.113.225.15|feed guarantee|0|1|open_doc_prod11570500||||17|2|lda_54_0.378096,lda_170_0.082671,lda_433_0.054166,lda_8_0.052529,lda_373_0.046597|-1|-1|3;1248;;0.0276484|open_doc_prod11556431|,","basic_type":2,"doc_id":"open_doc_prod11570500","gid":"open_doc_prod11556431","img_list":["https://img01.sogoucdn.com/v2/thumb/crop/xy/ai/w/224/h/144/t/0/retype/q/80/ext/auto?appid=200576&url=http%3A%2F%2Fimg03.sogoucdn.com%2Fapp%2Fa%2F200863%2Fimage_412459_1570685006465","https://img01.sogoucdn.com/v2/thumb/crop/xy/ai/w/224/h/144/t/0/retype/q/80/ext/auto?appid=200576&url=http%3A%2F%2Fimg01.sogoucdn.com%2Fapp%2Fa%2F200863%2Fimage_412459_1570685006620","https://img01.sogoucdn.com/v2/thumb/crop/xy/ai/w/224/h/144/t/0/retype/q/80/ext/auto?appid=200576&url=http%3A%2F%2Fimg02.sogoucdn.com%2Fapp%2Fa%2F200863%2Fimage_412459_1570685006803"],"keyword_tag":{"appendix":"4|2","desc":"","h5_link":"http://sa.sogou.com/sgsfe/aw/sgs_subscribe/detail.html","id":"cc0e0e26c7e7f2c6962281671787efaf","name":"马伊琍","show_place":2,"source":4,"subscribe_num":14276,"tag":{"color":"5892f2","icon":"","tag_id":0},"type":1},"link":"https://sa.sogou.com/sgsearch/sgs_tc_news.php?req=gNWjMh9kjpEtYgjReTdUXYgJnBxs3yeMqKXaFWZPYEVzNgJJpmDyHSaUrafBofSF&user_type=wappage","need_appinfo":1,"open_link":"https://sa.sogou.com/sgsearch/sgs_tc_news.php?req=gNWjMh9kjpEtYgjReTdUXYgJnBxs3yeMqKXaFWZPYEVzNgJJpmDyHSaUrafBofSF&user_type=wappage","open_type":0,"pub_source":"迎丝科技","pub_time":1570707402,"read_num":22105,"related_number":{"count":22105,"is_support":false,"meaning":"阅读","support_num":0,"type":0},"stream_id":-1,"subscribe_list":[{"appendix":"4|2","desc":"","h5_link":"http://sa.sogou.com/sgsfe/aw/sgs_subscribe/detail.html","id":"cc0e0e26c7e7f2c6962281671787efaf","name":"马伊琍","show_place":2,"source":4,"subscribe_num":14276,"tag":{"color":"5892f2","icon":"","tag_id":0},"type":1},{"appendix":"4|2","desc":"","h5_link":"http://sa.sogou.com/sgsfe/aw/sgs_subscribe/detail.html","id":"5779634cf25691719941e7c1ff836965","name":"女大学生","show_place":2,"source":4,"subscribe_num":10412,"tag":{"color":"5892f2","icon":"","tag_id":0},"type":1},{"appendix":"4|2","desc":"","h5_link":"http://sa.sogou.com/sgsfe/aw/sgs_subscribe/detail.html","id":"1ab9ea928fc1d6a533e1791dc331b30b","name":"姚远","show_place":2,"source":4,"subscribe_num":14487,"tag":{"color":"5892f2","icon":"","tag_id":0},"type":1},{"appendix":"4|2","desc":"","h5_link":"http://sa.sogou.com/sgsfe/aw/sgs_subscribe/detail.html","id":"0ceb2c104359fd9369d1230e5cd6bb1b","name":"情感","show_place":2,"source":4,"subscribe_num":9783,"tag":{"color":"5892f2","icon":"","tag_id":0},"type":1}],"tag":{},"title":"马伊琍发文意味深长，疑似与文章还有未解的心结","tts":0,"type":2,"unlike_list":["不想看:马伊琍","不想看:心灵鸡汤","不想看:情感","内容重复","内容质量差","拉黑作者:迎丝科技"],"video_type":0},{"account_img":"http://img03.sogoucdn.com/app/a/100540019/d6c42ef3e3e0800376b1d24dba62ce14","account_openid":"32000733793748316922","appendix":"电视剧|肖战,人设,KS_北堂墨染,KS_魏无羡,KS_皇帝陛下,KS_陈情令,KS_洛菲菲,TXK_电视剧_肖战,TXK_电视剧_人设,TXK_电视剧_魏无羡,TXK_电视剧_皇帝陛下,TXK_电视剧_陈情令,TXK_电视剧_洛菲菲,|0|女神娱乐资讯|推荐|0|tt_3900673162741620||19|10|2|-1|,,|1570686289|51|-1|-1|ec86d6ff2a792539efc94a226b5c7120:肖战,07d9899ac8b60ffdd1ece7fb03e734fe:人设,70b697e9d0682ffab48410c5608e8293:北堂墨染,130e2775d8aeb4338f3261615d728251:电视剧,|80.113.225.15|feed guarantee|0|1|19a10e0l3KS0aC||||21|3|lda_170_0.188185,lda_163_0.128446,lda_490_0.097696,lda_15_0.072928,lda_93_0.059593|-1|-1|3;2619;;0.0297295|19a10e0l3KS0aC|,","basic_type":2,"doc_id":"19a10e0l3KS0aC","gid":"19a10e0l3KS0aC","img_list":["https://img01.sogoucdn.com/v2/thumb/crop/xy/ai/w/224/h/144/t/0/retype/q/80/ext/auto?appid=200576&url=http%3A%2F%2Fimg01.sogoucdn.com%2Fapp%2Fa%2F200883%2F17cb49e0b3c17376ea7b7ce786487fff","https://img01.sogoucdn.com/v2/thumb/crop/xy/ai/w/224/h/144/t/0/retype/q/80/ext/auto?appid=200576&url=http%3A%2F%2Fimg04.sogoucdn.com%2Fapp%2Fa%2F200883%2Fd9bb067cf3b9b28f20dacab69cc16e24","https://img01.sogoucdn.com/v2/thumb/crop/xy/ai/w/224/h/144/t/0/retype/q/80/ext/auto?appid=200576&url=http%3A%2F%2Fimg01.sogoucdn.com%2Fapp%2Fa%2F200883%2F298ab97ef23487f03ee0789b36d81b02"],"keyword_tag":{"appendix":"4|2","desc":"","h5_link":"http://sa.sogou.com/sgsfe/aw/sgs_subscribe/detail.html","id":"ec86d6ff2a792539efc94a226b5c7120","name":"肖战","show_place":2,"source":4,"subscribe_num":5040,"tag":{"color":"5892f2","icon":"","tag_id":0},"type":1},"link":"https://sa.sogou.com/sgsearch/sgs_tc_news.php?req=jlQRAbnuBCjy9SwFc9cd2j8QKApPuBAxCbqOL724vXw=&user_type=wappage","need_appinfo":1,"open_link":"https://sa.sogou.com/sgsearch/sgs_tc_news.php?req=jlQRAbnuBCjy9SwFc9cd2j8QKApPuBAxCbqOL724vXw=&user_type=wappage","open_type":0,"pub_source":"女神娱乐资讯","pub_time":1570707402,"read_num":10204,"related_number":{"count":10204,"is_support":false,"meaning":"阅读","support_num":0,"type":0},"stream_id":-1,"subscribe_list":[{"appendix":"4|2","desc":"","h5_link":"http://sa.sogou.com/sgsfe/aw/sgs_subscribe/detail.html","id":"ec86d6ff2a792539efc94a226b5c7120","name":"肖战","show_place":2,"source":4,"subscribe_num":5040,"tag":{"color":"5892f2","icon":"","tag_id":0},"type":1},{"appendix":"4|2","desc":"","h5_link":"http://sa.sogou.com/sgsfe/aw/sgs_subscribe/detail.html","id":"07d9899ac8b60ffdd1ece7fb03e734fe","name":"人设","show_place":2,"source":4,"subscribe_num":10505,"tag":{"color":"5892f2","icon":"","tag_id":0},"type":1},{"appendix":"4|2","desc":"","h5_link":"http://sa.sogou.com/sgsfe/aw/sgs_subscribe/detail.html","id":"70b697e9d0682ffab48410c5608e8293","name":"北堂墨染","show_place":2,"source":4,"subscribe_num":12833,"tag":{"color":"5892f2","icon":"","tag_id":0},"type":1},{"appendix":"4|2","desc":"","h5_link":"http://sa.sogou.com/sgsfe/aw/sgs_subscribe/detail.html","id":"130e2775d8aeb4338f3261615d728251","name":"电视剧","show_place":2,"source":4,"subscribe_num":6433,"tag":{"color":"5892f2","icon":"","tag_id":0},"type":1}],"tag":{},"title":"肖战的人设被过度女性化，以爱为名的伤害你们真的还要继续下去吗","tts":0,"type":2,"unlike_list":["不想看:肖战","不想看:人设","内容重复","内容质量差","拉黑作者:女神娱乐资讯"],"video_type":0},{"account_img":"http://img03.sogoucdn.com/app/a/200883/f483930ecdf0120ca029ffe751223d2e","account_openid":"v.qq.com_9bf816e0fe8498508ca63e1a41913a75","appendix":"娱乐|马蓉,spa,韩国,KS_明星资讯,KS_明星速闻,TAG_日韩明星,|0|娱闻星空|推荐|42|v.qq.com_9bf816e0fe8498508ca63e1a41913a75||19|11|9|-1|,,|1564460162|51|-1|-1|c5361088cb8ed49a06aeef810d08fd8a:马蓉,cc91e646ffef196e61f25dce2ada9ae5:spa,1b695adc06fdb9f8c3150cde8c5c3ca0:韩国,e3c3d0a14097660b55733516354d73ab:娱乐,|80.113.225.15|feed guarantee|1|1|19730d040KXWSo||||4|-1|-1|-1|-1|-1|-1|,","basic_type":9,"doc_id":"19730d040KXWSo","gid":"19730d040KXWSo","img_list":["https://img01.sogoucdn.com/v2/thumb/crop/xy/ai/w/750/h/422/t/0/retype/q/80/ext/auto?appid=200576&url=http%3A%2F%2Fimg02.sogoucdn.com%2Fapp%2Fa%2F200883%2Fd9601e90d40e83b9223008e5d4870f12"],"keyword_tag":{"appendix":"4|2","desc":"","h5_link":"http://sa.sogou.com/sgsfe/aw/sgs_subscribe/detail.html","id":"c5361088cb8ed49a06aeef810d08fd8a","name":"马蓉","show_place":2,"source":4,"subscribe_num":18508,"tag":{"color":"5892f2","icon":"","tag_id":0},"type":1},"landing_link":"","link":"http://resource.yaokan.sogoucdn.com/videodown/4506/795/79540112783a48105ab6393c1c190892.mp4","open_link":"http://resource.yaokan.sogoucdn.com/videodown/4506/795/79540112783a48105ab6393c1c190892.mp4","open_type":2,"pub_source":"娱闻星空","pub_time":1570707402,"read_num":11479,"related_number":{"count":11479,"is_support":false,"meaning":"播放","support_num":0,"type":2},"stream_id":-1,"subscribe_list":[{"appendix":"4|2","desc":"","h5_link":"http://sa.sogou.com/sgsfe/aw/sgs_subscribe/detail.html","id":"c5361088cb8ed49a06aeef810d08fd8a","name":"马蓉","show_place":2,"source":4,"subscribe_num":18508,"tag":{"color":"5892f2","icon":"","tag_id":0},"type":1},{"appendix":"4|2","desc":"","h5_link":"http://sa.sogou.com/sgsfe/aw/sgs_subscribe/detail.html","id":"cc91e646ffef196e61f25dce2ada9ae5","name":"spa","show_place":2,"source":4,"subscribe_num":17376,"tag":{"color":"5892f2","icon":"","tag_id":0},"type":1},{"appendix":"4|2","desc":"","h5_link":"http://sa.sogou.com/sgsfe/aw/sgs_subscribe/detail.html","id":"1b695adc06fdb9f8c3150cde8c5c3ca0","name":"韩国","show_place":2,"source":4,"subscribe_num":12494,"tag":{"color":"5892f2","icon":"","tag_id":0},"type":1},{"appendix":"4|2","desc":"","h5_link":"http://sa.sogou.com/sgsfe/aw/sgs_subscribe/detail.html","id":"e3c3d0a14097660b55733516354d73ab","name":"娱乐","show_place":2,"source":4,"subscribe_num":5259,"tag":{"color":"5892f2","icon":"","tag_id":0},"type":1}],"tag":{},"title":"马蓉澄清照片后飞韩国度假，做SPA心情倍爽，网友调侃：真有钱","tts":0,"type":11,"unlike_list":["不想看:马蓉","不想看:spa","不想看:娱乐","内容重复","广告软文","拉黑作者:娱闻星空"],"video_height":486,"video_size":3935471,"video_time":"01:04","video_type":1,"video_width":864,"watermark_img":"https://img04.sogoucdn.com/v2/thumb/resize/w/140/h/140/t/0/img_watermark/p/center?url=http%3A%2F%2Fimg02.sogoucdn.com%2Fapp%2Fa%2F200883%2Fd9601e90d40e83b9223008e5d4870f12&appid=200576&comp_img=http%3A%2F%2Fimg03.sogoucdn.com%2Fapp%2Fa%2F200841%2Fplay_video1"},{"account_img":"http://img03.sogoucdn.com/app/a/100540019/9dac55378593c685fe03ffa88f59d5cf","account_openid":"1900855943717790238","appendix":"历史|KS_许世友,KS_开国上将,KS_司令员,KS_团长,KS_中国人民解放军,TAG_中国近代史,TXK_历史_许世友,TXK_历史_开国上将,TXK_历史_司令员,TXK_历史_团长,TXK_历史_中国人民解放军,|0|海军老七|推荐|0|tt_110927869741||19|12|1|-1|,,|1570664415|51|-1|-1|0d58575b6c1029e7b3d6ca8e30134098:许世友,b30c2e23c12727751ff30f12dc907ee8:开国上将,4efc7c5ab4f0983e1a87fd5d47109624:司令员,76be5b9c09b52b20d2d5db266d760086:历史,|80.113.225.15|feed guarantee|0|1|19a1080l0hRMFs||||21|3|lda_306_0.261996,lda_24_0.154243,lda_233_0.072961,lda_280_0.066860,lda_458_0.062324|-1|-1|0;972;;0.0241952|20191008A06FCQ00|,","basic_type":1,"doc_id":"19a1080l0hRMFs","gid":"20191008A06FCQ00","img_list":["https://img01.sogoucdn.com/v2/thumb/crop/xy/ai/w/224/h/144/t/0/retype/q/80/ext/auto?appid=200576&url=http%3A%2F%2Fimg03.sogoucdn.com%2Fapp%2Fa%2F200883%2F461045778098a143d286eaa0fbfd32c7"],"keyword_tag":{"appendix":"4|2","desc":"","h5_link":"http://sa.sogou.com/sgsfe/aw/sgs_subscribe/detail.html","id":"0d58575b6c1029e7b3d6ca8e30134098","name":"许世友","show_place":2,"source":4,"subscribe_num":9451,"tag":{"color":"5892f2","icon":"","tag_id":0},"type":1},"link":"https://sa.sogou.com/sgsearch/sgs_tc_news.php?req=0YBqOgIUgTPCivhI0zMdV7iD7ICJmVtHaBIF0jrnMhc=&user_type=wappage","need_appinfo":1,"open_link":"https://sa.sogou.com/sgsearch/sgs_tc_news.php?req=0YBqOgIUgTPCivhI0zMdV7iD7ICJmVtHaBIF0jrnMhc=&user_type=wappage","open_type":0,"pub_source":"海军老七","pub_time":1570707402,"read_num":24545,"related_number":{"count":24545,"is_support":false,"meaning":"阅读","support_num":0,"type":0},"stream_id":-1,"subscribe_list":[{"appendix":"4|2","desc":"","h5_link":"http://sa.sogou.com/sgsfe/aw/sgs_subscribe/detail.html","id":"0d58575b6c1029e7b3d6ca8e30134098","name":"许世友","show_place":2,"source":4,"subscribe_num":9451,"tag":{"color":"5892f2","icon":"","tag_id":0},"type":1},{"appendix":"4|2","desc":"","h5_link":"http://sa.sogou.com/sgsfe/aw/sgs_subscribe/detail.html","id":"b30c2e23c12727751ff30f12dc907ee8","name":"开国上将","show_place":2,"source":4,"subscribe_num":11271,"tag":{"color":"5892f2","icon":"","tag_id":0},"type":1},{"appendix":"4|2","desc":"","h5_link":"http://sa.sogou.com/sgsfe/aw/sgs_subscribe/detail.html","id":"4efc7c5ab4f0983e1a87fd5d47109624","name":"司令员","show_place":2,"source":4,"subscribe_num":17229,"tag":{"color":"5892f2","icon":"","tag_id":0},"type":1},{"appendix":"4|2","desc":"","h5_link":"http://sa.sogou.com/sgsfe/aw/sgs_subscribe/detail.html","id":"76be5b9c09b52b20d2d5db266d760086","name":"历史","show_place":2,"source":4,"subscribe_num":16585,"tag":{"color":"5892f2","icon":"","tag_id":0},"type":1}],"tag":{},"title":"中国最值钱的将军墓，1000多瓶茅台酒砌墙，最便宜的也上百元一瓶","tts":0,"type":1,"unlike_list":["不想看:中国近代史","内容重复","内容质量差","拉黑作者:海军老七"],"video_type":0},{"account_img":"http://img02.sogoucdn.com/app/a/200883/be56e3df64dafed5e8cada4bc999595b","account_openid":"open_prod404573","appendix":"育儿|坐月子,KS_婆婆,KS_娘家,KS_女人生孩子,KS_月嫂,KS_婆媳关系,TAG_孕产,TXK_育儿_坐月子,TXK_育儿_婆婆,TXK_育儿_娘家,TXK_育儿_女人生孩子,TXK_育儿_月嫂,TXK_育儿_婆媳关系,|0|妮夏情感|推荐|0|open_prod404573||19|13|2|-1|,,|1570624609|51|-1|-1|fe9c8c4f7728022f6cfe71d0fb73a234:坐月子,88955aef31de5996833d822498e63762:婆婆,9b832339295f0f97023e5a1cadc60ce7:娘家,cd36f658f60ebd8934b21032aae84604:育儿,|80.113.225.15|feed guarantee|0|1|open_doc_prod11539545||||17|5|lda_473_0.245036,lda_95_0.130799,lda_476_0.117534,lda_482_0.112719,lda_378_0.101239|-1|-1|3;1317;;0.0472321|open_doc_prod11539545|,","basic_type":2,"doc_id":"open_doc_prod11539545","gid":"open_doc_prod11539545","img_list":["https://img01.sogoucdn.com/v2/thumb/crop/xy/ai/w/224/h/144/t/0/retype/q/80/ext/auto?appid=200576&url=http%3A%2F%2Fimg01.sogoucdn.com%2Fapp%2Fa%2F200863%2Fimg_404573_157062457367999","https://img01.sogoucdn.com/v2/thumb/crop/xy/ai/w/224/h/144/t/0/retype/q/80/ext/auto?appid=200576&url=http%3A%2F%2Fimg02.sogoucdn.com%2Fapp%2Fa%2F200863%2Fimg_404573_157062457370698","https://img01.sogoucdn.com/v2/thumb/crop/xy/ai/w/224/h/144/t/0/retype/q/80/ext/auto?appid=200576&url=http%3A%2F%2Fimg01.sogoucdn.com%2Fapp%2Fa%2F200863%2Fimg_404573_157062457374386"],"keyword_tag":{"appendix":"4|2","desc":"","h5_link":"http://sa.sogou.com/sgsfe/aw/sgs_subscribe/detail.html","id":"fe9c8c4f7728022f6cfe71d0fb73a234","name":"坐月子","show_place":2,"source":4,"subscribe_num":7048,"tag":{"color":"5892f2","icon":"","tag_id":0},"type":1},"link":"https://sa.sogou.com/sgsearch/sgs_tc_news.php?req=gNWjMh9kjpEtYgjReTdUXd38xgbXe-tcJR_Mp6E6MQO6T-_3WTo12Iu0JUTUN674&user_type=wappage","need_appinfo":1,"open_link":"https://sa.sogou.com/sgsearch/sgs_tc_news.php?req=gNWjMh9kjpEtYgjReTdUXd38xgbXe-tcJR_Mp6E6MQO6T-_3WTo12Iu0JUTUN674&user_type=wappage","open_type":0,"pub_source":"妮夏情感","pub_time":1570707402,"read_num":26992,"related_number":{"count":26992,"is_support":false,"meaning":"阅读","support_num":0,"type":0},"stream_id":-1,"subscribe_list":[{"appendix":"4|2","desc":"","h5_link":"http://sa.sogou.com/sgsfe/aw/sgs_subscribe/detail.html","id":"fe9c8c4f7728022f6cfe71d0fb73a234","name":"坐月子","show_place":2,"source":4,"subscribe_num":7048,"tag":{"color":"5892f2","icon":"","tag_id":0},"type":1},{"appendix":"4|2","desc":"","h5_link":"http://sa.sogou.com/sgsfe/aw/sgs_subscribe/detail.html","id":"88955aef31de5996833d822498e63762","name":"婆婆","show_place":2,"source":4,"subscribe_num":7453,"tag":{"color":"5892f2","icon":"","tag_id":0},"type":1},{"appendix":"4|2","desc":"","h5_link":"http://sa.sogou.com/sgsfe/aw/sgs_subscribe/detail.html","id":"9b832339295f0f97023e5a1cadc60ce7","name":"娘家","show_place":2,"source":4,"subscribe_num":14002,"tag":{"color":"5892f2","icon":"","tag_id":0},"type":1},{"appendix":"4|2","desc":"","h5_link":"http://sa.sogou.com/sgsfe/aw/sgs_subscribe/detail.html","id":"cd36f658f60ebd8934b21032aae84604","name":"育儿","show_place":2,"source":4,"subscribe_num":9153,"tag":{"color":"5892f2","icon":"","tag_id":0},"type":1}],"tag":{},"title":"“跟妈回家坐月子，有妈一口吃的，就不会饿了你们娘俩”“好”","tts":0,"type":2,"unlike_list":["不想看:坐月子","不想看:孕产","不想看:育儿","内容重复","内容质量差","拉黑作者:妮夏情感"],"video_type":0},{"account_img":"http://img01.sogoucdn.com/app/a/200883/4d0f08d291f5d5d40d612467188402b4","account_openid":"open_prod342441","appendix":"情感|张雨绮,KS_伊能静,KS_再婚,KS_原生家庭,KS_袁巴元,KS_王全安,TAG_恋爱,TXK_情感_张雨绮,TXK_情感_伊能静,TXK_情感_再婚,TXK_情感_原生家庭,TXK_情感_袁巴元,TXK_情感_王全安,|0|小媚互动室|推荐|0|open_prod342441||19|14|2|-1|,,|1570689710|51|-1|-1|dca898441dd05440b55a95c97f7570ec:张雨绮,6c2461d85c78cc7a2c2d9b9700d260fd:伊能静,d0635bdc7d6cb1f5482ef674097a607b:再婚,0ceb2c104359fd9369d1230e5cd6bb1b:情感,|80.113.225.15|feed guarantee|0|1|open_doc_prod11576728||||17|2|lda_296_0.119056,lda_299_0.100798,lda_222_0.085348,lda_373_0.078315,lda_95_0.073697|-1|-1|3;4325;;0.0552441|open_doc_prod11510165|,","basic_type":2,"doc_id":"open_doc_prod11576728","gid":"open_doc_prod11510165","img_list":["https://img01.sogoucdn.com/v2/thumb/crop/xy/ai/w/224/h/144/t/0/retype/q/80/ext/auto?appid=200576&url=http%3A%2F%2Fimg04.sogoucdn.com%2Fapp%2Fa%2F200863%2Fimg_342441_1570689689412","https://img01.sogoucdn.com/v2/thumb/crop/xy/ai/w/224/h/144/t/0/retype/q/80/ext/auto?appid=200576&url=http%3A%2F%2Fimg01.sogoucdn.com%2Fapp%2Fa%2F200863%2Fimg_342441_1570689690531","https://img01.sogoucdn.com/v2/thumb/crop/xy/ai/w/224/h/144/t/0/retype/q/80/ext/auto?appid=200576&url=http%3A%2F%2Fimg02.sogoucdn.com%2Fapp%2Fa%2F200863%2Fimg_342441_1570689691657"],"keyword_tag":{"appendix":"4|2","desc":"","h5_link":"http://sa.sogou.com/sgsfe/aw/sgs_subscribe/detail.html","id":"dca898441dd05440b55a95c97f7570ec","name":"张雨绮","show_place":2,"source":4,"subscribe_num":19415,"tag":{"color":"5892f2","icon":"","tag_id":0},"type":1},"link":"https://sa.sogou.com/sgsearch/sgs_tc_news.php?req=gNWjMh9kjpEtYgjReTdUXTHCCdCSklVgDF95UPhTEcHxk7IzbXJ_SSyhiT_KD0t3&user_type=wappage","need_appinfo":1,"open_link":"https://sa.sogou.com/sgsearch/sgs_tc_news.php?req=gNWjMh9kjpEtYgjReTdUXTHCCdCSklVgDF95UPhTEcHxk7IzbXJ_SSyhiT_KD0t3&user_type=wappage","open_type":0,"pub_source":"小媚互动室","pub_time":1570707402,"read_num":13082,"related_number":{"count":13082,"is_support":false,"meaning":"阅读","support_num":0,"type":0},"stream_id":-1,"subscribe_list":[{"appendix":"4|2","desc":"","h5_link":"http://sa.sogou.com/sgsfe/aw/sgs_subscribe/detail.html","id":"dca898441dd05440b55a95c97f7570ec","name":"张雨绮","show_place":2,"source":4,"subscribe_num":19415,"tag":{"color":"5892f2","icon":"","tag_id":0},"type":1},{"appendix":"4|2","desc":"","h5_link":"http://sa.sogou.com/sgsfe/aw/sgs_subscribe/detail.html","id":"6c2461d85c78cc7a2c2d9b9700d260fd","name":"伊能静","show_place":2,"source":4,"subscribe_num":9992,"tag":{"color":"5892f2","icon":"","tag_id":0},"type":1},{"appendix":"4|2","desc":"","h5_link":"http://sa.sogou.com/sgsfe/aw/sgs_subscribe/detail.html","id":"d0635bdc7d6cb1f5482ef674097a607b","name":"再婚","show_place":2,"source":4,"subscribe_num":5971,"tag":{"color":"5892f2","icon":"","tag_id":0},"type":1},{"appendix":"4|2","desc":"","h5_link":"http://sa.sogou.com/sgsfe/aw/sgs_subscribe/detail.html","id":"0ceb2c104359fd9369d1230e5cd6bb1b","name":"情感","show_place":2,"source":4,"subscribe_num":16075,"tag":{"color":"5892f2","icon":"","tag_id":0},"type":1}],"tag":{},"title":"偷腥被抓的4大女星张雨绮被称为“欲女”，她闹的人尽皆知!","tts":0,"type":2,"unlike_list":["不想看:张雨绮","不想看:恋爱","不想看:情感","内容重复","内容质量差","拉黑作者:小媚互动室"],"video_type":0},{"account_img":"http://img03.sogoucdn.com/app/a/100540019/9868c0d9ed5fb2ddc827d122035a20fe","account_openid":"1413743051760262784","appendix":"社会|警察,婴儿,KS_广东,KS_潮汕,KS_义乌,KS_老家,KS_金华,TAG_社会新闻,TXK_社会_警察,TXK_社会_婴儿,TXK_社会_广东,TXK_社会_潮汕,TXK_社会_义乌,TXK_社会_老家,TXK_社会_金华,|0|第九新闻间|推荐|0|tt_5540608474||19|15|1|-1|,,|1570691460|51|-1|-1|9a6c1138a3b623740e75890d46b9448e:警察,0eaaa82651a8888453a01b95a56e27cd:婴儿,deab780ed61514a0559afca443b3e0d4:广东,706bc9a8dc0f96c6a7efd8cc68bf169b:社会,|80.113.225.15|feed guarantee|0|1|19a10f0l3LS6Mm||||21|3|lda_181_0.384628,lda_482_0.172870,lda_233_0.119331,lda_232_0.088932,lda_43_0.037140|-1|-1|0;1177;;0.0135513|19a10f0l3LS6Mm|,","basic_type":1,"doc_id":"19a10f0l3LS6Mm","gid":"19a10f0l3LS6Mm","img_list":["https://img01.sogoucdn.com/v2/thumb/crop/xy/ai/w/224/h/144/t/0/retype/q/80/ext/auto?appid=200576&url=http%3A%2F%2Fimg03.sogoucdn.com%2Fapp%2Fa%2F200883%2Fbab84579f193752fd63e4911912a546e"],"keyword_tag":{"appendix":"4|2","desc":"","h5_link":"http://sa.sogou.com/sgsfe/aw/sgs_subscribe/detail.html","id":"9a6c1138a3b623740e75890d46b9448e","name":"警察","show_place":2,"source":4,"subscribe_num":15048,"tag":{"color":"5892f2","icon":"","tag_id":0},"type":1},"link":"https://sa.sogou.com/sgsearch/sgs_tc_news.php?req=UzzSp-OwfvteZEz0wQT59bgPveGz7UURv88yleDmuH8=&user_type=wappage","need_appinfo":1,"open_link":"https://sa.sogou.com/sgsearch/sgs_tc_news.php?req=UzzSp-OwfvteZEz0wQT59bgPveGz7UURv88yleDmuH8=&user_type=wappage","open_type":0,"pub_source":"第九新闻间","pub_time":1570707402,"read_num":20194,"related_number":{"count":20194,"is_support":false,"meaning":"阅读","support_num":0,"type":0},"stream_id":-1,"subscribe_list":[{"appendix":"4|2","desc":"","h5_link":"http://sa.sogou.com/sgsfe/aw/sgs_subscribe/detail.html","id":"9a6c1138a3b623740e75890d46b9448e","name":"警察","show_place":2,"source":4,"subscribe_num":15048,"tag":{"color":"5892f2","icon":"","tag_id":0},"type":1},{"appendix":"4|2","desc":"","h5_link":"http://sa.sogou.com/sgsfe/aw/sgs_subscribe/detail.html","id":"0eaaa82651a8888453a01b95a56e27cd","name":"婴儿","show_place":2,"source":4,"subscribe_num":10275,"tag":{"color":"5892f2","icon":"","tag_id":0},"type":1},{"appendix":"4|2","desc":"","h5_link":"http://sa.sogou.com/sgsfe/aw/sgs_subscribe/detail.html","id":"deab780ed61514a0559afca443b3e0d4","name":"广东","show_place":2,"source":4,"subscribe_num":6246,"tag":{"color":"5892f2","icon":"","tag_id":0},"type":1},{"appendix":"4|2","desc":"","h5_link":"http://sa.sogou.com/sgsfe/aw/sgs_subscribe/detail.html","id":"706bc9a8dc0f96c6a7efd8cc68bf169b","name":"社会","show_place":2,"source":4,"subscribe_num":16594,"tag":{"color":"5892f2","icon":"","tag_id":0},"type":1}],"tag":{},"title":"两个月的婴儿被3个女人抱走?妈妈当场崩溃!警察一查发现……","tts":0,"type":1,"unlike_list":["不想看:警察","不想看:婴儿","不想看:社会新闻","内容重复","内容质量差","拉黑作者:第九新闻间"],"video_type":0},{"account_img":"http://img01.sogoucdn.com/app/a/200883/52a85e6bea31c79c388f98ed2b92b7c3","account_openid":"qie_fde2928462f4870fb11ee14755db7127","appendix":"军事|女兵,阅兵,KS_阅兵仪式,KS_兵种,KS_军官,KS_阅兵式,TAG_武器装备,TXK_军事_女兵,TXK_军事_阅兵,TXK_军事_阅兵仪式,TXK_军事_兵种,TXK_军事_军官,TXK_军事_阅兵式,|0|宿宵军武|推荐|0|qie_fde2928462f4870fb11ee14755db7127||19|16|2|-1|,,|1570589756|51|-1|-1|c2963db4601bf64f9c119b5dcce1e572:女兵,4fb7ff904910c5b35d26338343d979a6:阅兵,79658a24ce79e0831ee8577675730520:阅兵仪式,f2326b1a89d5ebbe97dc2ad44c270bf0:军事,|80.113.225.15|feed guarantee|0|1|20191009A078SH00||||16|-1|5|-1|-1|-1|3;365;;0.0631131|,","basic_type":2,"doc_id":"20191009A078SH00","gid":"20191009A078SH00","img_list":["https://img01.sogoucdn.com/v2/thumb/crop/xy/ai/w/224/h/144/t/0/retype/q/80/ext/auto?appid=200576&url=http%3A%2F%2Fimg04.sogoucdn.com%2Fapp%2Fa%2F200883%2F59f2a90c7ebf15f0aead987cad02383b","https://img01.sogoucdn.com/v2/thumb/crop/xy/ai/w/224/h/144/t/0/retype/q/80/ext/auto?appid=200576&url=http%3A%2F%2Fimg04.sogoucdn.com%2Fapp%2Fa%2F200883%2F8c74cd1f1bf7e95e665c9572e747a176","https://img01.sogoucdn.com/v2/thumb/crop/xy/ai/w/224/h/144/t/0/retype/q/80/ext/auto?appid=200576&url=http%3A%2F%2Fimg02.sogoucdn.com%2Fapp%2Fa%2F200883%2F54a5bfc806dbc41312409955afc67746"],"keyword_tag":{"appendix":"4|2","desc":"","h5_link":"http://sa.sogou.com/sgsfe/aw/sgs_subscribe/detail.html","id":"c2963db4601bf64f9c119b5dcce1e572","name":"女兵","show_place":2,"source":4,"subscribe_num":15253,"tag":{"color":"5892f2","icon":"","tag_id":0},"type":1},"link":"https://sa.sogou.com/sgsearch/sgs_tc_news.php?req=dnUjlawflKwFLecOum1U0PaJmZjg3iDJvmnK18RKVMs=&tencentdocid=20191009A078SH00&docid=20191009A078SH00&user_type=wappage","need_appinfo":1,"open_link":"https://sa.sogou.com/sgsearch/sgs_tc_news.php?req=dnUjlawflKwFLecOum1U0PaJmZjg3iDJvmnK18RKVMs=&tencentdocid=20191009A078SH00&docid=20191009A078SH00&user_type=wappage","open_type":0,"pub_source":"宿宵军武","pub_time":1570707402,"read_num":16948,"related_number":{"count":16948,"is_support":false,"meaning":"阅读","support_num":0,"type":0},"stream_id":-1,"subscribe_list":[{"appendix":"4|2","desc":"","h5_link":"http://sa.sogou.com/sgsfe/aw/sgs_subscribe/detail.html","id":"c2963db4601bf64f9c119b5dcce1e572","name":"女兵","show_place":2,"source":4,"subscribe_num":15253,"tag":{"color":"5892f2","icon":"","tag_id":0},"type":1},{"appendix":"4|2","desc":"","h5_link":"http://sa.sogou.com/sgsfe/aw/sgs_subscribe/detail.html","id":"4fb7ff904910c5b35d26338343d979a6","name":"阅兵","show_place":2,"source":4,"subscribe_num":17577,"tag":{"color":"5892f2","icon":"","tag_id":0},"type":1},{"appendix":"4|2","desc":"","h5_link":"http://sa.sogou.com/sgsfe/aw/sgs_subscribe/detail.html","id":"79658a24ce79e0831ee8577675730520","name":"阅兵仪式","show_place":2,"source":4,"subscribe_num":17846,"tag":{"color":"5892f2","icon":"","tag_id":0},"type":1},{"appendix":"4|2","desc":"","h5_link":"http://sa.sogou.com/sgsfe/aw/sgs_subscribe/detail.html","id":"f2326b1a89d5ebbe97dc2ad44c270bf0","name":"军事","show_place":2,"source":4,"subscribe_num":11057,"tag":{"color":"5892f2","icon":"","tag_id":0},"type":1}],"tag":{},"title":"阅兵的时候，如果女兵“内急”该怎么办?我国这办法很聪明","tts":0,"type":2,"unlike_list":["不想看:女兵","不想看:阅兵","不想看:军事","内容重复","广告软文","拉黑作者:宿宵军武"],"video_type":0},{"account_img":"http://img01.sogoucdn.com/app/a/100540019/38cc8647cab2a80a567fa49c2283786f","account_openid":"29746477031605622980","appendix":"育儿|二胎,靖江,KS_彩礼,KS_陪嫁,KS_酒席,KS_小两口,KS_婆家,TAG_亲子成长,TXK_育儿_二胎,TXK_育儿_彩礼,TXK_育儿_酒席,TXK_育儿_小两口,|0|热点深呼吸|推荐|0|tt_6054303279||19|17|2|-1|,,|1570686060|51|-1|-1|5e45cd0c56735303a0bab07fc4dc063a:二胎,1348a2628f4cc236b35259fc8c375c4d:靖江,3d4325a2b49c73eeb447c5e4da73a5b0:彩礼,cd36f658f60ebd8934b21032aae84604:育儿,|80.113.225.15|feed guarantee|0|1|19a10d0l0QbTTM||||21|3|lda_457_0.290935,lda_473_0.210997,lda_482_0.073637,lda_163_0.070755,lda_246_0.059169|-1|-1|3;1672;;0.0187262|20191009A0L05500|,","basic_type":2,"doc_id":"19a10d0l0QbTTM","gid":"20191009A0L05500","img_list":["https://img01.sogoucdn.com/v2/thumb/crop/xy/ai/w/224/h/144/t/0/retype/q/80/ext/auto?appid=200576&url=http%3A%2F%2Fimg03.sogoucdn.com%2Fapp%2Fa%2F200883%2Ff76ff96a84fd5b50a16f40c5fbf33ce2","https://img01.sogoucdn.com/v2/thumb/crop/xy/ai/w/224/h/144/t/0/retype/q/80/ext/auto?appid=200576&url=http%3A%2F%2Fimg03.sogoucdn.com%2Fapp%2Fa%2F200883%2F97d19f4819e5635ce14ab0256aa05709","https://img01.sogoucdn.com/v2/thumb/crop/xy/ai/w/224/h/144/t/0/retype/q/80/ext/auto?appid=200576&url=http%3A%2F%2Fimg03.sogoucdn.com%2Fapp%2Fa%2F200883%2Fe8f36fd5bcb5d96aec50daf0cb61a218"],"keyword_tag":{"appendix":"4|2","desc":"","h5_link":"http://sa.sogou.com/sgsfe/aw/sgs_subscribe/detail.html","id":"5e45cd0c56735303a0bab07fc4dc063a","name":"二胎","show_place":2,"source":4,"subscribe_num":12987,"tag":{"color":"5892f2","icon":"","tag_id":0},"type":1},"link":"https://sa.sogou.com/sgsearch/sgs_tc_news.php?req=zgE913OyP2ez5QebMZye9BcotdhvQvYLtNWjVV3xk7Y=&user_type=wappage","need_appinfo":1,"open_link":"https://sa.sogou.com/sgsearch/sgs_tc_news.php?req=zgE913OyP2ez5QebMZye9BcotdhvQvYLtNWjVV3xk7Y=&user_type=wappage","open_type":0,"pub_source":"热点深呼吸","pub_time":1570707402,"read_num":22377,"related_number":{"count":22377,"is_support":false,"meaning":"阅读","support_num":0,"type":0},"stream_id":-1,"subscribe_list":[{"appendix":"4|2","desc":"","h5_link":"http://sa.sogou.com/sgsfe/aw/sgs_subscribe/detail.html","id":"5e45cd0c56735303a0bab07fc4dc063a","name":"二胎","show_place":2,"source":4,"subscribe_num":12987,"tag":{"color":"5892f2","icon":"","tag_id":0},"type":1},{"appendix":"4|2","desc":"","h5_link":"http://sa.sogou.com/sgsfe/aw/sgs_subscribe/detail.html","id":"1348a2628f4cc236b35259fc8c375c4d","name":"靖江","show_place":2,"source":4,"subscribe_num":9834,"tag":{"color":"5892f2","icon":"","tag_id":0},"type":1},{"appendix":"4|2","desc":"","h5_link":"http://sa.sogou.com/sgsfe/aw/sgs_subscribe/detail.html","id":"3d4325a2b49c73eeb447c5e4da73a5b0","name":"彩礼","show_place":2,"source":4,"subscribe_num":18804,"tag":{"color":"5892f2","icon":"","tag_id":0},"type":1},{"appendix":"4|2","desc":"","h5_link":"http://sa.sogou.com/sgsfe/aw/sgs_subscribe/detail.html","id":"cd36f658f60ebd8934b21032aae84604","name":"育儿","show_place":2,"source":4,"subscribe_num":15630,"tag":{"color":"5892f2","icon":"","tag_id":0},"type":1}],"tag":{},"title":"微靖江：夫妻之间再增新矛盾：二胎跟谁姓?这个问题太难了..","tts":0,"type":2,"unlike_list":["不想看:二胎","不想看:靖江","不想看:育儿","内容重复","内容质量差","拉黑作者:热点深呼吸"],"video_type":0},{"account_img":"http://img04.sogoucdn.com/app/a/200863/avatar_20583_1528540223414","account_openid":"open_prod20583","appendix":"美食|卷心菜,炸鸡,薯条,凉拌,土豆泥,TAG_菜谱,|0|机智的鱿鱼丝|推荐|42|open_prod20583||19|18|9|-1|,,|1570350087|51|-1|-1|821902563048262f2aecc10739c79594:卷心菜,bbe98409457ee650ca5c9f5f1a5895af:炸鸡,ae5115b2a486a51efc64a75c8561f317:薯条,8f688f563da65ac9858e854701effff8:美食,|80.113.225.15|feed guarantee|1|1|open_doc_prod11385449||||20|3||-1|-1|0;0;11:10;0.417642|open_doc_prod11385449|,","basic_type":9,"doc_id":"open_doc_prod11385449","gid":"open_doc_prod11385449","img_list":["https://img01.sogoucdn.com/v2/thumb/crop/xy/ai/w/750/h/422/t/0/retype/q/80/ext/auto?appid=200576&url=http%3A%2F%2Fimg03.sogoucdn.com%2Fapp%2Fa%2F200863%2Fimage_20583_1570350083215"],"keyword_tag":{"appendix":"4|2","desc":"","h5_link":"http://sa.sogou.com/sgsfe/aw/sgs_subscribe/detail.html","id":"821902563048262f2aecc10739c79594","name":"卷心菜","show_place":2,"source":4,"subscribe_num":10428,"tag":{"color":"5892f2","icon":"","tag_id":0},"type":1},"landing_link":"","link":"http://1400094915.vod2.myqcloud.com/3df4ea08vodtransgzp1400094915/5f78cf995285890794654159805/v.f20.mp4","open_link":"http://1400094915.vod2.myqcloud.com/3df4ea08vodtransgzp1400094915/5f78cf995285890794654159805/v.f20.mp4","open_type":2,"pub_source":"机智的鱿鱼丝","pub_time":1570707402,"read_num":14264,"related_number":{"count":14264,"is_support":false,"meaning":"播放","support_num":0,"type":2},"stream_id":-1,"subscribe_list":[{"appendix":"4|2","desc":"","h5_link":"http://sa.sogou.com/sgsfe/aw/sgs_subscribe/detail.html","id":"821902563048262f2aecc10739c79594","name":"卷心菜","show_place":2,"source":4,"subscribe_num":10428,"tag":{"color":"5892f2","icon":"","tag_id":0},"type":1},{"appendix":"4|2","desc":"","h5_link":"http://sa.sogou.com/sgsfe/aw/sgs_subscribe/detail.html","id":"bbe98409457ee650ca5c9f5f1a5895af","name":"炸鸡","show_place":2,"source":4,"subscribe_num":7968,"tag":{"color":"5892f2","icon":"","tag_id":0},"type":1},{"appendix":"4|2","desc":"","h5_link":"http://sa.sogou.com/sgsfe/aw/sgs_subscribe/detail.html","id":"ae5115b2a486a51efc64a75c8561f317","name":"薯条","show_place":2,"source":4,"subscribe_num":13446,"tag":{"color":"5892f2","icon":"","tag_id":0},"type":1},{"appendix":"4|2","desc":"","h5_link":"http://sa.sogou.com/sgsfe/aw/sgs_subscribe/detail.html","id":"8f688f563da65ac9858e854701effff8","name":"美食","show_place":2,"source":4,"subscribe_num":10857,"tag":{"color":"5892f2","icon":"","tag_id":0},"type":1}],"tag":{},"title":"国外女吃货，吃辣炸鸡+土豆泥+凉拌卷心菜+薯条，吃的特别香","tts":0,"type":11,"unlike_list":["不想看:卷心菜","不想看:炸鸡","不想看:美食","内容重复","内容质量差","拉黑作者:机智的鱿鱼丝"],"video_height":0,"video_size":37756660,"video_time":"11:10","video_type":1,"video_width":0,"watermark_img":"https://img04.sogoucdn.com/v2/thumb/resize/w/140/h/140/t/0/img_watermark/p/center?url=http%3A%2F%2Fimg03.sogoucdn.com%2Fapp%2Fa%2F200863%2Fimage_20583_1570350083215&appid=200576&comp_img=http%3A%2F%2Fimg03.sogoucdn.com%2Fapp%2Fa%2F200841%2Fplay_video1"},{"account_img":"http://img03.sogoucdn.com/app/a/200883/28bcbc9336ecc05e04b56d911d8eeb15","account_openid":"v.qq.com_86634963389d9c89a4fd0111e215a5f7","appendix":"时政|术后,KS_手术,KS_伤口,KS_孩子情绪,KS_医生,KS_国内社会,KS_国内社会,TAG_疾病,|0|澎湃视频|推荐|42|v.qq.com_86634963389d9c89a4fd0111e215a5f7||19|19|9|-1|,,|1568179010|51|-1|-1|35844d899686f77ec31efb37e17cbdf7:术后,f28247ee66fa8f9d6811f0c839f5b52a:手术,b46aba08b807a6713f4a0839a986cbda:伤口,f2cf022b85df8a118a562f55610971c7:时政,|80.113.225.15|feed guarantee|1|1|19911h043oMR05||||4|-1|2|-1|-1|-1|0;80;01:44;0.938608|,","basic_type":9,"doc_id":"19911h043oMR05","gid":"19911h043oMR05","img_list":["https://img01.sogoucdn.com/v2/thumb/crop/xy/ai/w/750/h/422/t/0/retype/q/80/ext/auto?appid=200576&url=http%3A%2F%2Fimg02.sogoucdn.com%2Fapp%2Fa%2F200883%2F30292b98e6d93518776ac177a2e534fc"],"keyword_tag":{"appendix":"4|2","desc":"","h5_link":"http://sa.sogou.com/sgsfe/aw/sgs_subscribe/detail.html","id":"35844d899686f77ec31efb37e17cbdf7","name":"术后","show_place":2,"source":4,"subscribe_num":11782,"tag":{"color":"5892f2","icon":"","tag_id":0},"type":1},"landing_link":"","link":"http://resource.yaokan.sogoucdn.com/videodown/4506/981/98d1183e3f67c92a57d32f7c6ce9e001.mp4","open_link":"http://resource.yaokan.sogoucdn.com/videodown/4506/981/98d1183e3f67c92a57d32f7c6ce9e001.mp4","open_type":2,"pub_source":"澎湃视频","pub_time":1570707402,"read_num":19309,"related_number":{"count":19309,"is_support":false,"meaning":"播放","support_num":0,"type":2},"stream_id":-1,"subscribe_list":[{"appendix":"4|2","desc":"","h5_link":"http://sa.sogou.com/sgsfe/aw/sgs_subscribe/detail.html","id":"35844d899686f77ec31efb37e17cbdf7","name":"术后","show_place":2,"source":4,"subscribe_num":11782,"tag":{"color":"5892f2","icon":"","tag_id":0},"type":1},{"appendix":"4|2","desc":"","h5_link":"http://sa.sogou.com/sgsfe/aw/sgs_subscribe/detail.html","id":"f28247ee66fa8f9d6811f0c839f5b52a","name":"手术","show_place":2,"source":4,"subscribe_num":5720,"tag":{"color":"5892f2","icon":"","tag_id":0},"type":1},{"appendix":"4|2","desc":"","h5_link":"http://sa.sogou.com/sgsfe/aw/sgs_subscribe/detail.html","id":"b46aba08b807a6713f4a0839a986cbda","name":"伤口","show_place":2,"source":4,"subscribe_num":16417,"tag":{"color":"5892f2","icon":"","tag_id":0},"type":1},{"appendix":"4|2","desc":"","h5_link":"http://sa.sogou.com/sgsfe/aw/sgs_subscribe/detail.html","id":"f2cf022b85df8a118a562f55610971c7","name":"时政","show_place":2,"source":4,"subscribe_num":15111,"tag":{"color":"5892f2","icon":"","tag_id":0},"type":1}],"tag":{},"title":"4岁患者术后哭闹，麻醉师抱起安抚","tts":0,"type":11,"unlike_list":["不想看:术后","不想看:疾病","内容重复","广告软文","拉黑作者:澎湃视频"],"video_height":270,"video_size":3139386,"video_time":"01:44","video_type":1,"video_width":480,"watermark_img":"https://img04.sogoucdn.com/v2/thumb/resize/w/140/h/140/t/0/img_watermark/p/center?url=http%3A%2F%2Fimg02.sogoucdn.com%2Fapp%2Fa%2F200883%2F30292b98e6d93518776ac177a2e534fc&appid=200576&comp_img=http%3A%2F%2Fimg03.sogoucdn.com%2Fapp%2Fa%2F200841%2Fplay_video1"}],"top_article":{"account_img":"","account_openid":"","appendix":"||33|新华网||1|||-1|-1|-1|-1||1570691450|-1|-1|-1||||0|-1||||||-1||-1|-1||4f001cac1fc56fe68067cc55b04dbbd6|","basic_type":0,"doc_id":"4f001cac1fc56fe68067cc55b04dbbd6","gid":"4f001cac1fc56fe68067cc55b04dbbd6","img_list":[],"link":"http://www.xinhuanet.com/world/2019-10/09/c_1125084583.htm","open_link":"http://www.xinhuanet.com/world/2019-10/09/c_1125084583.htm","open_type":0,"pub_source":"新华网","read_num":18177,"related_number":{"count":18177,"is_support":false,"meaning":"阅读","support_num":0,"type":0},"stream_id":0,"subscribe_list":[],"tag":{"color":"f75801","id":33,"text":"置顶"},"title":"为互利合作注入新动力 为互联互通开辟新空间","tts":0,"type":0,"unlike_list":[],"video_type":0},"top_articles":[{"account_img":"","account_openid":"","appendix":"||33|新华网||1|||-1|-1|-1|-1||1570691450|-1|-1|-1||||0|-1||||||-1||-1|-1||4f001cac1fc56fe68067cc55b04dbbd6|","basic_type":0,"doc_id":"4f001cac1fc56fe68067cc55b04dbbd6","gid":"4f001cac1fc56fe68067cc55b04dbbd6","img_list":[],"link":"http://www.xinhuanet.com/world/2019-10/09/c_1125084583.htm","open_link":"http://www.xinhuanet.com/world/2019-10/09/c_1125084583.htm","open_type":0,"pub_source":"新华网","read_num":18177,"related_number":{"count":18177,"is_support":false,"meaning":"阅读","support_num":0,"type":0},"stream_id":0,"subscribe_list":[],"tag":{"color":"f75801","id":33,"text":"置顶"},"title":"为互利合作注入新动力 为互联互通开辟新空间","tts":0,"type":0,"unlike_list":[],"video_type":0},{"account_img":"","account_openid":"","appendix":"||33|人民日报||1|||-1|-1|-1|-1||1570691450|-1|-1|-1||||0|-1||||||-1||-1|-1||7168d2010dea555960625b9f070be2b0|","basic_type":0,"doc_id":"7168d2010dea555960625b9f070be2b0","gid":"7168d2010dea555960625b9f070be2b0","img_list":[],"link":"https://wap.peopleapp.com/article/4668859/4552217?from=singlemessage","open_link":"https://wap.peopleapp.com/article/4668859/4552217?from=singlemessage","open_type":0,"pub_source":"人民日报","read_num":21908,"related_number":{"count":21908,"is_support":false,"meaning":"阅读","support_num":0,"type":0},"stream_id":0,"subscribe_list":[],"tag":{"color":"f75801","id":33,"text":"置顶"},"title":"没有任何力量能够阻挡中国人民和中华民族的前进步伐","tts":0,"type":0,"unlike_list":[],"video_type":0}]},"status":1}