{"@class":"com.beemray.honeypot.types.event.AudienceFulfillPlainResponse","list":[{"@class":"com.beemray.honeypot.types.event.match.AudiencePlainMatch","id":"1506482572461180496","place":{"@class":"com.beemray.honeypot.types.event.match.PlacePlainMatch","id":"1506482572457926581","title":"Zuidas"},"source":{"@class":"com.beemray.honeypot.types.event.match.SourcePlainMatch","id":"1506482569003579127","title":"CNN Edition"},"title":"Global Financial Districts"},{"@class":"com.beemray.honeypot.types.event.match.AudiencePlainMatch","id":"1506482572468814151","place":{"@class":"com.beemray.honeypot.types.event.match.PlacePlainMatch","id":"1506482572458060949","title":"Spa Sport Hotel Zuiver"},"source":{"@class":"com.beemray.honeypot.types.event.match.SourcePlainMatch","id":"1506482568885577280","title":"All traffic"},"title":"Spas/resorts"},{"@class":"com.beemray.honeypot.types.event.match.AudiencePlainMatch","id":"1506482577025366740","place":{"@class":"com.beemray.honeypot.types.event.match.PlacePlainMatch","id":"1506482577025358255","title":"EXOR N.V."},"source":{"@class":"com.beemray.honeypot.types.event.match.SourcePlainMatch","id":"1506482569003579127","title":"CNN Edition"},"title":"Invest India"},{"@class":"com.beemray.honeypot.types.event.match.AudiencePlainMatch","id":"1506482569039276160","place":{"@class":"com.beemray.honeypot.types.event.match.PlacePlainMatch","id":"1506482569059381715","title":"Amsterdam"},"source":{"@class":"com.beemray.honeypot.types.event.match.SourcePlainMatch","id":"1506482568885577280","title":"All traffic"},"title":"CNN -  Top50 Cities by Traffic"},{"@class":"com.beemray.honeypot.types.event.match.AudiencePlainMatch","id":"1506482572454787844","place":{"@class":"com.beemray.honeypot.types.event.match.PlacePlainMatch","id":"1506482569059381715","title":"Amsterdam"},"source":{"@class":"com.beemray.honeypot.types.event.match.SourcePlainMatch","id":"1506482569003579127","title":"CNN Edition"},"title":"Hotels in top 50 cities"}],"stand":{"@class":"com.beemray.honeypot.types.environment.Stand","currentInterests":[],"currentLabels":["","","",""],"deviceInfo":{"@class":"com.beemray.honeypot.types.environment.DeviceInfo","os":"WEB"},"executionTime":"2019-10-10 04:21:56","personalInterests":{"@class":"com.beemray.honeypot.types.environment.interest.PersonalInterests","list":[]},"personalStatuses":{"@class":"com.beemray.honeypot.types.environment.status.PersonalStatuses","list":[]},"userPlaceInfo":{"@class":"com.beemray.honeypot.types.homework.UserPlaceInfo","active":true,"personalPlaces":[{"@class":"com.beemray.honeypot.types.homework.PersonalPlaceInfo","active":true,"distanceTo":0,"hits":1,"lastvisit":1570706515,"lat":52.33,"lon":4.8845}],"state":[]}}}