{"localizedData":{"ctaText":"Contact us"},"customerType":"consumer","messagingState":{"windowState":"docked","conversationExists":false},"uiPolicy":{"id":14,"name":"adminconsole","loadDelay":0,"showCTA":false,"openMessagingWindow":true,"ctaStyleOverride":"none","wndStyleOverride":"none","yOffset":0,"ctaFadeInDelay":0,"ctaFadeOutDelay":0,"ctaTransparency":0,"showButtonAfterClose":true,"showDotAfterClose":false,"wndType":"docked"},"releaseControl":{"showLegacy":false,"showAdobeMessaging":true,"adobeMessagingClientURL":"https://ui.messaging.adobe.com/2.6.4/index.html","floodgateData":null},"uiFallbackLocale":"en_US","agentFallbackLocale":"en_US","userProfileInfo":null,"cookieGuid":"08fc558f-2147-4ed7-b922-3b9a6b34f9fa","showPopUp":false,"popUpLoadDelay":0,"enterpriseTeamLocale":null,"appId":"homepage_loggedout_default","ipAddress":"85.146.78.98","agentAvailable":true}