{ "locale": { "country": "nl", "attr": "nl-NL", "textDirection": "ltr" }, "localeswitcher": { "name": "localeswitcher", "metadata": {}, "displayIndex": 1, "copy": { "name": "copy", "metadata": {}, "displayIndex": 0, "value": "Kies een ander land of andere regio als je de content voor jouw locatie wilt zien en online wilt shoppen.", "path": "ac-localeswitcher.localeswitcher.localeswitcher.copy" }, "continue": { "name": "continue", "metadata": {}, "displayIndex": 1, "value": "Ga door", "path": "ac-localeswitcher.localeswitcher.localeswitcher.continue" }, "exit": { "name": "exit", "metadata": { "duration": "30", "dismiss": "1" }, "displayIndex": 2, "value": "Stop", "path": "ac-localeswitcher.localeswitcher.localeswitcher.exit" }, "select": { "name": "select", "metadata": {}, "displayIndex": 0, "suggestion1": { "name": "suggestion1", "metadata": {}, "displayIndex": 0, "value": "Nederland", "path": "ac-localeswitcher.localeswitcher.localeswitcher.select.suggestion1" }, "choose": { "name": "choose", "metadata": { "url": "/choose-country-region/" }, "displayIndex": 1, "value": "Kies je land of regio", "path": "ac-localeswitcher.localeswitcher.localeswitcher.select.choose" } } } }
