{"eligible":false,"sys":{"links":{"jsBaseUrl":"https://www.paypalobjects.com/web/res/c51/ccba0fe9e0e4b8c885389719a80c2/js","cssBaseUrl":"https://www.paypalobjects.com/web/res/c51/ccba0fe9e0e4b8c885389719a80c2/css","templateBaseUrl":"https://www.paypalobjects.com/web/res/c51/ccba0fe9e0e4b8c885389719a80c2/templates/NL/nl","resourceBaseUrl":"https://www.paypalobjects.com/web/res/c51/ccba0fe9e0e4b8c885389719a80c2","originalTemplateBaseUrl":"https://www.paypalobjects.com/web/res/c51/ccba0fe9e0e4b8c885389719a80c2/templates"},"pageInfo":{"date":"Oct 10, 2019 04:26:42 -07:00","hostName":"rZJvnqaaQhLn/nmWT8cSUm+72VQ7inHL0yhSwkqZImDq+IZ/irhzqwDdxWSD6Ygg","rlogId":"rZJvnqaaQhLn%2FnmWT8cSUueWscmrtUHe5LWM5cxQyaW9qyGyUxB5zlE%2FB8csv4twXiiViP6QjH20JoIBpIGXow_16db56bc5d3","script":"node","debug":null},"locality":{"timezone":{"determiner":"viaCowPrimary","value":"Europe/Berlin"},"country":"NL","locale":"nl_NL","language":"nl","directionality":"ltr"},"tracking":{"fpti":{"name":"pta","jsURL":"https://www.paypalobjects.com","serverURL":"https://t.paypal.com/ts","dataString":"pgrp=smartchatnodeweb%2Fpublic%2Ftemplates%2F.dust&page=smartchatnodeweb%2Fpublic%2Ftemplates%2F.dust&pgst=1570706802131&calc=da496e6fdbce&rsta=nl_NL&pgtf=Nodejs&env=live&s=ci&ccpg=NL&csci=b8caea906ba84c32a247fa10462ecddd&comp=smartchatnodeweb&tsrce=mppnodeweb&cu=0&gacook=753350427.1570706794&ef_policy=gdpr_eu&c_prefs=T%3D1"}}}}