{"response": {
"edge-country-code" : "528",
"edge-region-code" : "3966",
"mobile-carrier-code" : "0",
"mcc" : "0",
"edge-region" : "nh",
"edge-postal-conf" : "90",
"edge-postal-code" : "1083 aa",
"edge-country-conf" : "99",
"edge-region-conf" : "99",
"edge-gmt-offset" : "+200",
"edge-timezone-name" : "europe/amsterdam",
"edge-country" : "nld",
"edge-city" : "amsterdam",
"edge-city-conf" : "95",
"edge-longitude" : "4.89085",
"mnc" : "0",
"mobile-carrier" : "?",
"ip" : "80.113.225.15",
"edge-two-letter-country" : "nl",
"edge-metro-code" : "-1",
"edge-continent-code" : "5",
"edge-city-code" : "1718",
"edge-area-codes" : "?",
"edge-latitude" : "52.3226",
"edge-in-dst" : "y",
"edge-conn-speed" : "broadband"
}}
