{"data":[{"displayType":0,"multiData":[{"id":1,"pcm":"101.10662_620_618933.1_189.1","type":189,"scm":"1020.s000a.v1.v1","title":"烟花树上孔雀开屏","url":"https://m.sohu.com/promotion?link=KlJG1Nc36HVDVmZjNvGFCGuRLzuteE5WiAO4icaFojRSvL%2ByzmmACMYFnrg6wOYCsvjRZStOFRQjFMK7ibH83%2FfGS1C9mLh0YoAGzOlolf9Yv6GuhSLYmJITXmLfKhXPxx9dUjsZKey1Q18zNQc2dHWLH2auPRJ0zHqUBDtKJ%2BsEayyEwBlhY8uxt48yKo2pQy9GADCITqdh8wf1178fhInp2bwIaBf2lB4nVSAwsWT3S5IWBvqnB3siVIDYZXesNvtUh8jurC4pTR%2BryQZHWyNJcj5I%2F%2FXpTiRZdXgT9jwyIxVyGTOyg7zy3UWhHsPO1%2FsdGXQ5LbRTpfpzPz5uUw%3D%3D&scm=1020.s000a.v1.v1&pcm=101.10662_620_618933.1_189.1","pcmD":"1","resourceType":2},{"id":2,"pcm":"101.10662_620_618933.2_189.2","type":189,"scm":"1020.s000a.v1.v1","title":"美国将对欧盟征税","url":"https://m.sohu.com/promotion?link=Uo4lXeSSNaAVndgtRhONThD6qmynFk73t3l5%2Bxnq2OHXdJbmQWHAplX1%2Fs%2BVriwhH1DIoLhGK9o10ufn8JKR3XlVomhFxX5oUelC9AatcmHqGNwdNupzd%2FAc2yTbIASPXKzCYwlWuUBk6BCKL%2FdSkiaNBTzZ9ILb2OxlsYq9g7JMvlTifRD6FbeGO6oyTUIvVfrobHhVyUzjOCSFWXZ8I%2FE3sNyzBGwUafgqKqLH3P4GJTmAJPih%2FFPfcXippBaYwGrPslqEdS0VeF48Hd4%2FhycOVCeHMcSZ5CwHl8VB4eqr9CYBZM0HH4IZlblK8azLfkH7NP9Kw8UIEPxX0mPOPg%3D%3D&scm=1020.s000a.v1.v1&pcm=101.10662_620_618933.2_189.2","pcmD":"2","resourceType":2},{"id":3,"pcm":"101.10662_620_618933.3_189.3","type":189,"scm":"1020.s000a.v1.v1","title":"iphone11","url":"https://m.sohu.com/promotion?link=VFxhfPucoRjr2OnHLQQFnHPCUKhU5XAPhvdR9taxs%2FznPdJTGtDTnFteewq61rnrr9gJr%2FPqrkWD0%2BUSJe8D1QiXyE51QgirlqOraaD7JAWhZKFZ2DMSY8Edjm6b8YU9IH9lyqaJQQPDIOh8cTPc2e2MQDWBKMpeLgXw0oTtY70a%2BymjX9d3aXBhvaoBphCZg%2Fzo4BLTAt4AIVf8F3e91KWYeZrPwJr4NPnY8O5RUAGm%2Ff4Cqd5Ou4QYnrLc2hw5bw1dR302aOVJKAKo2fn5fe6mYIc22w3FgQyye9WSyKz7NBSIWAiU6EnBIFHkLmqT%2FdIXzCcWitE4srZLOYHw7w%3D%3D&scm=1020.s000a.v1.v1&pcm=101.10662_620_618933.3_189.3","pcmD":"3","resourceType":2},{"id":4,"pcm":"101.10662_620_618933.4_189.4","type":189,"scm":"1020.s000a.v1.v1","title":"杨超越看秀造型","url":"https://m.sohu.com/promotion?link=akMEC6g7dRQkPJYnHacLcE0xJQpufH6Q4xPRT1dNkFRNUxQAtiLPTXeV8Tfxsj7w1MZdmuDgBFfQkJzKYUS1EY6OeikxMW0QnOiQxpTRGEiGA%2BI6dp1%2FBWbG3apspjnAgwC%2F2188NzUyobQpQ7sLc6y5rL2K%2BJ9bRYc0878K0KI6E%2Bu1ZDayoLuJyef9ACgYrPxuijp3gmxeuTwtnGPAt8zr2nDHfAy8QmkPvwvSZI0X7l7Ltaqp%2BM%2F6%2Ba3JV%2BvbhFIPTCj3Ia0mwE1caCnZD9%2BPt%2FBfFTvJvERatorYWZIVt%2FTsy01h8LKB9QVG8Dlg%2B7Z1de6nAj1cUfM%2BadnDzw%3D%3D&scm=1020.s000a.v1.v1&pcm=101.10662_620_618933.4_189.4","pcmD":"4","resourceType":2},{"id":5,"pcm":"101.10662_620_618933.5_189.5","type":189,"scm":"1020.s000a.v1.v1","title":"鳄鱼胃内百枚硬币","url":"https://m.sohu.com/promotion?link=ehaZhHDtUVUS24ZZe%2FKFCQCvCo62qL7WIbcwDltTejR34tnpVBgOVC8xGTYxJ2DgWDHCbDCgk%2F%2Fs98UDAvDkeRlEYwU%2BT7tXG2xhTFiY2CWpiBLlOaXY86DguebxYNIadPtFk3Lw1RlISapZ8h8YnMLxlQHcab%2B1P51zbAqjr5ptP5urMLZd6jze%2BhpnJ7FjdhgrGdBX7zsEZHZHv6p6voB3YIcwjYFWx7qBgJeGsCrZp6JuYa7U091MyJo7O1KA2yftSQeYIhnR%2BCkggtbQb3oiftO6miY4tz4aaYCcr3MuNQAatJG74zo6BRAZldHuHiUO8qBEwHTIUW%2FnlMnVEw%3D%3D&scm=1020.s000a.v1.v1&pcm=101.10662_620_618933.5_189.5","pcmD":"5","resourceType":2},{"id":6,"pcm":"101.10662_620_618933.6_189.6","type":189,"scm":"1020.s000a.v1.v1","title":"新脱欧方案公布","url":"https://m.sohu.com/promotion?link=ftupd%2BBAeuE6%2FzAeI%2BFHrj8Tu3LP00LvCsbkTfLxlOShqgik8V%2FLfpxlLQtqkDyFApTgxToZ91d81am67cFgxy6nGCPZcyynM%2Bdc%2BDL5LeNE3QHVv1rM17iiYp1Kw8R8wkRtRvPp7hcc81pDyeDEqwW1S3mxfsI16Jrtkngs4TEv6f2mc44T1TxHfnF%2BmiQxSmxU3cZGpYghyZwn3ioUZwBluXJAxhJq4QQtEc5Q%2BaH1ZCnLHfhZ3hN2Y8RQS56MG4FX9a%2B0smbWXgJ%2Bm83lcq0XWk1p3XqPicoCQO8ptb1mZQMz33nOYUub%2Bz2Y2p7P28uXYM4Cw5%2Fn0nTSn08%2BIQ%3D%3D&scm=1020.s000a.v1.v1&pcm=101.10662_620_618933.6_189.6","pcmD":"6","resourceType":2}],"multiple":true,"from":"rms","location":1,"id":620,"processMode":1,"type":23,"resourceType":2}],"message":"success","status":0}