{
  "name": "Яндекс",
  "short_name": "Яндекс",
  "start_url": "/?from=homescreen",
  "display": "browser",
  "background_color": "#FFFFFF",
  "icons": [{
    "src": "https://yastatic.net/morda-logo/i/logo-single/192x192_ru_v2.png",
    "sizes": "192x192",
    "type": "image/png"
  }, {
    "src": "https://yastatic.net/morda-logo/i/logo-single/256x256_ru_v2.png",
    "sizes": "256x256",
    "type": "image/png"
  }, {
    "src": "https://yastatic.net/morda-logo/i/logo-single/384x384_ru_v2.png",
    "sizes": "384x384",
    "type": "image/png"
  }, {
    "src": "https://yastatic.net/morda-logo/i/logo-single/512x512_ru_v2.png",
    "sizes": "512x512",
    "type": "image/png"
  }],
  "chrome_related_applications": [{
    "platform": "web"
  }]
}
