{"recommand":[{"streams":[137794],"contentStreams":[{"display":1,"id":137794,"index":1,"name":"直播","roomId":131386,"template":0}],"id":131386,"abstract":"世预赛 中国VS关岛。\r\n            ","away_team_name":"关岛","away_team_score":0,"begin_time":1570708800,"end_time":1570717800,"home_team_name":"中国男足","home_team_score":0,"icon":"http://s7.rr.itc.cn/org/wapChange/20139_6_10/b5mhtw3765932534340.png","is_accumulated_online":false,"is_against":true,"live_id":75639,"name":"世预赛:国足VS关岛","onlines":378,"sid":191010200131386,"alias_name":"世预赛:国足VS关岛","recommand":true,"originalName":"中国男足 VS 关岛","showStatus":0,"showStatusStr":"即将开始"}],"living":0,"total":10}