{"nonIabVendorList":[{"vendorId":2,"pCode":"3aud4J6uA4Z6Y","name":"Facebook","description":"Allow Facebook and their technology partners to collect data and use cookies for ad personalisation and measurement.","privacyPolicyUrl":"https://www.facebook.com/policy.php"},{"vendorId":1,"pCode":"3aud4J6uA4Z6Y","name":"Amazon","description":"Allow Amazon and their technology partners to collect data and use cookies for ad personalisation and measurement.","privacyPolicyUrl":"https://www.amazon.com/gp/help/customer/display.html/ref=asus_gen_not?ie=UTF8&nodeId=468496&ld=NSGoogle"},{"vendorId":3,"pCode":"3aud4J6uA4Z6Y","name":"Twitter","description":"Allow Twitter and their technology partners to collect data and use cookies for ad personalisation and measurement.","privacyPolicyUrl":"https://twitter.com/privacy"}],"updateAt":"2019-08-05T19:20:54.721790Z","nonIabVendorsHash":"9CBB64F1B041D3A846BD7CE293EDF956"}