{"publisherVendorsVersion":1,"version":1,"globalVendorListVersion":165,"updatedAt":"2019-09-13T16:30:08.338595Z","vendors":[{"id":246},{"id":245},{"id":244},{"id":243},{"id":242},{"id":241},{"id":240},{"id":239},{"id":254},{"id":253},{"id":252},{"id":251},{"id":250},{"id":249},{"id":248},{"id":262},{"id":261},{"id":260},{"id":259},{"id":258},{"id":257},{"id":256},{"id":255},{"id":270},{"id":269},{"id":268},{"id":266},{"id":265},{"id":264},{"id":263},{"id":214},{"id":213},{"id":212},{"id":211},{"id":210},{"id":209},{"id":208},{"id":221},{"id":218},{"id":217},{"id":216},{"id":215},{"id":230},{"id":229},{"id":228},{"id":227},{"id":226},{"id":225},{"id":224},{"id":223},{"id":238},{"id":237},{"id":236},{"id":235},{"id":234},{"id":232},{"id":231},{"id":182},{"id":180},{"id":179},{"id":178},{"id":177},{"id":175},{"id":190},{"id":189},{"id":188},{"id":185},{"id":184},{"id":183},{"id":198},{"id":197},{"id":196},{"id":195},{"id":194},{"id":193},{"id":192},{"id":191},{"id":206},{"id":205},{"id":203},{"id":202},{"id":201},{"id":200},{"id":199},{"id":150},{"id":149},{"id":148},{"id":147},{"id":145},{"id":144},{"id":143},{"id":158},{"id":157},{"id":156},{"id":155},{"id":154},{"id":153},{"id":152},{"id":151},{"id":165},{"id":164},{"id":163},{"id":162},{"id":161},{"id":160},{"id":159},{"id":174},{"id":173},{"id":171},{"id":170},{"id":169},{"id":168},{"id":167},{"id":374},{"id":373},{"id":371},{"id":369},{"id":368},{"id":382},{"id":381},{"id":380},{"id":378},{"id":377},{"id":376},{"id":375},{"id":390},{"id":389},{"id":388},{"id":387},{"id":385},{"id":384},{"id":398},{"id":397},{"id":395},{"id":394},{"id":392},{"id":341},{"id":340},{"id":339},{"id":338},{"id":337},{"id":336},{"id":335},{"id":350},{"id":349},{"id":347},{"id":346},{"id":345},{"id":344},{"id":343},{"id":358},{"id":357},{"id":354},{"id":351},{"id":366},{"id":365},{"id":362},{"id":361},{"id":360},{"id":359},{"id":310},{"id":308},{"id":304},{"id":303},{"id":318},{"id":317},{"id":316},{"id":315},{"id":314},{"id":312},{"id":311},{"id":326},{"id":325},{"id":323},{"id":321},{"id":320},{"id":319},{"id":334},{"id":333},{"id":331},{"id":330},{"id":329},{"id":328},{"id":278},{"id":277},{"id":276},{"id":275},{"id":274},{"id":273},{"id":272},{"id":285},{"id":284},{"id":282},{"id":281},{"id":280},{"id":279},{"id":294},{"id":291},{"id":290},{"id":289},{"id":288},{"id":287},{"id":302},{"id":301},{"id":299},{"id":298},{"id":297},{"id":295},{"id":502},{"id":501},{"id":500},{"id":499},{"id":498},{"id":497},{"id":496},{"id":495},{"id":509},{"id":508},{"id":507},{"id":506},{"id":505},{"id":504},{"id":518},{"id":517},{"id":516},{"id":515},{"id":514},{"id":513},{"id":512},{"id":511},{"id":525},{"id":524},{"id":523},{"id":522},{"id":521},{"id":520},{"id":519},{"id":469},{"id":468},{"id":467},{"id":466},{"id":465},{"id":464},{"id":478},{"id":476},{"id":475},{"id":474},{"id":473},{"id":471},{"id":486},{"id":484},{"id":482},{"id":480},{"id":479},{"id":494},{"id":493},{"id":492},{"id":491},{"id":490},{"id":489},{"id":488},{"id":487},{"id":438},{"id":436},{"id":435},{"id":434},{"id":431},{"id":444},{"id":443},{"id":442},{"id":440},{"id":439},{"id":454},{"id":452},{"id":450},{"id":449},{"id":448},{"id":447},{"id":462},{"id":461},{"id":459},{"id":458},{"id":455},{"id":405},{"id":404},{"id":403},{"id":402},{"id":400},{"id":413},{"id":412},{"id":410},{"id":409},{"id":408},{"id":407},{"id":422},{"id":421},{"id":418},{"id":416},{"id":415},{"id":430},{"id":429},{"id":428},{"id":427},{"id":426},{"id":425},{"id":424},{"id":423},{"id":630},{"id":628},{"id":627},{"id":626},{"id":625},{"id":624},{"id":623},{"id":638},{"id":635},{"id":631},{"id":646},{"id":645},{"id":644},{"id":639},{"id":654},{"id":653},{"id":652},{"id":650},{"id":648},{"id":647},{"id":598},{"id":597},{"id":596},{"id":593},{"id":592},{"id":591},{"id":606},{"id":604},{"id":602},{"id":601},{"id":599},{"id":614},{"id":613},{"id":612},{"id":610},{"id":609},{"id":608},{"id":607},{"id":621},{"id":620},{"id":619},{"id":618},{"id":617},{"id":615},{"id":565},{"id":560},{"id":559},{"id":574},{"id":573},{"id":572},{"id":571},{"id":570},{"id":569},{"id":568},{"id":581},{"id":580},{"id":579},{"id":578},{"id":577},{"id":576},{"id":590},{"id":587},{"id":584},{"id":534},{"id":531},{"id":530},{"id":529},{"id":528},{"id":527},{"id":542},{"id":541},{"id":540},{"id":539},{"id":537},{"id":536},{"id":535},{"id":550},{"id":549},{"id":548},{"id":547},{"id":546},{"id":545},{"id":544},{"id":543},{"id":556},{"id":554},{"id":553},{"id":551},{"id":662},{"id":660},{"id":659},{"id":658},{"id":657},{"id":656},{"id":655},{"id":670},{"id":668},{"id":667},{"id":666},{"id":665},{"id":663},{"id":677},{"id":676},{"id":675},{"id":674},{"id":6},{"id":4},{"id":3},{"id":2},{"id":1},{"id":14},{"id":13},{"id":12},{"id":11},{"id":10},{"id":9},{"id":8},{"id":7},{"id":118},{"id":115},{"id":114},{"id":113},{"id":112},{"id":111},{"id":126},{"id":125},{"id":124},{"id":122},{"id":120},{"id":119},{"id":134},{"id":133},{"id":132},{"id":131},{"id":130},{"id":129},{"id":128},{"id":127},{"id":142},{"id":141},{"id":140},{"id":139},{"id":138},{"id":137},{"id":136},{"id":86},{"id":85},{"id":84},{"id":83},{"id":82},{"id":81},{"id":80},{"id":79},{"id":94},{"id":93},{"id":92},{"id":91},{"id":90},{"id":89},{"id":88},{"id":87},{"id":102},{"id":101},{"id":100},{"id":98},{"id":97},{"id":95},{"id":110},{"id":109},{"id":108},{"id":105},{"id":104},{"id":53},{"id":52},{"id":51},{"id":50},{"id":49},{"id":48},{"id":47},{"id":62},{"id":61},{"id":60},{"id":59},{"id":58},{"id":57},{"id":56},{"id":55},{"id":70},{"id":69},{"id":68},{"id":67},{"id":66},{"id":65},{"id":64},{"id":63},{"id":78},{"id":77},{"id":76},{"id":75},{"id":74},{"id":73},{"id":72},{"id":71},{"id":22},{"id":21},{"id":20},{"id":19},{"id":18},{"id":17},{"id":16},{"id":15},{"id":30},{"id":29},{"id":28},{"id":27},{"id":26},{"id":25},{"id":24},{"id":23},{"id":38},{"id":37},{"id":36},{"id":35},{"id":34},{"id":33},{"id":32},{"id":31},{"id":46},{"id":45},{"id":44},{"id":43},{"id":42},{"id":41},{"id":40},{"id":39}],"blockedVendorsHash":"D41D8CD98F00B204E9800998ECF8427E"}