{"data":[{"displayType":0,"multiData":[[{"id":1,"pcm":"101.11719_694_620056.1_189.1","type":189,"scm":"1020.s000a.v1.v1","title":"运营商 5G套餐","url":"https://m.sohu.com/promotion?link=EkkWQEnNC8bLtxg93xbW1RqDECHWDmvuVgHdUJ5De7h2sXbRK5BWyN1OVtV48ijic49lJhfrBfDZgGfTrBzu7sDXQ6t4KMxQxqORFscX%2BLX%2FGMEjxirlS%2Bg%2FLQaegtrqcnHcP5YyeJLtWHPhK4hc7EIxD%2F%2BBeuHXdxQJOyPuE1tOYXgwyOqo9HtCQ6l9fP4BKz%2FKpFAIHgqH3NzBJN9O7oX64z20OdWpEa7XknZG4X6Ue6vb%2FlGMzuGeJUg46d4l4dAi7Bm5GQn3JtbHo%2BQvlCcN3vSwxG67Wp1awipynkh%2FAQEe2ehAFNqXHR3CuM%2F45mv4IzAPLpZgAe%2BFSbtB0w%3D%3D&scm=1020.s000a.v1.v1&pcm=101.11719_694_620056.1_189.1","pcmD":"1","resourceType":2},{"id":4,"pcm":"101.11719_694_620056.4_189.4","type":189,"scm":"1020.s000a.v1.v1","title":"456棋牌","url":"https://m.sohu.com/promotion?link=PzLfjAbCzeQycDPeORGROam%2FYpjQD0SAe%2FQ9yTknHfo5kdeyvpVMzQ9VqrQqlUuRk7CsbMBFGIMAIAhc%2F8vG8W1DtTa3rXVM%2BhoktNI3nsMRZRDL0c4n9E6hXy8Gu2ydJdjvyFNQqJL0vzvniTovfaIkWneyImfKDsJNG%2FMaDrATKRaNlN2JPALyDsNHLLSCwJEV%2BNx7vckDTV94mA8mWob7M2MhALpNdpJb1SdL%2FbNowuP386osVilZCFWw9lCkXckMn32J%2BsK%2FldxFRywxbzWXdSY4q8iscWNkIaxvQf%2FOXSEm56Hv9fH%2FKgD6FA9N1RXNgJkZ8kO5nWWotMZW7A%3D%3D&scm=1020.s000a.v1.v1&pcm=101.11719_694_620056.4_189.4","pcmD":"4","resourceType":2},{"id":5,"pcm":"101.11719_694_620056.5_189.5","type":189,"scm":"1020.s000a.v1.v1","title":"烟花树上孔雀开屏","url":"https://m.sohu.com/promotion?link=Db3YVrMhFsMEFYfeHWer%2FLlSDe8lo3UHzPs9kpd3hkmSMKHApLcFvZ6TJdkzRLywxrHiUw%2FJQZEHcyDfMhHc01lGHdCht%2FcSe2pMatTbhWSnAc65iDUNk%2Bwm3R2bCpaBfeKpCXz5%2F7ehFgVG02D6dFg%2Bm4MXtbDsOvexOAiwFlkrahe95IHrf5CeqqLt1QA4tiYG%2BwRkGjOTV%2BJZza08eB%2Fn%2FSH2qMLWu0DthsSyatDqweQVJnBOAlaPXBw3WdMt%2BKMg207U0K2RotMD2nXZ2sNg6NsQBl%2Bu%2Fmtf11KnS2O2wj84WHiCe6jSS5q1lWjLT2dKg9mV%2Br0voJ8ACJe41w%3D%3D&scm=1020.s000a.v1.v1&pcm=101.11719_694_620056.5_189.5","pcmD":"5","resourceType":2},{"id":7,"pcm":"101.11719_694_620056.7_189.7","type":189,"scm":"1020.s000a.v1.v1","title":"即刻棋牌","url":"https://m.sohu.com/promotion?link=gNEU8LU7aG%2BrkLcyLfyKXtPew5PxNzMAdnFEShI0xSl%2FdIvJNcKcnWRGbdQBleDguFE1oxigsagV%2B1%2Bgenm0Z7ogWUCzQiVE63DQRy5%2BRSXrWjQhdK03VGvbNRGAH6s%2BmZtFS1GJxiuZIFP1kDhp9vFz0Xrvg5626QmXarnMsfMskA%2FXe%2BvXLfSUVau9QJegaOd2dyPsFqeeJ4NtAIWtkbJCcDXDDsf%2F73MBUe3IFRU8cepsWmh9nyLxlEdMWQmdFbtNYU4c8KiJwhmbKpD5UaC1zaaRwr7LX16ufpbrQnfadRCrdnOozT2TZCHSqfFFzc5xp8ohGHsnEe7%2Fi9wObQ%3D%3D&scm=1020.s000a.v1.v1&pcm=101.11719_694_620056.7_189.7","pcmD":"7","resourceType":2},{"id":9,"pcm":"101.11719_694_620056.9_189.9","type":189,"scm":"1020.s000a.v1.v1","title":"70响礼炮响彻云霄","url":"https://m.sohu.com/promotion?link=T7oK%2BtCvRsdxTfnYdseeKeHnCpa%2FIN8yJv%2FugYW2J%2FG3NJ8ldrL6LeeAJEeNcKLo3RltUAoD03M%2Frw9Pa9DQ34qpy2ANB84hcGzmSgGhoNriO71ts%2BFVCUvcJX4w2P0Kp9gdN5igoEWlvNnv7hJNHRx%2Fb%2B8XA7XYbcDGxRMWHoh8zKanJQxk%2BP%2B2n7SCPoVKbnCVeJGs7rWtiW%2F5QX3myisMc4OAwU8ZQ8I77t%2Fa5ZYVYNeMRV7l5LS9%2FkOrjL17RUlkJI9Fr7QzCzZV4uzd7pbWgalxcPM%2FElhTO8JABL4zIrC9PznlSTtoZOc4MwjIWmvqq0dZ3StCX7%2FZe2o18A%3D%3D&scm=1020.s000a.v1.v1&pcm=101.11719_694_620056.9_189.9","pcmD":"9","resourceType":2},{"id":11,"pcm":"101.11719_694_620056.11_189.11","type":189,"scm":"1020.s000a.v1.v1","title":"华为手机价格大全","url":"https://m.sohu.com/promotion?link=d6Xn29r20rExhvVoJ2n4Os1rV%2FeUC5c2lLWaLsoPr%2FHtGaJLR8AuKS61KCjFWDoQ2J0ytQelh0Uu%2BP1kliepFs7PVIyIIKC8P0XpNoa7oJ92gd%2BksiuE2FJkgxeAwC%2FFBDq2CO%2FTIYFND%2FP3qcfRWgZqdeUFa5df%2BNYQK5FLojlP77T0ESE8y1VCJjPUhEzeYI%2BoTe1MyHWdOv9%2Bl2TkJ5JKLAk0DYDL5pXVCnAtw4q1%2BlIgLRd4eP68p7wyOPMwBx25fqXk6NGhqLpeohvuUUF3kQY2HOlfVmiDUp%2BedhWdNjBx64qANT%2BwCcYyOo8cj3F%2Fw9675ucqLqN0pSNtcw%3D%3D&scm=1020.s000a.v1.v1&pcm=101.11719_694_620056.11_189.11","pcmD":"11","resourceType":2},{"id":14,"pcm":"101.11719_694_620056.14_189.14","type":189,"scm":"1020.s000a.v1.v1","title":"中国机长票房夺冠","url":"https://m.sohu.com/promotion?link=gcO3groAC4kWUjibVmX32mYMHfUphaWZf0gr%2Fo3TvvUE%2BZTWRYhDBiHjkb0cpOewDgmslbqz6G9J5O%2BvhMLt26XlGBL0I6Tt72jWYgIzRSuRDIuW45oaMmRIpOS2CBoHKtWvVLZuU5LchtfBcKXO%2Fs3ewFcetxqnydbcycYY6ItYBSQUEclJjuZpwq8MdD7JOACJ%2F1OCoqFmTmF9C8IRaD3gcv3JLcDJL6w9DaSTIxBn0y9NyWrENMbfzp6%2FHyk5BU%2Bqs%2BACqo8ej7pyVyKCURHzBpBF4trsaBL0iawEecW0K6ZmxJIUjryvx8kfUBs7JRKZSfFtiSz00KdQkD57Og%3D%3D&scm=1020.s000a.v1.v1&pcm=101.11719_694_620056.14_189.14","pcmD":"14","resourceType":2},{"id":16,"pcm":"101.11719_694_620056.16_189.16","type":189,"scm":"1020.s000a.v1.v1","title":"大数据培训","url":"https://m.sohu.com/promotion?link=GcbMtxsPdxTyelK2q%2B6Co0Tp8UFdBOhz2tzeeRI6%2BkbD%2FTU3Vs7cksm9vOh0IQrncWOVooPGxDml%2FGuVCUpvGzE1r4qAA7cFhlZFtjuT6bn3hhijegfvYEQOIIDvkP02Y8ljU5iUcz%2FLPm9SxYn%2Bge%2BMUO0GHQU42a5%2FC7AL%2BIp0NwVVCurRUsYRJOGGpBODUnBvH0wD%2B35BgCoDS91bDByDsZcKdPljJS0EGrZ%2FtswE7XIYDo1NMJu2hghGv3NuAl752ClFK4CmcPHbIbcPd%2BMPvJXEbJJP4Zrz87bUCxH%2BPPPxLNBzW4%2BWksqIbVKo%2BaGLPYCyL000%2B4ekGpsSIA%3D%3D&scm=1020.s000a.v1.v1&pcm=101.11719_694_620056.16_189.16","pcmD":"16","resourceType":2},{"id":18,"pcm":"101.11719_694_620056.18_189.18","type":189,"scm":"1020.s000a.v1.v1","title":"震东济南棋牌","url":"https://m.sohu.com/promotion?link=KBZ35%2F%2B6d2aOXX03GZgJClbF5%2Fe%2BR1FRPMP7HEnwAb5YzS6WwBPxkBk9vWtDiOHMHaqMZPcnYw7yPoPZMxtvmHXjDxqais5LYHuDKkgm5qDEuvDu3rbAxGRcHxWehVJClpslwnaZbnx9O3A8%2BPvjHfTxjQzmW3q7rIM2AYU786Ar4FcMFf1t2U%2BnzWxO3RxnSIWNLkvz3it5BpAF2CCkcDgIg6VKDbZ7ph9D85GWNcGhWq%2BarantcoZkEYGC0HFV1QStpL2OhKqj2dZv7Fss%2FOy4XKJG9VytRAgHS7WGYOzuzaVrNmyMZ%2BxLKc0c7a1S0ek9NebktTJJJNmAP6OWbg%3D%3D&scm=1020.s000a.v1.v1&pcm=101.11719_694_620056.18_189.18","pcmD":"18","resourceType":2},{"id":20,"pcm":"101.11719_694_620056.20_189.20","type":189,"scm":"1020.s000a.v1.v1","title":"18岁时的黎姿","url":"https://m.sohu.com/promotion?link=WJtfuLBB7q9Wx25iydJZh4uMyXfGRPeTSQ202S32tE3rZTcGSghr%2FMquPiQeBf8aLIbBHYACXy6D%2BJ38v4odriPkT52%2BJJ4KdLFTVxlaRg4agQ5iS4LVbETepvgvhPv4FbrG6VOLo36rqsFhiVhamO45IZDy5rmwc%2BIvYK7c%2FSpmNtwk9fuLqNF48vW%2F%2FPXh3Mirvjn%2FqDlHHcHbZHjR7at8eJt8c9oYi%2BZ2CulEJqcjTt3CWnlb55r1mRAL3I%2FyF1FTGZavy4ppRlETQjF6F6Fn8G0UWPfMqNQ8l4BM%2FvHzMWnKaoGST9JovE2ST1RTcXXofOUtT3wxYab5ocSnZQ%3D%3D&scm=1020.s000a.v1.v1&pcm=101.11719_694_620056.20_189.20","pcmD":"20","resourceType":2},{"id":22,"pcm":"101.11719_694_620056.22_189.22","type":189,"scm":"1020.s000a.v1.v1","title":"516棋牌游戏中心","url":"https://m.sohu.com/promotion?link=GCsVInfyj30JgP86dO1dgdakgn9jT1fg73j%2BAVQRTHYhYROBHF7S%2BVz47SI7rbo0t4eBOp7Qe6uYudy78CpLDT4tT96WYPFSmhMJHhX4XvtQM%2FzW2MIv70F8CkEMNYgvc5q4xjY96%2Bj7erYBF%2FxSFUCTrENCg8YmNrJ8cIKz6NcuNYaYdVcXlJ056J8xUe%2FUgdm3cW1xHE7o6szrNcc%2BKb9cogidejm9rhEdq2APgZ2NcGMKEcbz3AE8mC3%2FN9y941ccAGA4hbcdJpFHoVUqPC4tIdDuWFXta3rAuLKBFIFltBCO0f2gB%2BkKSozXvpfvhTX5sLF9ZPqhsLGruqKEJw%3D%3D&scm=1020.s000a.v1.v1&pcm=101.11719_694_620056.22_189.22","pcmD":"22","resourceType":2},{"id":25,"pcm":"101.11719_694_620056.25_189.25","type":189,"scm":"1020.s000a.v1.v1","title":"oppo","url":"https://m.sohu.com/promotion?link=fXNZEmysAv%2BaGWqSei7xLOcY1UyQULiW8fdeqFeXPVcO8agGYD3uqzKqvwtCDdCCEzdgvttk%2FvKrcRcn884rUaSB%2ByiB5kYI%2FAt5zU4M8Gtd4xavJ7l1Rxkv445bE4qSi%2FUFAVEoKfGt9bWX8JK0QwkVCUvO513QWepsfppxReAoRDuKQfSfv60oUvT%2BX9Danw8RBYIKw14Za6AcHtdRvzTHxd7UWGbDQbDT0MvLALFGoGuYSxn%2FQN7DSJ3Fe92LPbda9Q0a6Bc8%2FGoT3NqvCsFcIZcgMCLfI8M3rhI%2Bs60ynGN3Op00pxZBS5lRYGxi6EWTrQ8mGavsv263GNZbxg%3D%3D&scm=1020.s000a.v1.v1&pcm=101.11719_694_620056.25_189.25","pcmD":"25","resourceType":2},{"id":26,"pcm":"101.11719_694_620056.26_189.26","type":189,"scm":"1020.s000a.v1.v1","title":"李安点名黄渤合作","url":"https://m.sohu.com/promotion?link=dJIrQQyqZDtA9AddKDO2YjWkF8CKPCbVipjDh49AVf1RFAhjH9EzVx0uq7dGx8BSr7%2FAXeS44dNN3F0Veuyz%2BPmpREkQSCnoAEJXOFdBfZXf2Wqy7WY1l6gpDhB2%2FkifJ0ECGM%2BIpsO3k%2Fxc5AF1aKaeoT%2Bq9%2BwEaN%2BsYhgmMPU%2F8MJZtSAMvCQ5m0TE10FUuQxQ%2BhGdKP3e6GDQtCDnnj0bz5wF4P%2BibjjHUdqePvA3yb7LKLIDBaxpZbgjq0P3xXokqIR4wWvDdGLw4bJCiJLk2ob51tnu%2BrLRqbC8gR9sqWLYNXdEDGJal9GjeCHCFBdHBRqXik3%2BEBzx%2BNvasA%3D%3D&scm=1020.s000a.v1.v1&pcm=101.11719_694_620056.26_189.26","pcmD":"26","resourceType":2},{"id":28,"pcm":"101.11719_694_620056.28_189.28","type":189,"scm":"1020.s000a.v1.v1","title":"女排世界杯11连胜","url":"https://m.sohu.com/promotion?link=Z9tqCkmXHnJBGX%2FvRlPUjo00zwEPMR0FWmhttYvZlyX6yVhkMwfypVOO2sJ7f7NcAshNwBOm0texfB9Zyp97Cuaqc4ayjGF4T%2B3my3%2BfcoRDg9vWFn8ygoKgzlMvaLhKNaBpqvMGMoCh7cMK4xhhIRj2pZo29aSdqRPD0d6a%2BeZtXsK4Zbd3vVJT5TKoocT5FAQQoA1ZlF1NQtQPn90sIrxD6TQA2MDPq8EmN9HZMUpiY7u7cIgAOG106YxvjQyyU%2Fn3of6Rx0HwMHc%2Fj4jG6Pkp%2FCQ4MTKJ%2BKZ78nFkYFadoOinUNJgwCWaUD2tTZPdtq9S41aBEFvosaezLQJI1Q%3D%3D&scm=1020.s000a.v1.v1&pcm=101.11719_694_620056.28_189.28","pcmD":"28","resourceType":2},{"id":30,"pcm":"101.11719_694_620056.30_189.30","type":189,"scm":"1020.s000a.v1.v1","title":"捕鱼游戏赢钱的","url":"https://m.sohu.com/promotion?link=TxoSqZ%2Fvmz14MytrpbEUMjIHckitUFs8CcYaKmfQV2rOAlQsR3Ms8rXPsBef6jM9n6f%2FBx3eoUhskQXan2RKQgW%2FwWFEIqcAJGlsmlhPuUVA94XJTsTiAyABA6EgGchuLdIb3em96ZHjvzjXz5jX9F5kEDVHYwZfnKvcZX0cjfAB55fi%2FZgFOLxKeUMLXLDJ2%2FwsR9xMcUvtOB3M%2BVYJWRSGCZFNAlzBMeiCjw5%2BXQE3Q7TCgvhJS4CrKmMMSGptRqBl1n8uRZciSPAvecdcn9pvg6I1f7wLXUEkA%2F%2Fzx6BsaGh7osepJAq%2Fp%2Bh%2FMYcfFfWcrxC%2BrPq%2B9voIiUIiHg%3D%3D&scm=1020.s000a.v1.v1&pcm=101.11719_694_620056.30_189.30","pcmD":"30","resourceType":2}],[{"id":2,"pcm":"101.11719_694_620056.2_189.2","type":189,"scm":"1020.s000a.v1.v1","title":"英王室年度大戏","url":"https://m.sohu.com/promotion?link=SHcrdhJYwTIl8urb9BakYzYBD%2BZpGLpAg1ybbqoLXJqReiF8C1I6L5bEYePIZUL%2BFd8pOWfYcuMgIJ13qny9RRWkmTcPE8C2QB3SccmnL0zVn8BjZIHjfc3wbJaK8lmgwWTpPsShwnpsgUU5UhCosjtweZNtAJ4g4P8DrcVzXjpVG%2FZCTEKQHeK%2FDPETlilE%2BAD2U8fYj1ZSQbw%2BkEUEER4bpyjovylLHUu0BDjjA%2FejBHUCPCC0fOa%2FbQADuYjX5pcz55himpl0v3JRjiN2Dz7DvnOsC4VIZSyzjspEjBTrL1nh8kplupKDHkwjwHLBSRK7LLAxUGCvn2eCGJY3LA%3D%3D&scm=1020.s000a.v1.v1&pcm=101.11719_694_620056.2_189.2","pcmD":"2","resourceType":2},{"id":3,"pcm":"101.11719_694_620056.3_189.3","type":189,"scm":"1020.s000a.v1.v1","title":"杨超越巴黎时装周","url":"https://m.sohu.com/promotion?link=fpbCOgSgl%2F4ihC%2BLlxZmaUjVTEFQlzPY4kgLJFYktFKdqh1sXSKU0JzjyvJZGiAd03rXjam%2FpqUGsNHyWBC50Kg2J2IucblI10vU0lYKaoCLcE9qzANfYyZpTGIe7Q6XMOJpWWfftxhcCRwZ89FoBks027CIouAJ47kdJA0NmV9oKmzxFJvpcDtJwrsQXoD31dUN3it6m0IXYXvy4YWo7xTndr1QRGv0E73YiUWOlvA2imf%2F722kafFjTs%2F4kEhzBZ7ud8tZoSnSIsxW2xDkEoxPBVKei5wlJUa1vJSeJoP8igOexJ%2F2re8UtqIeR5hiVSibZXWJsp3qkPECysuSXg%3D%3D&scm=1020.s000a.v1.v1&pcm=101.11719_694_620056.3_189.3","pcmD":"3","resourceType":2},{"id":6,"pcm":"101.11719_694_620056.6_189.6","type":189,"scm":"1020.s000a.v1.v1","title":"最新棋牌","url":"https://m.sohu.com/promotion?link=Q0hL8bAbeCPK6XdJ2kY9qOog91acMYpHTn0NQXTt1JCzM9Vo3Bu%2BFxIOkw0pH4pRqss9PaNoutMUuIPhnYAeVIbBKakX2SDXl5YWMlkZnKWlQ%2F1no6jHC%2B6IY1O7daicIY%2FhHN4V2i6GmL07RTD1NbB1XsKLLOPg%2BrmzoX4Wl5tyL3Xd1b19Y0AzHiYi5noV17xSMnqixwjP5wf%2FUZ6rHeWbBZPLvtCKzl2wheGa2pLtIb2ReFiAwQSWKNELz8RES3v3MK9Q3mIsPTRql3iIEhpO0ZJdPT%2BKZZ8YKzs%2BXiIWKRUm1c807j6Zf402kH61dDJHPMEiNPwqpsB8cGLU5A%3D%3D&scm=1020.s000a.v1.v1&pcm=101.11719_694_620056.6_189.6","pcmD":"6","resourceType":2},{"id":8,"pcm":"101.11719_694_620056.8_189.8","type":189,"scm":"1020.s000a.v1.v1","title":"女排压轴亮相","url":"https://m.sohu.com/promotion?link=ASKkdhcnAm9wQemAQXoRont7G8903XRUtXFV%2FX1tke6B3Ag%2F9IZFtBpCWBARMgMH2v537Z8Cc1fSKk1vkTujQeFOExqBB2yndihqTnIIX7fdVjIJUTpv3eCxgVnMQIoC5CRXPNz1lDl7lzfKImH7HSIx%2BgJ9k7yGpjSVobcGm68pLQxSIjYDlS7fprES8GkRkv1jrAoNXhEfDMD1tfdufKCzVpe4DfHXajMiF7llT5Gwh2%2FBYFmIgThoIWJZG8E9xtFG7igx7QB5l3q9zWtBhz%2Fgpd021eD813N4pE38byu7%2F665Yv5otSTtgDciI15ZciNRX7FA92RuZVYnthcGiQ%3D%3D&scm=1020.s000a.v1.v1&pcm=101.11719_694_620056.8_189.8","pcmD":"8","resourceType":2},{"id":10,"pcm":"101.11719_694_620056.10_189.10","type":189,"scm":"1020.s000a.v1.v1","title":"一木棋牌官网下载","url":"https://m.sohu.com/promotion?link=JYQ1OQWuJQutPYI9vOLShPbr87YFnfOzEQAL0sshKHodo2%2FWYb9rVIUKR8wlum1%2F0mJPs2amTKaM%2FlTbMOy0IKJUHqxXolukY%2BWUblv6pxzLlGqbbqh85OhdWp467s19HLLZoubZf0L0xtq25Nfm%2Fjtv1xn0vw6MMDPm2rxlKeIemHwCeaTcY7%2BFukEqEVqRzN7VvKejj6FUeq%2F6QnoxwdUbOw4TufO0aFFPzXXQNoWB2rVdayOkqHaMHr8o6PVhOoA%2F1mH25F88AP7bTJHjPfz7mMlQBRj1Z8vTVXDGDV5Cie07ZAG6ro%2Bg%2F%2BeT0%2BjdYjNZTfpbW1EFPJ3vMCdLPg%3D%3D&scm=1020.s000a.v1.v1&pcm=101.11719_694_620056.10_189.10","pcmD":"10","resourceType":2},{"id":12,"pcm":"101.11719_694_620056.12_189.12","type":189,"scm":"1020.s000a.v1.v1","title":"北斗娱乐","url":"https://m.sohu.com/promotion?link=NI05Ax4axpSoECd4HkhADLNlFDEEWXhL5tdTtACBItdMg1EnTazk%2FUdAGZ%2Fk%2Fo2BTW9H%2FctT%2BjExtnzoxW6nHffAoTGRJv8xXDCfDgQOcW6ECXKlHklpm340zmXLXTyPKesnLkUZRRsuq6Q%2F8pzpe2M629CPgMfKs8xJUhle6bEqbtS75ol7E%2FS69qqDHbEKZrWVfwFzMnM92TxEUDTMM4Ibnw834xS41JNLRAUjwBG%2FKctxDjiekgEwRF8EmZuJ%2FGXtIi3Q5QSEbRpsCnaFXErOc%2BRNZH7o2JMBYNt6oEPAwSf3qPwLiEbbQLQro2aa94F%2Fmj8%2BAkSieqbMm8aXRg%3D%3D&scm=1020.s000a.v1.v1&pcm=101.11719_694_620056.12_189.12","pcmD":"12","resourceType":2},{"id":13,"pcm":"101.11719_694_620056.13_189.13","type":189,"scm":"1020.s000a.v1.v1","title":"大妈一写字就头晕","url":"https://m.sohu.com/promotion?link=WR95CRGWhk7f3d7p%2FX2BRDjv9YMbkA8bHbyTo%2BGfcUOmJ%2BKxr2ZptEyNNpuev8WpIvDC7%2FBL2sEW5f8dKlbh5TOjCSKLuvhec4af6BpPYaxHKWlQEPYfStW8RXxp1SgVSEWP2NiUZv9Axn6T71KeRjSs3vdh1WOa%2F8T3%2FxO6vbgj%2FvJ%2FvFDbPahm%2BxGkBcPwk6Aj%2Bst9r3zEaL7rQqsMJ%2Bl0MAkqGVxRvDtImiVoKUyFDmjRyEHUKhMA3WNn8b9aTlt9NFpOKP9FTi%2FAD%2Fj2c%2BJNbQwosSMFqqvbtTe71HmBkKDCeAutG7YWl9qZfckd2zXaSmIc%2FY%2F29Uc%2Ff%2Bd4Nw%3D%3D&scm=1020.s000a.v1.v1&pcm=101.11719_694_620056.13_189.13","pcmD":"13","resourceType":2},{"id":15,"pcm":"101.11719_694_620056.15_189.15","type":189,"scm":"1020.s000a.v1.v1","title":"斗牛","url":"https://m.sohu.com/promotion?link=SSzTkUtdFAMKDVAFZhmQse9hohOjNhmiY%2FCH7GDyHgg3ppQsnzVw6pCz1y00HPX9F%2BenPLrzeQJqZyilHwJDJGRgFpPbMZfWqKnli%2F0142xRsCh4YJf7yCuvtXXPsBdXHy5OG2qGpA3BVynVHeZ8Db3tf%2Bb7JRdg22WjB%2FTPmZN3X%2FGQ3JY%2FI5d8iHbZnSlnomZOsV0aHT1dVGR93ArXz%2FjdHeGjhiXH4S%2BjaVoqPHEvw7%2F9QxPzlq8%2FFQukcNMHTlF8RsWl9A8PvMxGFmSNMNIfnCANEohHq6ViKJZWM90K1r0%2BhukY5hM%2F%2BAnb%2BOG99aVl3OnhYGwJdmmkN%2BAkBQ%3D%3D&scm=1020.s000a.v1.v1&pcm=101.11719_694_620056.15_189.15","pcmD":"15","resourceType":2},{"id":17,"pcm":"101.11719_694_620056.17_189.17","type":189,"scm":"1020.s000a.v1.v1","title":"快船棋牌","url":"https://m.sohu.com/promotion?link=XoapScduIRWytfw1l760fUYTHKnlsy6%2B%2FCQ4pQHYM1B79mB3znoBSRIYGeejMh2hQhJ2sN4fsNslDH8%2Fl8ra1gtIcceutMSTlH%2F4S9%2Fq2IAwm8%2FN%2Binbe9KGeT09yeDUj1B9Gx3UFNbSkECuMqf06o0pBOiT5koMdktTSgLw3JdE9ej%2FLpD1gsaBz1v8P259Yq731sHvfhs7OEUFShATePwrh%2FrhLOXbDwnjXZxdfTG3MGR6Jq6lW%2B2JNqEiUlkCIaGR7e%2BBuKGk9wJJ%2BY5erW1e2C950d%2FPRKH0LDhnm%2BMlM6sMRc5b4RJjLE5MpyNSmB6dqUXGPfNY1uTqoEIDzg%3D%3D&scm=1020.s000a.v1.v1&pcm=101.11719_694_620056.17_189.17","pcmD":"17","resourceType":2},{"id":19,"pcm":"101.11719_694_620056.19_189.19","type":189,"scm":"1020.s000a.v1.v1","title":"泰国陪酒女模死亡","url":"https://m.sohu.com/promotion?link=B4d8YqjxP8M4uOodGzdAy%2BWRHfnzJTc%2FXyFTQISu3sz8wcnMNGp7bgGYgpBrGuhYMgG8xPHQrzQQ8ADEjubSDiHOPyB7zugOl6yEp0Lkg%2Bh%2FD1B2SDeNQe9C%2Fjjc9k44P%2B9EdH6xKq8PlWyYb7%2FQzcmbjWIQX65d2v50eu2o7kVuWbB9AoEu6C%2FaCm07ZkWqMGrlkVzXugBEQlVyAXp5FU6co3OqJmPpXi%2BfmgW23FO3FqgUHxsmYNdvv0cyCWtpbeBb5samvQCo%2FArKeK3cPn7U0gx4Ftyp2JXlUhnC8sm47Mh9MCo3oaSffaMz5EO6zJ6O%2FFpYfXJHA8ypIt9LWw%3D%3D&scm=1020.s000a.v1.v1&pcm=101.11719_694_620056.19_189.19","pcmD":"19","resourceType":2},{"id":21,"pcm":"101.11719_694_620056.21_189.21","type":189,"scm":"1020.s000a.v1.v1","title":"万利棋牌","url":"https://m.sohu.com/promotion?link=d6P0CBuYnbDhlqxnUAOj5tjcvXfeNwSQMbAfWAs1v%2FRdOjpacG539%2B%2BYjZXV86Q18YMqQwkIAD%2FI4wGm3NAsWVouyl0DGuFh5EgDFrEAmp7%2F08Xn6MitHrPkHzoB0Qi2WpbYw1MT2l8c63KvR%2FHty%2By5kcU5XMDMm7Qtc13IScoEL%2BZqEDxzpDv19TK%2FpDlivorR%2FZUZ%2FzMJCJvf4iZWRQitFZJo2T%2BGyGR%2BSxrMWKzs91c2jj%2FHNtYg19A0mRXGIGcd6uK9SSQ1lSV9iyWoD13rUTPQo4QEO66Mv4b9ujaC0S4WRx336er%2B8zgPC7d2YAMcTamBf6mlBgPSWCzswQ%3D%3D&scm=1020.s000a.v1.v1&pcm=101.11719_694_620056.21_189.21","pcmD":"21","resourceType":2},{"id":23,"pcm":"101.11719_694_620056.23_189.23","type":189,"scm":"1020.s000a.v1.v1","title":"战旗方队首亮相","url":"https://m.sohu.com/promotion?link=H8QXhaoxQXPUmz%2FcM7Vg0cPYTbmHa0bz5sd98YOpBk3RouTCtRWj8AAzq%2B%2BL9d4sExCRhdKWdPyNJMYUHS6VvDjxe9GnSf%2B82jbS6bIJXBSNW8Gyyf%2BOyNhWuAg17emljAUSHyYelZswcL3IEjvk8n0mR54z9TuPrQy81v02zy5qiuMI8lFs43K13akxCV%2Fktow5%2FqRiQHX%2B7P19xOIfp1%2BlWXfbGnPTfkdJKXerneCUchPPKb9shhygo7%2FRiuVf9KcFLIJUPixcRRm%2F1Neun9UoJsqXLbmqRKDm%2FnAhQZAyls9O0w%2FbXa3bIrcGfevU74ryEpAtaXJu%2FpzwKBIHOA%3D%3D&scm=1020.s000a.v1.v1&pcm=101.11719_694_620056.23_189.23","pcmD":"23","resourceType":2},{"id":24,"pcm":"101.11719_694_620056.24_189.24","type":189,"scm":"1020.s000a.v1.v1","title":"第六个烈士纪念日","url":"https://m.sohu.com/promotion?link=Qft4WlEK5Y2Z8AGTK8HvnrLR%2BSmKfingxDI2fijdEQ7F1tlbZWrTPNyuJkfEnWk5Kg%2FXwUoMfixHrQqHaorrKhB8DCpGr2yCe2viek2o97XBkqfrD%2BhkRTi1rNiqcfZH74vEK%2F78cuzzBcEGM5WrmpNT%2FIL2LfcNb9kH7dANzKA6UX6mFKclG8wyCVK0aR%2BqRVk%2FxMafsQOc3itBCucqUyQ6XUU8OyLtNWHfQNa9%2BK1FjyqK3WEVcP4O7lZ6Ip04UJkJFR77wvBCZDFuaUD61WRAH2FpEgkFQUUSaHAC%2B6ysHtnJrcYdr1KphyBbR3zneQDI4%2FeumkOsf2Qg2t5Obg%3D%3D&scm=1020.s000a.v1.v1&pcm=101.11719_694_620056.24_189.24","pcmD":"24","resourceType":2},{"id":27,"pcm":"101.11719_694_620056.27_189.27","type":189,"scm":"1020.s000a.v1.v1","title":"美国发起337调查","url":"https://m.sohu.com/promotion?link=fuFd1ghlI%2FxXsr7CYboEb0N7DCeYddM1fKR%2BzKLx1VbZUvaDPaofFoGCXwzIVwRjffLCTXrJALyo6VzIWndEPd8jUyl7GR9qukThcHmX4WoZoYzgGG3P3Sl9Zk%2F%2BtjPYA79tJHZXvmSkqrx0X9w8L6DC5CX742QHB%2Fis%2BrGxcM5ZrtROoPX%2BYQ0dOJB0zkUfpVoHTGo%2BjwNmoF7MlUc4Kb5JYuSTGv1Bbhod5IiPkDlHYpROSPcsPlYdqYiAM2wrK6HVFzdyJ%2Bmz7445Lj39L2Hz5KediZuLNg8s%2FrC7mseCvfPaIuuvFCI%2F63gbwryUHWTbxe1yJK%2FSTxpRk%2BhmZg%3D%3D&scm=1020.s000a.v1.v1&pcm=101.11719_694_620056.27_189.27","pcmD":"27","resourceType":2},{"id":29,"pcm":"101.11719_694_620056.29_189.29","type":189,"scm":"1020.s000a.v1.v1","title":"刘sir长城自拍照","url":"https://m.sohu.com/promotion?link=e%2BO2T0zaFbC%2FbmpGuBbxWkTegscUwwr%2Bq98xB%2BgtoM9xT%2B0nLQclXPd3FlQ96s%2BI%2F0rvMoyCktbuc%2FdEjQMMKlaQFiWUFE6030LS25TrbYrY3wAXOAqOl2OVCS8BJk%2BvogGjsmxmKKZRtyKgZUho9vqOEub%2FSL%2BT2EGGrKbVzm8BoUIuFInSmSpdbfbtM3atKzeKYe43emmf4PXPLKhaMX74tD9t6EmAxk8%2F47FdUQlPNwNlgqzpRLSfqjb0uZ3YKgX1iOzHO30CoPB2dCDrDD063arOPFxrBexHqssQFWDwPkn6OJXOIKVNTdQCnth4F5U%2BrifoHV7OjQLgG6XyCg%3D%3D&scm=1020.s000a.v1.v1&pcm=101.11719_694_620056.29_189.29","pcmD":"29","resourceType":2}]],"multiple":true,"from":"rms","location":1,"id":694,"processMode":1,"type":23,"resourceType":2}],"message":"success","status":0}