{"user":{"type":"anon","watSegs":"","propensity":{"engagementLevel":0},"tracking":{"sessionIndex":1,"sessionStart":1570706248207,"totalSessionTime":9091,"lastRequest":1570706257298,"prevRequest":1570706248207,"firstSeen":1570706248207,"browserSession":1,"pageIndex":2,"avgSessionTime":9091,"firstReferrer":"","firstLanding":"","activeDays":"[0,0,0,0,0,0,0,0,0,0,0,0,0,0,0,0,0,0,0,0,0,0,0,0,0,0,0,0,0,1]","uid":0,"adv":1,"a7dv":1,"a14dv":1,"a21dv":1,"lastKnownType":"anon","isNewSession":0},"actioniq":{"audience_split_ids":[]}},"version":"v2-0-2.421594132590608263","asset":{"updatedDate":1525181301000,"wordCount":0,"id":100000005877499,"publishedDate":1525150800000,"url":"https://www.nytimes.com/","section":"Homepage","derivedDesk":"","type":"sectionfront"},"session":{"isLoggedIn":false}}
