{"counts":[{"id":"/p/cffya","count":277},{"id":"/p/ceann","count":17},{"id":"/p/cfkt4","count":3391},{"id":"/p/cfhch","count":2446},{"id":"/p/cfk9p","count":618},{"id":"/p/cd5zf","count":67},{"id":"/p/cft5e","count":276},{"id":"/p/cfggd","count":63},{"id":"/p/cf6k7","count":100},{"id":"/p/cfhn2","count":61},{"id":"/p/cfch3","count":36},{"id":"/p/cfd7z","count":11},{"id":"/p/cfbme","count":8},{"id":"/p/cak9x","count":47},{"id":"/p/caf44","count":99},{"id":"/p/cfgzy","count":113},{"id":"/p/cft2n","count":1252},{"id":"/p/cfcv2","count":4},{"id":"/p/cfg25","count":24},{"id":"/p/cftgf","count":19},{"id":"/p/cf74d","count":11}]}