{"version":"1.0","encoding":"UTF-8","feed":{"xmlns":"http://www.w3.org/2005/Atom","xmlns$openSearch":"http://a9.com/-/spec/opensearchrss/1.0/","xmlns$gsx":"http://schemas.google.com/spreadsheets/2006/extended","id":{"$t":"https://spreadsheets.google.com/feeds/list/1sl5BPeJ1l3SsYmK37a_vjYdkIrILD4y6l7iobJpSY2I/default/public/values"},"updated":{"$t":"2019-10-10T11:24:20.068Z"},"category":[{"scheme":"http://schemas.google.com/spreadsheets/2006","term":"http://schemas.google.com/spreadsheets/2006#list"}],"title":{"type":"text","$t":"LIVE SHEET!!"},"link":[{"rel":"alternate","type":"application/atom+xml","href":"https://docs.google.com/spreadsheets/d/1sl5BPeJ1l3SsYmK37a_vjYdkIrILD4y6l7iobJpSY2I/pubhtml"},{"rel":"http://schemas.google.com/g/2005#feed","type":"application/atom+xml","href":"https://spreadsheets.google.com/feeds/list/1sl5BPeJ1l3SsYmK37a_vjYdkIrILD4y6l7iobJpSY2I/default/public/values"},{"rel":"http://schemas.google.com/g/2005#post","type":"application/atom+xml","href":"https://spreadsheets.google.com/feeds/list/1sl5BPeJ1l3SsYmK37a_vjYdkIrILD4y6l7iobJpSY2I/default/public/values"},{"rel":"self","type":"application/atom+xml","href":"https://spreadsheets.google.com/feeds/list/1sl5BPeJ1l3SsYmK37a_vjYdkIrILD4y6l7iobJpSY2I/default/public/values?alt\u003djson"}],"author":[{"name":{"$t":"jasper.kloosterboer"},"email":{"$t":"jasper.kloosterboer@login.greenhousegroup.com"}}],"openSearch$totalResults":{"$t":"16"},"openSearch$startIndex":{"$t":"1"},"entry":[{"id":{"$t":"https://spreadsheets.google.com/feeds/list/1sl5BPeJ1l3SsYmK37a_vjYdkIrILD4y6l7iobJpSY2I/default/public/values/cokwr"},"updated":{"$t":"2019-10-10T11:24:20.068Z"},"category":[{"scheme":"http://schemas.google.com/spreadsheets/2006","term":"http://schemas.google.com/spreadsheets/2006#list"}],"title":{"type":"text","$t":"e-Golf"},"content":{"type":"text","$t":"carrosserie: HATCHBACK, personen: 5, clickurl: https://www.volkswagen.nl/modellen/golf/e-golf, afbeelding: https://www.volkswagen.nl/-/media/vwpkw/images/modellen/golf/trimlinecards/golf_egolf_cta_2048x802.ashx?w\u003d1013\u0026q\u003d70\u0026hash\u003d7EF5A9CE55F03BF5306FA20BF662F6C6765B60BE"},"link":[{"rel":"self","type":"application/atom+xml","href":"https://spreadsheets.google.com/feeds/list/1sl5BPeJ1l3SsYmK37a_vjYdkIrILD4y6l7iobJpSY2I/default/public/values/cokwr"}],"gsx$model":{"$t":"e-Golf"},"gsx$carrosserie":{"$t":"HATCHBACK"},"gsx$personen":{"$t":"5"},"gsx$clickurl":{"$t":"https://www.volkswagen.nl/modellen/golf/e-golf"},"gsx$afbeelding":{"$t":"https://www.volkswagen.nl/-/media/vwpkw/images/modellen/golf/trimlinecards/golf_egolf_cta_2048x802.ashx?w\u003d1013\u0026q\u003d70\u0026hash\u003d7EF5A9CE55F03BF5306FA20BF662F6C6765B60BE"}},{"id":{"$t":"https://spreadsheets.google.com/feeds/list/1sl5BPeJ1l3SsYmK37a_vjYdkIrILD4y6l7iobJpSY2I/default/public/values/cpzh4"},"updated":{"$t":"2019-10-10T11:24:20.068Z"},"category":[{"scheme":"http://schemas.google.com/spreadsheets/2006","term":"http://schemas.google.com/spreadsheets/2006#list"}],"title":{"type":"text","$t":"Up!"},"content":{"type":"text","$t":"carrosserie: HATCHBACK, personen: 3, clickurl: https://www.volkswagen.nl/modellen/up, afbeelding: https://www.volkswagen.nl/-/media/vwpkw/images/modellen/up/trimlinecards/volkswagen-up_beats-up_4096x1640.ashx?w\u003d1013\u0026q\u003d70\u0026hash\u003dC18822E10C4FB4DF943D9B79A358D8EA7A6A5FA9"},"link":[{"rel":"self","type":"application/atom+xml","href":"https://spreadsheets.google.com/feeds/list/1sl5BPeJ1l3SsYmK37a_vjYdkIrILD4y6l7iobJpSY2I/default/public/values/cpzh4"}],"gsx$model":{"$t":"Up!"},"gsx$carrosserie":{"$t":"HATCHBACK"},"gsx$personen":{"$t":"3"},"gsx$clickurl":{"$t":"https://www.volkswagen.nl/modellen/up"},"gsx$afbeelding":{"$t":"https://www.volkswagen.nl/-/media/vwpkw/images/modellen/up/trimlinecards/volkswagen-up_beats-up_4096x1640.ashx?w\u003d1013\u0026q\u003d70\u0026hash\u003dC18822E10C4FB4DF943D9B79A358D8EA7A6A5FA9"}},{"id":{"$t":"https://spreadsheets.google.com/feeds/list/1sl5BPeJ1l3SsYmK37a_vjYdkIrILD4y6l7iobJpSY2I/default/public/values/cre1l"},"updated":{"$t":"2019-10-10T11:24:20.068Z"},"category":[{"scheme":"http://schemas.google.com/spreadsheets/2006","term":"http://schemas.google.com/spreadsheets/2006#list"}],"title":{"type":"text","$t":"Polo"},"content":{"type":"text","$t":"carrosserie: HATCHBACK, personen: 4, clickurl: https://www.volkswagen.nl/modellen/polo, afbeelding: https://www.volkswagen.nl/-/media/vwpkw/images/modellen/polo/trimlinecards/trimline_polon_high_door-4_rim-pj9_lamp-8id_color-4m4m_view-02.ashx?w\u003d1013\u0026q\u003d70\u0026hash\u003dEB488EC003FF069A81DD1BBDE8C55461D22B00EA"},"link":[{"rel":"self","type":"application/atom+xml","href":"https://spreadsheets.google.com/feeds/list/1sl5BPeJ1l3SsYmK37a_vjYdkIrILD4y6l7iobJpSY2I/default/public/values/cre1l"}],"gsx$model":{"$t":"Polo"},"gsx$carrosserie":{"$t":"HATCHBACK"},"gsx$personen":{"$t":"4"},"gsx$clickurl":{"$t":"https://www.volkswagen.nl/modellen/polo"},"gsx$afbeelding":{"$t":"https://www.volkswagen.nl/-/media/vwpkw/images/modellen/polo/trimlinecards/trimline_polon_high_door-4_rim-pj9_lamp-8id_color-4m4m_view-02.ashx?w\u003d1013\u0026q\u003d70\u0026hash\u003dEB488EC003FF069A81DD1BBDE8C55461D22B00EA"}},{"id":{"$t":"https://spreadsheets.google.com/feeds/list/1sl5BPeJ1l3SsYmK37a_vjYdkIrILD4y6l7iobJpSY2I/default/public/values/chk2m"},"updated":{"$t":"2019-10-10T11:24:20.068Z"},"category":[{"scheme":"http://schemas.google.com/spreadsheets/2006","term":"http://schemas.google.com/spreadsheets/2006#list"}],"title":{"type":"text","$t":"Golf"},"content":{"type":"text","$t":"carrosserie: HATCHBACK, personen: 5, clickurl: https://www.volkswagen.nl/modellen/golf, afbeelding: https://www.volkswagen.nl/-/media/vwpkw/images/modellen/golf/trimlinecards/golf_highline_cta_2048x802_wk48.ashx?w\u003d1013\u0026q\u003d70\u0026hash\u003d226308C4D1004C4062F6DDFA3DCBC03882B6134A"},"link":[{"rel":"self","type":"application/atom+xml","href":"https://spreadsheets.google.com/feeds/list/1sl5BPeJ1l3SsYmK37a_vjYdkIrILD4y6l7iobJpSY2I/default/public/values/chk2m"}],"gsx$model":{"$t":"Golf"},"gsx$carrosserie":{"$t":"HATCHBACK"},"gsx$personen":{"$t":"5"},"gsx$clickurl":{"$t":"https://www.volkswagen.nl/modellen/golf"},"gsx$afbeelding":{"$t":"https://www.volkswagen.nl/-/media/vwpkw/images/modellen/golf/trimlinecards/golf_highline_cta_2048x802_wk48.ashx?w\u003d1013\u0026q\u003d70\u0026hash\u003d226308C4D1004C4062F6DDFA3DCBC03882B6134A"}},{"id":{"$t":"https://spreadsheets.google.com/feeds/list/1sl5BPeJ1l3SsYmK37a_vjYdkIrILD4y6l7iobJpSY2I/default/public/values/ciyn3"},"updated":{"$t":"2019-10-10T11:24:20.068Z"},"category":[{"scheme":"http://schemas.google.com/spreadsheets/2006","term":"http://schemas.google.com/spreadsheets/2006#list"}],"title":{"type":"text","$t":"Touran"},"content":{"type":"text","$t":"carrosserie: MPV, personen: 7, clickurl: https://www.volkswagen.nl/modellen/touran, afbeelding: https://www.volkswagen.nl/-/media/vwpkw/images/modellen/touran/trimlinecards/trimline_tour3_high_door-4_rim-pj7_lamp-8id_color-f9f9_view-02.ashx?w\u003d1013\u0026q\u003d70\u0026hash\u003d5E9DE8BEC45456BB9338824EAFB5B49474F9793E"},"link":[{"rel":"self","type":"application/atom+xml","href":"https://spreadsheets.google.com/feeds/list/1sl5BPeJ1l3SsYmK37a_vjYdkIrILD4y6l7iobJpSY2I/default/public/values/ciyn3"}],"gsx$model":{"$t":"Touran"},"gsx$carrosserie":{"$t":"MPV"},"gsx$personen":{"$t":"7"},"gsx$clickurl":{"$t":"https://www.volkswagen.nl/modellen/touran"},"gsx$afbeelding":{"$t":"https://www.volkswagen.nl/-/media/vwpkw/images/modellen/touran/trimlinecards/trimline_tour3_high_door-4_rim-pj7_lamp-8id_color-f9f9_view-02.ashx?w\u003d1013\u0026q\u003d70\u0026hash\u003d5E9DE8BEC45456BB9338824EAFB5B49474F9793E"}},{"id":{"$t":"https://spreadsheets.google.com/feeds/list/1sl5BPeJ1l3SsYmK37a_vjYdkIrILD4y6l7iobJpSY2I/default/public/values/ckd7g"},"updated":{"$t":"2019-10-10T11:24:20.068Z"},"category":[{"scheme":"http://schemas.google.com/spreadsheets/2006","term":"http://schemas.google.com/spreadsheets/2006#list"}],"title":{"type":"text","$t":"Caddy Combi"},"content":{"type":"text","$t":"carrosserie: MPV, personen: 7, clickurl: https://www.volkswagen.nl/modellen/caddy-combi, afbeelding: https://www.volkswagen.nl/-/media/vwpkw/images/modellen/caddy-combi/trimlinecards/caddy-modeloverzicht---1093-511.ashx?w\u003d1013\u0026q\u003d70\u0026hash\u003d0B0DDB36B0861A86CCBA3877CFC7C897D1ECAFEC"},"link":[{"rel":"self","type":"application/atom+xml","href":"https://spreadsheets.google.com/feeds/list/1sl5BPeJ1l3SsYmK37a_vjYdkIrILD4y6l7iobJpSY2I/default/public/values/ckd7g"}],"gsx$model":{"$t":"Caddy Combi"},"gsx$carrosserie":{"$t":"MPV"},"gsx$personen":{"$t":"7"},"gsx$clickurl":{"$t":"https://www.volkswagen.nl/modellen/caddy-combi"},"gsx$afbeelding":{"$t":"https://www.volkswagen.nl/-/media/vwpkw/images/modellen/caddy-combi/trimlinecards/caddy-modeloverzicht---1093-511.ashx?w\u003d1013\u0026q\u003d70\u0026hash\u003d0B0DDB36B0861A86CCBA3877CFC7C897D1ECAFEC"}},{"id":{"$t":"https://spreadsheets.google.com/feeds/list/1sl5BPeJ1l3SsYmK37a_vjYdkIrILD4y6l7iobJpSY2I/default/public/values/clrrx"},"updated":{"$t":"2019-10-10T11:24:20.068Z"},"category":[{"scheme":"http://schemas.google.com/spreadsheets/2006","term":"http://schemas.google.com/spreadsheets/2006#list"}],"title":{"type":"text","$t":"Golf Sportsvan"},"content":{"type":"text","$t":"carrosserie: MPV, personen: 5, clickurl: https://www.volkswagen.nl/modellen/golf-sportsvan, afbeelding: https://www.volkswagen.nl/-/media/vwpkw/images/modellen/golf-sportsvan/trimlinecards/_trimline_golfns_cln_v5v5_4d_v5v5_pj3_view02.ashx?w\u003d1013\u0026q\u003d70\u0026hash\u003d4C5BC312BD1AF8647B8F01B856B34006C8332752"},"link":[{"rel":"self","type":"application/atom+xml","href":"https://spreadsheets.google.com/feeds/list/1sl5BPeJ1l3SsYmK37a_vjYdkIrILD4y6l7iobJpSY2I/default/public/values/clrrx"}],"gsx$model":{"$t":"Golf Sportsvan"},"gsx$carrosserie":{"$t":"MPV"},"gsx$personen":{"$t":"5"},"gsx$clickurl":{"$t":"https://www.volkswagen.nl/modellen/golf-sportsvan"},"gsx$afbeelding":{"$t":"https://www.volkswagen.nl/-/media/vwpkw/images/modellen/golf-sportsvan/trimlinecards/_trimline_golfns_cln_v5v5_4d_v5v5_pj3_view02.ashx?w\u003d1013\u0026q\u003d70\u0026hash\u003d4C5BC312BD1AF8647B8F01B856B34006C8332752"}},{"id":{"$t":"https://spreadsheets.google.com/feeds/list/1sl5BPeJ1l3SsYmK37a_vjYdkIrILD4y6l7iobJpSY2I/default/public/values/cyevm"},"updated":{"$t":"2019-10-10T11:24:20.068Z"},"category":[{"scheme":"http://schemas.google.com/spreadsheets/2006","term":"http://schemas.google.com/spreadsheets/2006#list"}],"title":{"type":"text","$t":"Arteon"},"content":{"type":"text","$t":"carrosserie: SEDAN, personen: 5, clickurl: https://www.volkswagen.nl/modellen/arteon, afbeelding: https://www.volkswagen.nl/-/media/vwpkw/images/modellen/arteon/trimlinecards/arteon-elegance-business-trimlinecard_2048x802.ashx?w\u003d1013\u0026q\u003d70\u0026hash\u003d217516D68ADE8EFC864F4BBD60263CCE624A7CBF"},"link":[{"rel":"self","type":"application/atom+xml","href":"https://spreadsheets.google.com/feeds/list/1sl5BPeJ1l3SsYmK37a_vjYdkIrILD4y6l7iobJpSY2I/default/public/values/cyevm"}],"gsx$model":{"$t":"Arteon"},"gsx$carrosserie":{"$t":"SEDAN"},"gsx$personen":{"$t":"5"},"gsx$clickurl":{"$t":"https://www.volkswagen.nl/modellen/arteon"},"gsx$afbeelding":{"$t":"https://www.volkswagen.nl/-/media/vwpkw/images/modellen/arteon/trimlinecards/arteon-elegance-business-trimlinecard_2048x802.ashx?w\u003d1013\u0026q\u003d70\u0026hash\u003d217516D68ADE8EFC864F4BBD60263CCE624A7CBF"}},{"id":{"$t":"https://spreadsheets.google.com/feeds/list/1sl5BPeJ1l3SsYmK37a_vjYdkIrILD4y6l7iobJpSY2I/default/public/values/cztg3"},"updated":{"$t":"2019-10-10T11:24:20.068Z"},"category":[{"scheme":"http://schemas.google.com/spreadsheets/2006","term":"http://schemas.google.com/spreadsheets/2006#list"}],"title":{"type":"text","$t":"Passat"},"content":{"type":"text","$t":"carrosserie: SEDAN, personen: 5, clickurl: https://www.volkswagen.nl/modellen/passat, afbeelding: https://www.volkswagen.nl/-/media/vwpkw/images/modellen/passat/trimlinecards/trimline_pass_high_door-4_rim-pjl_lamp-8id_color-0q0q_view-02.ashx?w\u003d1013\u0026q\u003d70\u0026hash\u003d8A681EBB96319E01FF31F6A456A04F8422F5048D"},"link":[{"rel":"self","type":"application/atom+xml","href":"https://spreadsheets.google.com/feeds/list/1sl5BPeJ1l3SsYmK37a_vjYdkIrILD4y6l7iobJpSY2I/default/public/values/cztg3"}],"gsx$model":{"$t":"Passat"},"gsx$carrosserie":{"$t":"SEDAN"},"gsx$personen":{"$t":"5"},"gsx$clickurl":{"$t":"https://www.volkswagen.nl/modellen/passat"},"gsx$afbeelding":{"$t":"https://www.volkswagen.nl/-/media/vwpkw/images/modellen/passat/trimlinecards/trimline_pass_high_door-4_rim-pjl_lamp-8id_color-0q0q_view-02.ashx?w\u003d1013\u0026q\u003d70\u0026hash\u003d8A681EBB96319E01FF31F6A456A04F8422F5048D"}},{"id":{"$t":"https://spreadsheets.google.com/feeds/list/1sl5BPeJ1l3SsYmK37a_vjYdkIrILD4y6l7iobJpSY2I/default/public/values/d180g"},"updated":{"$t":"2019-10-10T11:24:20.068Z"},"category":[{"scheme":"http://schemas.google.com/spreadsheets/2006","term":"http://schemas.google.com/spreadsheets/2006#list"}],"title":{"type":"text","$t":"Passat Variant"},"content":{"type":"text","$t":"carrosserie: STATION, personen: 5, clickurl: https://www.volkswagen.nl/modellen/passat-variant, afbeelding: https://www.volkswagen.nl/-/media/vwpkw/images/modellen/passat-variant/trimlinecards/trimline_passv_high_door-5_rim-pjl_lamp-8id_color-z2z2_view-02.ashx?w\u003d1013\u0026q\u003d70\u0026hash\u003d9FC6A000026F96AD7E2244FD14797F15393F2619"},"link":[{"rel":"self","type":"application/atom+xml","href":"https://spreadsheets.google.com/feeds/list/1sl5BPeJ1l3SsYmK37a_vjYdkIrILD4y6l7iobJpSY2I/default/public/values/d180g"}],"gsx$model":{"$t":"Passat Variant"},"gsx$carrosserie":{"$t":"STATION"},"gsx$personen":{"$t":"5"},"gsx$clickurl":{"$t":"https://www.volkswagen.nl/modellen/passat-variant"},"gsx$afbeelding":{"$t":"https://www.volkswagen.nl/-/media/vwpkw/images/modellen/passat-variant/trimlinecards/trimline_passv_high_door-5_rim-pjl_lamp-8id_color-z2z2_view-02.ashx?w\u003d1013\u0026q\u003d70\u0026hash\u003d9FC6A000026F96AD7E2244FD14797F15393F2619"}},{"id":{"$t":"https://spreadsheets.google.com/feeds/list/1sl5BPeJ1l3SsYmK37a_vjYdkIrILD4y6l7iobJpSY2I/default/public/values/d2mkx"},"updated":{"$t":"2019-10-10T11:24:20.068Z"},"category":[{"scheme":"http://schemas.google.com/spreadsheets/2006","term":"http://schemas.google.com/spreadsheets/2006#list"}],"title":{"type":"text","$t":"Golf Variant"},"content":{"type":"text","$t":"carrosserie: STATION, personen: 5, clickurl: https://www.volkswagen.nl/modellen/golf-variant, afbeelding: https://www.volkswagen.nl/-/media/vwpkw/images/modellen/golf-variant/trimlinecards/trimline_golfvgp_high_door-4_rim-pj9_lamp-8ie_color-2t2t_view-02.ashx?w\u003d1013\u0026q\u003d70\u0026hash\u003dF515B4A2CDA8EFAD8F62053AE477B20A0DEB567F"},"link":[{"rel":"self","type":"application/atom+xml","href":"https://spreadsheets.google.com/feeds/list/1sl5BPeJ1l3SsYmK37a_vjYdkIrILD4y6l7iobJpSY2I/default/public/values/d2mkx"}],"gsx$model":{"$t":"Golf Variant"},"gsx$carrosserie":{"$t":"STATION"},"gsx$personen":{"$t":"5"},"gsx$clickurl":{"$t":"https://www.volkswagen.nl/modellen/golf-variant"},"gsx$afbeelding":{"$t":"https://www.volkswagen.nl/-/media/vwpkw/images/modellen/golf-variant/trimlinecards/trimline_golfvgp_high_door-4_rim-pj9_lamp-8ie_color-2t2t_view-02.ashx?w\u003d1013\u0026q\u003d70\u0026hash\u003dF515B4A2CDA8EFAD8F62053AE477B20A0DEB567F"}},{"id":{"$t":"https://spreadsheets.google.com/feeds/list/1sl5BPeJ1l3SsYmK37a_vjYdkIrILD4y6l7iobJpSY2I/default/public/values/cssly"},"updated":{"$t":"2019-10-10T11:24:20.068Z"},"category":[{"scheme":"http://schemas.google.com/spreadsheets/2006","term":"http://schemas.google.com/spreadsheets/2006#list"}],"title":{"type":"text","$t":"Tiguan Allspace"},"content":{"type":"text","$t":"carrosserie: SUV, personen: 7, clickurl: https://www.volkswagen.nl/modellen/tiguan-allspace, afbeelding: https://www.volkswagen.nl/-/media/vwpkw/images/modellen/tiguan-allspace/trimline-afbeeldingen/tiguan-allspace-highline-business-r.ashx?w\u003d1013\u0026q\u003d70\u0026hash\u003d5538667ED913A47926C9868F8B1BAF41D0F83423"},"link":[{"rel":"self","type":"application/atom+xml","href":"https://spreadsheets.google.com/feeds/list/1sl5BPeJ1l3SsYmK37a_vjYdkIrILD4y6l7iobJpSY2I/default/public/values/cssly"}],"gsx$model":{"$t":"Tiguan Allspace"},"gsx$carrosserie":{"$t":"SUV"},"gsx$personen":{"$t":"7"},"gsx$clickurl":{"$t":"https://www.volkswagen.nl/modellen/tiguan-allspace"},"gsx$afbeelding":{"$t":"https://www.volkswagen.nl/-/media/vwpkw/images/modellen/tiguan-allspace/trimline-afbeeldingen/tiguan-allspace-highline-business-r.ashx?w\u003d1013\u0026q\u003d70\u0026hash\u003d5538667ED913A47926C9868F8B1BAF41D0F83423"}},{"id":{"$t":"https://spreadsheets.google.com/feeds/list/1sl5BPeJ1l3SsYmK37a_vjYdkIrILD4y6l7iobJpSY2I/default/public/values/cu76f"},"updated":{"$t":"2019-10-10T11:24:20.068Z"},"category":[{"scheme":"http://schemas.google.com/spreadsheets/2006","term":"http://schemas.google.com/spreadsheets/2006#list"}],"title":{"type":"text","$t":"Tiguan"},"content":{"type":"text","$t":"carrosserie: SUV, personen: 5, clickurl: https://www.volkswagen.nl/modellen/tiguan, afbeelding: https://www.volkswagen.nl/-/media/vwpkw/images/modellen/tiguan/trimlinecards/trimline_tig3_high_door-4_rim-c3i_lamp-wll_color-k5k5_view-02.ashx?w\u003d1013\u0026q\u003d70\u0026hash\u003d565275E6B3BE75733239FBF08FA72A63DBA7D7AC"},"link":[{"rel":"self","type":"application/atom+xml","href":"https://spreadsheets.google.com/feeds/list/1sl5BPeJ1l3SsYmK37a_vjYdkIrILD4y6l7iobJpSY2I/default/public/values/cu76f"}],"gsx$model":{"$t":"Tiguan"},"gsx$carrosserie":{"$t":"SUV"},"gsx$personen":{"$t":"5"},"gsx$clickurl":{"$t":"https://www.volkswagen.nl/modellen/tiguan"},"gsx$afbeelding":{"$t":"https://www.volkswagen.nl/-/media/vwpkw/images/modellen/tiguan/trimlinecards/trimline_tig3_high_door-4_rim-c3i_lamp-wll_color-k5k5_view-02.ashx?w\u003d1013\u0026q\u003d70\u0026hash\u003d565275E6B3BE75733239FBF08FA72A63DBA7D7AC"}},{"id":{"$t":"https://spreadsheets.google.com/feeds/list/1sl5BPeJ1l3SsYmK37a_vjYdkIrILD4y6l7iobJpSY2I/default/public/values/cvlqs"},"updated":{"$t":"2019-10-10T11:24:20.068Z"},"category":[{"scheme":"http://schemas.google.com/spreadsheets/2006","term":"http://schemas.google.com/spreadsheets/2006#list"}],"title":{"type":"text","$t":"T-Cross"},"content":{"type":"text","$t":"carrosserie: SUV, personen: 5, clickurl: https://www.volkswagen.nl/modellen/t-cross, afbeelding: https://www.volkswagen.nl/-/media/vwpkw/images/modellen/t-cross/t-cross-trimline-temp-2.ashx?w\u003d1013\u0026q\u003d70\u0026hash\u003dA97923DE98D32A71427328122BDC396EED301585"},"link":[{"rel":"self","type":"application/atom+xml","href":"https://spreadsheets.google.com/feeds/list/1sl5BPeJ1l3SsYmK37a_vjYdkIrILD4y6l7iobJpSY2I/default/public/values/cvlqs"}],"gsx$model":{"$t":"T-Cross"},"gsx$carrosserie":{"$t":"SUV"},"gsx$personen":{"$t":"5"},"gsx$clickurl":{"$t":"https://www.volkswagen.nl/modellen/t-cross"},"gsx$afbeelding":{"$t":"https://www.volkswagen.nl/-/media/vwpkw/images/modellen/t-cross/t-cross-trimline-temp-2.ashx?w\u003d1013\u0026q\u003d70\u0026hash\u003dA97923DE98D32A71427328122BDC396EED301585"}},{"id":{"$t":"https://spreadsheets.google.com/feeds/list/1sl5BPeJ1l3SsYmK37a_vjYdkIrILD4y6l7iobJpSY2I/default/public/values/cx0b9"},"updated":{"$t":"2019-10-10T11:24:20.068Z"},"category":[{"scheme":"http://schemas.google.com/spreadsheets/2006","term":"http://schemas.google.com/spreadsheets/2006#list"}],"title":{"type":"text","$t":"Touareg"},"content":{"type":"text","$t":"carrosserie: SUV, personen: 6, clickurl: https://www.volkswagen.nl/modellen/touareg, afbeelding: https://www.volkswagen.nl/-/media/vwpkw/images/modellen/touareg/touareg-2018.ashx?w\u003d1013\u0026q\u003d70\u0026hash\u003d1E77414D6DEA835775F81DE66C70290273302833"},"link":[{"rel":"self","type":"application/atom+xml","href":"https://spreadsheets.google.com/feeds/list/1sl5BPeJ1l3SsYmK37a_vjYdkIrILD4y6l7iobJpSY2I/default/public/values/cx0b9"}],"gsx$model":{"$t":"Touareg"},"gsx$carrosserie":{"$t":"SUV"},"gsx$personen":{"$t":"6"},"gsx$clickurl":{"$t":"https://www.volkswagen.nl/modellen/touareg"},"gsx$afbeelding":{"$t":"https://www.volkswagen.nl/-/media/vwpkw/images/modellen/touareg/touareg-2018.ashx?w\u003d1013\u0026q\u003d70\u0026hash\u003d1E77414D6DEA835775F81DE66C70290273302833"}},{"id":{"$t":"https://spreadsheets.google.com/feeds/list/1sl5BPeJ1l3SsYmK37a_vjYdkIrILD4y6l7iobJpSY2I/default/public/values/d9ney"},"updated":{"$t":"2019-10-10T11:24:20.068Z"},"category":[{"scheme":"http://schemas.google.com/spreadsheets/2006","term":"http://schemas.google.com/spreadsheets/2006#list"}],"title":{"type":"text","$t":"T-Roc"},"content":{"type":"text","$t":"carrosserie: SUV, personen: 5, clickurl: https://www.volkswagen.nl/modellen/t-roc, afbeelding: https://www.volkswagen.nl/-/media/vwpkw/images/modellen/t-roc/trimlinecards/t-roc-style2048-802.ashx?w\u003d1013\u0026q\u003d70\u0026hash\u003dE5B6BD776F61748D2D2038F0F0F19614B488D8A5"},"link":[{"rel":"self","type":"application/atom+xml","href":"https://spreadsheets.google.com/feeds/list/1sl5BPeJ1l3SsYmK37a_vjYdkIrILD4y6l7iobJpSY2I/default/public/values/d9ney"}],"gsx$model":{"$t":"T-Roc"},"gsx$carrosserie":{"$t":"SUV"},"gsx$personen":{"$t":"5"},"gsx$clickurl":{"$t":"https://www.volkswagen.nl/modellen/t-roc"},"gsx$afbeelding":{"$t":"https://www.volkswagen.nl/-/media/vwpkw/images/modellen/t-roc/trimlinecards/t-roc-style2048-802.ashx?w\u003d1013\u0026q\u003d70\u0026hash\u003dE5B6BD776F61748D2D2038F0F0F19614B488D8A5"}}]}}