{"id":"102466929045800773","seatbid":[],"nbr":1,"ext":{"pixels":"<script type='text/javascript'>document.write('<img src=\"https://aol-match.dotomi.com/match/bounce/current?networkId=60&version=1&nuid=CMcaf8d350-eb4b-11e9-b5c8-d9a47ed20b86&gdpr=1&gdpr_consent=&rurl=https%3A%2F%2Fpixel.advertising.com%2Fups%2F55853%2Fsync%3Fuid%3D%24UID%26_origin%3D0%26gdpr%3D1%26gdpr_consent%3D\" width=\"1\" height=\"1\" style=\"display:none;\">');document.write('<img src=\"https://pixel.advertising.com/ups/56465/sync?_origin=0&redir=true&gdpr=1&gdpr_consent=\" width=\"1\" height=\"1\" style=\"display:none;\">');document.write('<img src=\"https://match.adsrvr.org/track/cmf/generic?ttd_pid=aoladtech&gdpr=1&gdpr_consent=\" width=\"1\" height=\"1\" style=\"display:none;\">');</script>"}}