{"lastUpdated":"2019-10-03T16:00:24Z","features":[{"name":"Matching Data to Offline Sources","description":"Combining data from offline sources that were initially collected in other contexts.","id":1},{"name":"Linking Devices","description":"Allow processing of a user's data to connect such user across multiple devices.","id":2},{"name":"Precise Geographic Location Data","description":"Allow processing of a user's precise geographic location data in support of a purpose for which that certain third party has consent.","id":3}],"vendorListVersion":168,"purposes":[{"name":"Information storage and access","description":"The storage of information, or access to information that is already stored, on your device such as advertising identifiers, device identifiers, cookies, and similar technologies.","id":1},{"name":"Personalisation","description":"The collection and processing of information about your use of this service to subsequently personalise advertising and/or content for you in other contexts, such as on other websites or apps, over time. Typically, the content of the site or app is used to make inferences about your interests, which inform future selection of advertising and/or content.","id":2},{"name":"Ad selection, delivery, reporting","description":"The collection of information, and combination with previously collected information, to select and deliver advertisements for you, and to measure the delivery and effectiveness of such advertisements. This includes using previously collected information about your interests to select ads, processing data about what advertisements were shown, how often they were shown, when and where they were shown, and whether you took any action related to the advertisement, including for example clicking an ad or making a purchase. This does not include personalisation, which is the collection and processing of information about your use of this service to subsequently personalise advertising and/or content for you in other contexts, such as websites or apps, over time.","id":3},{"name":"Content selection, delivery, reporting","description":"The collection of information, and combination with previously collected information, to select and deliver content for you, and to measure the delivery and effectiveness of such content. This includes using previously collected information about your interests to select content, processing data about what content was shown, how often or how long it was shown, when and where it was shown, and whether the you took any action related to the content, including for example clicking on content. This does not include personalisation, which is the collection and processing of information about your use of this service to subsequently personalise content and/or advertising for you in other contexts, such as websites or apps, over time.","id":4},{"name":"Measurement","description":"The collection of information about your use of the content, and combination with previously collected information, used to measure, understand, and report on your usage of the service. This does not include personalisation, the collection of information about your use of this service to subsequently personalise content and/or advertising for you in other contexts, i.e. on other service, such as websites or apps, over time.","id":5}],"vendors":[{"policyUrl":"https://www.emerse.com/privacy-policy/","featureIds":[1,2],"name":"Emerse Sverige AB","legIntPurposeIds":[3,5],"id":8,"purposeIds":[1,2,4]},{"policyUrl":"http://www.admaxim.com/privacy/","featureIds":[1,2,3],"name":"AdMaxim Inc.","legIntPurposeIds":[],"id":9,"purposeIds":[1,2,3,4,5]},{"policyUrl":"https://www.beeswax.com/privacy/","featureIds":[3],"name":"BeeswaxIO Corporation","legIntPurposeIds":[],"id":12,"purposeIds":[1,3,5]},{"policyUrl":"https://triplelift.com/privacy/","featureIds":[3],"name":"TripleLift, Inc.","legIntPurposeIds":[],"id":28,"purposeIds":[1,3]},{"policyUrl":"https://www.adventori.com/with-us/legal-notice/","featureIds":[],"name":"ADventori SAS","legIntPurposeIds":[],"id":27,"purposeIds":[1,3]},{"policyUrl":"https://policies.oath.com/ie/en/oath/privacy/index.html","featureIds":[1,2,3],"name":"Oath (EMEA) Limited","legIntPurposeIds":[3,5],"id":25,"purposeIds":[1,2]},{"policyUrl":"https://www.venatusmedia.com/privacy/","featureIds":[],"name":"Venatus Media Limited","legIntPurposeIds":[],"id":26,"purposeIds":[1,2,3,4,5]},{"policyUrl":"http://exponential.com/privacy","featureIds":[],"name":"Exponential Interactive, Inc","legIntPurposeIds":[],"id":1,"purposeIds":[1,2,3,4,5]},{"policyUrl":"http://www.adspirit.de/privacy","featureIds":[],"name":"AdSpirit GmbH","legIntPurposeIds":[],"id":6,"purposeIds":[1,2,3,4,5]},{"policyUrl":"https://www.bidtheatre.com/privacy-policy","featureIds":[2,3],"name":"BidTheatre AB","legIntPurposeIds":[1,3],"id":30,"purposeIds":[2]},{"policyUrl":"https://www.conversantmedia.eu/legal/privacy-policy","featureIds":[1,2,3],"name":"Conversant Europe Ltd.","legIntPurposeIds":[2,3,4,5],"id":24,"purposeIds":[1]},{"policyUrl":"https://www.etarget.sk/privacy.php","featureIds":[1],"name":"Etarget SE","legIntPurposeIds":[],"id":29,"purposeIds":[1,2,3,4,5]},{"policyUrl":"https://www.adition.com/datenschutz","featureIds":[1,2,3],"name":"ADITION technologies AG","legIntPurposeIds":[2,3,4,5],"id":39,"purposeIds":[1]},{"policyUrl":"https://www.quantcast.com/privacy/","featureIds":[1,2],"name":"Quantcast International Limited","legIntPurposeIds":[2,3,4,5],"id":11,"purposeIds":[1]},{"policyUrl":"https://www.adikteev.com/eu/privacy/","featureIds":[],"name":"Adikteev / Emoteev","legIntPurposeIds":[],"id":15,"purposeIds":[1,2,3,4,5]},{"policyUrl":"https://www.roq.ad/privacy-policy","featureIds":[2,3],"name":"Roq.ad GmbH","legIntPurposeIds":[],"id":4,"purposeIds":[1,2,3,4,5]},{"policyUrl":"https://www.vibrantmedia.com/en/privacy-policy/","featureIds":[],"name":"Vibrant Media Limited","legIntPurposeIds":[1],"id":7,"purposeIds":[2,3,4,5]},{"policyUrl":"http://www.captify.co.uk/privacy-policy/","featureIds":[2],"name":"Captify Technologies Limited","legIntPurposeIds":[5],"id":2,"purposeIds":[1,2,3]},{"policyUrl":"https://web.neural.one/privacy-policy/","featureIds":[1,2],"name":"NEURAL.ONE","legIntPurposeIds":[],"id":37,"purposeIds":[1,2,3,5]},{"policyUrl":"https://www.sovrn.com/sovrn-privacy/","featureIds":[2,3],"name":"Sovrn Holdings Inc","legIntPurposeIds":[],"id":13,"purposeIds":[1,2,3]},{"policyUrl":"https://www.neory.com/privacy.html","featureIds":[],"name":"NEORY GmbH","legIntPurposeIds":[3],"id":34,"purposeIds":[1,2,4,5]},{"policyUrl":"https://www.appnexus.com/en/company/platform-privacy-policy","featureIds":[2,3],"name":"AppNexus Inc.","legIntPurposeIds":[3],"id":32,"purposeIds":[1]},{"policyUrl":"https://www.indexexchange.com/privacy","featureIds":[2,3],"name":"Index Exchange, Inc. ","legIntPurposeIds":[3],"id":10,"purposeIds":[1]},{"policyUrl":"https://adara.com/privacy-promise/","featureIds":[1,2],"name":"ADARA MEDIA UNLIMITED","legIntPurposeIds":[],"id":57,"purposeIds":[1,2,3,4,5]},{"policyUrl":"http://www.avocet.io/privacy-policy","featureIds":[],"name":"Avocet Systems Limited","legIntPurposeIds":[1,3],"id":63,"purposeIds":[]},{"policyUrl":"https://www.groundtruth.com/privacy-policy/","featureIds":[1,2,3],"name":"xAd, Inc. dba GroundTruth","legIntPurposeIds":[],"id":51,"purposeIds":[1,2,3,4,5]},{"policyUrl":"http://tradelab.com/en/privacy/","featureIds":[1,2,3],"name":"Tradelab, SAS","legIntPurposeIds":[5],"id":49,"purposeIds":[1,2,3]},{"policyUrl":"https://smartadserver.com/end-user-privacy-policy/","featureIds":[3],"name":"Smart Adserver","legIntPurposeIds":[3,5],"id":45,"purposeIds":[1]},{"policyUrl":"http://www.rubiconproject.com/rubicon-project-yield-optimization-privacy-policy/","featureIds":[3],"name":"The Rubicon Project, Inc. ","legIntPurposeIds":[2,3,4,5],"id":52,"purposeIds":[1]},{"policyUrl":"https://www.dataxu.com/about-us/privacy/data-collection-platform/","featureIds":[1,2,3],"name":"Dataxu, Inc. ","legIntPurposeIds":[],"id":71,"purposeIds":[1,2,3,4,5]},{"policyUrl":"http://www.mediamath.com/privacy-policy/","featureIds":[1,2,3],"name":"MediaMath, Inc.","legIntPurposeIds":[2,3,4,5],"id":79,"purposeIds":[1]},{"policyUrl":"https://www.criteo.com/privacy/","featureIds":[1,2],"name":"Criteo SA","legIntPurposeIds":[],"id":91,"purposeIds":[1,2,3]},{"policyUrl":"https://crimtan.com/privacy/","featureIds":[1,2,3],"name":"Crimtan Holdings Limited","legIntPurposeIds":[],"id":85,"purposeIds":[1,2,3,4,5]},{"policyUrl":"https://www.rtbhouse.com/privacy-center/services-privacy-policy/","featureIds":[],"name":"RTB House S.A.","legIntPurposeIds":[],"id":16,"purposeIds":[1,3]},{"policyUrl":"http://scenestealer.tv/privacy-policy/","featureIds":[3],"name":"Scene Stealer Limited","legIntPurposeIds":[],"id":86,"purposeIds":[1,2,3,4,5]},{"policyUrl":"http://www.blis.com/privacy/","featureIds":[1,2,3],"name":"Blis Media Limited","legIntPurposeIds":[],"id":94,"purposeIds":[1,2,3,4,5]},{"policyUrl":"https://www.simpli.fi/site-privacy-policy2/","featureIds":[2,3],"name":"Simplifi Holdings Inc.","legIntPurposeIds":[1],"id":73,"purposeIds":[2,3,4,5]},{"policyUrl":"http://www.sharethis.com/privacy/","featureIds":[2],"name":"ShareThis, Inc.","legIntPurposeIds":[5],"id":33,"purposeIds":[1,2,3,4]},{"policyUrl":"https://n.rich/privacy-notice","featureIds":[2],"name":"N Technologies Inc.","legIntPurposeIds":[1,2,3,4,5],"id":20,"purposeIds":[]},{"policyUrl":"https://www.madisonlogic.com/privacy/","featureIds":[1,2,3],"name":"Madison Logic, Inc.","legIntPurposeIds":[1,2,3,4,5],"id":55,"purposeIds":[]},{"policyUrl":"https://www.sirdata.com/privacy/","featureIds":[1,2],"name":"Sirdata","legIntPurposeIds":[],"id":53,"purposeIds":[1,2,3,4,5]},{"policyUrl":"https://www.openx.com/legal/privacy-policy/","featureIds":[1,2,3],"name":"OpenX","legIntPurposeIds":[],"id":69,"purposeIds":[1,2,3]},{"policyUrl":"https://www.groupm.com/privacy-notice","featureIds":[1,2,3],"name":"GroupM UK Limited","legIntPurposeIds":[5],"id":98,"purposeIds":[1,2,3,4]},{"policyUrl":"http://justpremium.com/privacy-policy/","featureIds":[],"name":"Justpremium BV","legIntPurposeIds":[],"id":62,"purposeIds":[1,2,3,4,5]},{"policyUrl":"https://intentmedia.com/privacy-policy/","featureIds":[2],"name":"Intent Media, Inc.","legIntPurposeIds":[2,3,4,5],"id":19,"purposeIds":[1]},{"policyUrl":"https://chocolateplatform.com/privacy-policy/","deletedDate":"2019-08-06T00:00:00Z","featureIds":[3],"name":"Vdopia DBA Chocolate Platform","legIntPurposeIds":[],"id":43,"purposeIds":[1,3]},{"policyUrl":"https://www.rhythmone.com/privacy-policy","featureIds":[1,2,3],"name":"RhythmOne, LLC","legIntPurposeIds":[1,2,3,4],"id":36,"purposeIds":[5]},{"policyUrl":"https://platform-cdn.sharethrough.com/privacy-policy","featureIds":[],"name":"Sharethrough, Inc","legIntPurposeIds":[1],"id":80,"purposeIds":[3,5]},{"policyUrl":"https://www.pulsepoint.com/privacy-policy","featureIds":[1,2,3],"name":"PulsePoint, Inc.","legIntPurposeIds":[],"id":81,"purposeIds":[1,2,3,4,5]},{"policyUrl":"https://www.amobee.com/trust/privacy-guidelines","featureIds":[1,2,3],"name":"Amobee, Inc. ","legIntPurposeIds":[2,3,4,5],"id":23,"purposeIds":[1]},{"policyUrl":"http://www.purch.com/privacy-policy/","deletedDate":"2019-05-30T00:00:00Z","featureIds":[],"name":"Purch Group, Inc.","legIntPurposeIds":[3,5],"id":35,"purposeIds":[1]},{"policyUrl":"http://www.lifestreet.com/privacy/","deletedDate":"2019-05-30T00:00:00Z","featureIds":[],"name":"LifeStreet Corporation","legIntPurposeIds":[2],"id":67,"purposeIds":[1,4,5]},{"policyUrl":"https://www.affili.net/de/footeritem/datenschutz","deletedDate":"2019-06-21T00:00:00Z","featureIds":[],"name":"affilinet","legIntPurposeIds":[],"id":3,"purposeIds":[2,3,4,5]},{"policyUrl":"http://www.admotion.com/policy/","deletedDate":"2019-07-24T00:00:00Z","featureIds":[],"name":"Admotion SRL","legIntPurposeIds":[],"id":74,"purposeIds":[1,3]},{"policyUrl":"https://realzeitmedia.com/privacy.html","deletedDate":"2019-04-29T00:00:00Z","featureIds":[3],"name":"realzeit GmbH","legIntPurposeIds":[],"id":191,"purposeIds":[1,2,3,4,5]},{"policyUrl":"https://www.switchconcepts.com/privacy-policy","deletedDate":"2019-07-26T00:00:00Z","featureIds":[],"name":"Switch Concepts Limited","legIntPurposeIds":[],"id":197,"purposeIds":[1,3,5]},{"policyUrl":"www.parsec.media/privacy-policy","deletedDate":"2019-06-27T00:00:00Z","featureIds":[1,3],"name":"Parsec Media Inc.","legIntPurposeIds":[5],"id":390,"purposeIds":[1,3]},{"policyUrl":"https://netzwerk.uppr.de/privacy-policy.do","deletedDate":"2019-06-17T00:00:00Z","featureIds":[],"name":"uppr GmbH","legIntPurposeIds":[1,3,5],"id":459,"purposeIds":[]},{"policyUrl":"http://www.lemomedia.com/terms.pdf","deletedDate":"2019-06-28T00:00:00Z","featureIds":[3],"name":"LEMO MEDIA GROUP LIMITED","legIntPurposeIds":[],"id":221,"purposeIds":[1,2,3,4,5]},{"policyUrl":"https://www.revlifter.com/privacy-policy","deletedDate":"2019-07-15T00:00:00Z","featureIds":[],"name":"RevLifter Ltd","legIntPurposeIds":[2],"id":478,"purposeIds":[1]},{"policyUrl":"http://www.turboadv.com/white-rabbit-privacy-policy/","deletedDate":"2019-07-12T00:00:00Z","featureIds":[2,3],"name":"Turbo","legIntPurposeIds":[],"id":500,"purposeIds":[1,2,3,5]},{"policyUrl":"https://www.sizmek.com/privacy-policy/","featureIds":[2],"name":"Sizmek","legIntPurposeIds":[2,3,4,5],"id":68,"purposeIds":[1]},{"policyUrl":"https://m32.media/privacy-cookie-policy/","featureIds":[3],"name":"M32 Connect Inc","legIntPurposeIds":[],"id":75,"purposeIds":[1,2,3,4,5]},{"policyUrl":"https://www.lemonpi.io/privacy-policy/","deletedDate":"2019-08-06T00:00:00Z","featureIds":[2],"name":"Greenhouse Group BV (with its trademark LemonPI)","legIntPurposeIds":[],"id":17,"purposeIds":[1,2,3,4,5]},{"policyUrl":"https://gumgum.com/privacy-policy","featureIds":[3],"name":"GumGum, Inc.","legIntPurposeIds":[],"id":61,"purposeIds":[1,2,3,5]},{"policyUrl":"http://www.active-agent.com/de/unternehmen/datenschutzerklaerung/","featureIds":[1,2,3],"name":"Active Agent AG","legIntPurposeIds":[1,2,3,4,5],"id":40,"purposeIds":[]},{"policyUrl":"https://pubmatic.com/privacy-policy/","featureIds":[],"name":"PubMatic, Inc.","legIntPurposeIds":[2,3,4,5],"id":76,"purposeIds":[1]},{"policyUrl":"https://www.tapad.com/privacy","featureIds":[2],"name":"Tapad, Inc. ","legIntPurposeIds":[2,3,5],"id":89,"purposeIds":[1]},{"policyUrl":"https://skimlinks.com/pages/privacy-policy","featureIds":[2],"name":"Skimbit Ltd","legIntPurposeIds":[5],"id":46,"purposeIds":[1,2,3]},{"policyUrl":"https://www.adsquare.com/privacy","featureIds":[1,2,3],"name":"adsquare GmbH","legIntPurposeIds":[],"id":66,"purposeIds":[1,2,3,5]},{"policyUrl":"https://impressiondesk.com/privacy-policy/","deletedDate":"2019-08-06T00:00:00Z","featureIds":[2,3],"name":"Impression Desk Technologies Limited","legIntPurposeIds":[],"id":105,"purposeIds":[1,3,5]},{"policyUrl":"https://www.adverline.com/privacy/","featureIds":[],"name":"Adverline","legIntPurposeIds":[1,3],"id":41,"purposeIds":[2]},{"policyUrl":"https://www.smaato.com/privacy/","featureIds":[3],"name":"Smaato, Inc.","legIntPurposeIds":[],"id":82,"purposeIds":[1,2,3,4,5]},{"policyUrl":"https://rakutenmarketing.com/legal-notices/services-privacy-policy","featureIds":[1,2,3],"name":"Rakuten Marketing LLC","legIntPurposeIds":[2,3,4,5],"id":60,"purposeIds":[1]},{"policyUrl":"http://www.yieldlab.de/meta-navigation/datenschutz/","featureIds":[3],"name":"Yieldlab AG","legIntPurposeIds":[1,3],"id":70,"purposeIds":[]},{"policyUrl":"https://site.adform.com/privacy-policy-opt-out/","featureIds":[1,2],"name":"Adform A/S","legIntPurposeIds":[2,3,4,5],"id":50,"purposeIds":[1]},{"policyUrl":"https://www.inres.sk/pp/","featureIds":[1,2,3],"name":"NetSuccess, s.r.o.","legIntPurposeIds":[],"id":48,"purposeIds":[1,2,3,4,5]},{"policyUrl":"https://fifty.io/privacy-policy.php","featureIds":[],"name":"Fifty Technology Limited","legIntPurposeIds":[5],"id":100,"purposeIds":[1,2,3]},{"policyUrl":"https://www.thetradedesk.com/general/privacy-policy","featureIds":[1,2,3],"name":"The Trade Desk","legIntPurposeIds":[3,5],"id":21,"purposeIds":[1,2]},{"policyUrl":"https://www.dma-institute.com/privacy-compliancy/","featureIds":[],"name":"Hottraffic BV (DMA Institute)","legIntPurposeIds":[],"id":110,"purposeIds":[1,5]},{"policyUrl":"https://www.taboola.com/privacy-policy","featureIds":[1,2],"name":"Taboola Europe Limited","legIntPurposeIds":[2,3,4,5],"id":42,"purposeIds":[1]},{"policyUrl":"https://maytrics.com/node/2","deletedDate":"2019-09-17T00:00:00Z","featureIds":[],"name":"Maytrics GmbH","legIntPurposeIds":[],"id":112,"purposeIds":[1,2,3,4,5]},{"policyUrl":"https://www.comscore.com/About-comScore/Privacy-Policy","featureIds":[2],"name":"comScore, Inc.","legIntPurposeIds":[],"id":77,"purposeIds":[1,5]},{"policyUrl":"https://loopme.com/privacy/","featureIds":[1,2,3],"name":"LoopMe Ltd","legIntPurposeIds":[],"id":109,"purposeIds":[1,2,3,5]},{"policyUrl":"https://www.eyeota.com/privacy-policy/","featureIds":[1],"name":"Eyeota Ptd Ltd","legIntPurposeIds":[],"id":120,"purposeIds":[1,2,3,4,5]},{"policyUrl":"http://adloox.com/disclaimer","featureIds":[],"name":"Adloox SA","legIntPurposeIds":[5],"id":93,"purposeIds":[]},{"policyUrl":"https://teads.tv/privacy-policy/","featureIds":[1,2],"name":"Teads ","legIntPurposeIds":[3,4,5],"id":132,"purposeIds":[1,2]},{"policyUrl":"https://admetrics.io/en/privacy_policy/","featureIds":[],"name":"admetrics GmbH","legIntPurposeIds":[],"id":22,"purposeIds":[1,2,3,4,5]},{"policyUrl":"http://www.slimcutmedia.com/privacy-policy/","featureIds":[],"name":"SlimCut Media SAS","legIntPurposeIds":[3],"id":102,"purposeIds":[1,2]},{"policyUrl":"https://richaudience.com/privacy/","featureIds":[3],"name":"Rich Audience","legIntPurposeIds":[],"id":108,"purposeIds":[1,2,3,4,5]},{"policyUrl":"https://www.widespace.com/legal/privacy-policy-notice/","featureIds":[],"name":"Widespace AB","legIntPurposeIds":[],"id":18,"purposeIds":[1,2,3]},{"policyUrl":"http://www.avidglobalmedia.eu/privacy-policy.html","featureIds":[],"name":"Avid Media Ltd","legIntPurposeIds":[],"id":122,"purposeIds":[1,2,3]},{"policyUrl":"https://www.liveramp.com/service-privacy-policy/","featureIds":[1,2],"name":"LiveRamp, Inc.","legIntPurposeIds":[],"id":97,"purposeIds":[1,2,3,4,5]},{"policyUrl":"http://connectadrealtime.com/privacy/","featureIds":[],"name":"ConnectAd Realtime GmbH","legIntPurposeIds":[3],"id":138,"purposeIds":[1]},{"policyUrl":"http://www.nanointeractive.com/privacy","featureIds":[],"name":"Nano Interactive GmbH","legIntPurposeIds":[5],"id":72,"purposeIds":[1,2,3]},{"policyUrl":"https://piximedia.com/privacy/","featureIds":[3],"name":"PIXIMEDIA SAS","legIntPurposeIds":[3,5],"id":127,"purposeIds":[1,2,4]},{"policyUrl":"https://www.stroeer.de/fileadmin/user_upload/Datenschutz.pdf","featureIds":[2,3],"name":"Ströer SSP GmbH","legIntPurposeIds":[1,2,3,5],"id":136,"purposeIds":[]},{"policyUrl":"http://showheroes.com/privacy","featureIds":[3],"name":"ShowHeroes GmbH","legIntPurposeIds":[5],"id":111,"purposeIds":[]},{"policyUrl":"https://www.confiant.com/privacy","featureIds":[],"name":"Confiant Inc.","legIntPurposeIds":[],"id":56,"purposeIds":[1]},{"policyUrl":"https://teemo.co/fr/confidentialite/","featureIds":[3],"name":"Teemo SA","legIntPurposeIds":[],"id":124,"purposeIds":[1,2,3,5]},{"policyUrl":"https://yoc.com/privacy/","featureIds":[3],"name":"YOC AG","legIntPurposeIds":[3,5],"id":154,"purposeIds":[1,2]},{"policyUrl":"https://www.beemray.com/privacy-policy/","featureIds":[3],"name":"Beemray Oy","legIntPurposeIds":[],"id":38,"purposeIds":[1,2,3,5]},{"policyUrl":"http://wearemiq.com/privacy-policy/","featureIds":[1,2,3],"name":"MiQ","legIntPurposeIds":[],"id":101,"purposeIds":[1,2,3,4,5]},{"policyUrl":"http://admanmedia.com/politica","featureIds":[],"name":"ADman Interactive SL","legIntPurposeIds":[5],"id":149,"purposeIds":[1,2,3]},{"policyUrl":"https://www.admedo.com/privacy-policy","featureIds":[3],"name":"Admedo Ltd","legIntPurposeIds":[1,2,3],"id":151,"purposeIds":[]},{"policyUrl":"https://madvertise.com/en/gdpr/","featureIds":[1,2,3],"name":"MADVERTISE MEDIA","legIntPurposeIds":[],"id":153,"purposeIds":[1,2,3,4,5]},{"policyUrl":"https://underdogmedia.com/privacy-policy/","featureIds":[],"name":"Underdog Media LLC ","legIntPurposeIds":[],"id":159,"purposeIds":[1,2,3,5]},{"policyUrl":"https://www.seedtag.com/en/privacy-policy/","featureIds":[],"name":"Seedtag Advertising S.L","legIntPurposeIds":[],"id":157,"purposeIds":[1,2,3]},{"policyUrl":"https://sortable.com/privacy","featureIds":[],"name":"Snapsort Inc., operating as Sortable","legIntPurposeIds":[],"id":145,"purposeIds":[1,5]},{"policyUrl":"https://www.id5.io/privacy","featureIds":[],"name":"ID5 Technology SAS","legIntPurposeIds":[],"id":131,"purposeIds":[1]},{"policyUrl":"https://revealmobile.com/privacy","featureIds":[1,2,3],"name":"Reveal Mobile, Inc","legIntPurposeIds":[],"id":158,"purposeIds":[1,2,3,4,5]},{"policyUrl":"https://www.adacado.com/privacy-policy-april-25-2018/","featureIds":[],"name":"Adacado Technologies Inc. (DBA Adacado)","legIntPurposeIds":[],"id":147,"purposeIds":[1,2,3]},{"policyUrl":"https://www.nextroll.com/privacy","featureIds":[1,2],"name":"NextRoll, Inc.","legIntPurposeIds":[2,3,4,5],"id":130,"purposeIds":[1]},{"policyUrl":"https://www.iponweb.com/privacy-policy/","featureIds":[1,2,3],"name":"IPONWEB GmbH","legIntPurposeIds":[],"id":129,"purposeIds":[1,2,3,4,5]},{"policyUrl":"http://www.bidswitch.com/privacy-policy/","featureIds":[1,2,3],"name":"BIDSWITCH GmbH","legIntPurposeIds":[],"id":128,"purposeIds":[1,2,3,4,5]},{"policyUrl":"https://login.rtbmarket.com/gdpr","featureIds":[1,2,3],"name":"EASYmedia GmbH","legIntPurposeIds":[],"id":168,"purposeIds":[1,2,3,4,5]},{"policyUrl":"https://www.outbrain.com/legal/","featureIds":[1],"name":"Outbrain UK Ltd","legIntPurposeIds":[4],"id":164,"purposeIds":[1,2,3,5]},{"policyUrl":"https://districtm.net/en/page/platforms-data-and-privacy-policy/","featureIds":[],"name":"district m inc.","legIntPurposeIds":[],"id":144,"purposeIds":[1,2,3,5]},{"policyUrl":"https://bombora.com/privacy","featureIds":[1,2],"name":"Bombora Inc.","legIntPurposeIds":[3,4,5],"id":163,"purposeIds":[1,2]},{"policyUrl":"https://www.yieldmo.com/privacy/","featureIds":[1,2,3],"name":"Yieldmo, Inc.","legIntPurposeIds":[],"id":173,"purposeIds":[1,2,3,4,5]},{"policyUrl":"https://www.tresensa.com/eu-privacy","featureIds":[],"name":"TreSensa, Inc.","legIntPurposeIds":[2,3],"id":88,"purposeIds":[1]},{"policyUrl":"http://www.flashtalking.com/privacypolicy/","featureIds":[],"name":"Flashtalking, Inc.","legIntPurposeIds":[],"id":78,"purposeIds":[1]},{"policyUrl":"https://www.sift.co/privacy","featureIds":[3],"name":"Sift Media, Inc","legIntPurposeIds":[],"id":59,"purposeIds":[1,2,3]},{"policyUrl":"http://ayads.co/privacy.php","featureIds":[],"name":"Sublime","legIntPurposeIds":[5],"id":114,"purposeIds":[1,2,3]},{"policyUrl":"http://fortvision.com/POC/index.html","deletedDate":"2019-08-09T00:00:00Z","featureIds":[],"name":"FORTVISION","legIntPurposeIds":[],"id":175,"purposeIds":[1,2,3,4,5]},{"policyUrl":"https://digitalaudience.io/legal/privacy-cookies/","featureIds":[1,2,3],"name":"digitalAudience","legIntPurposeIds":[],"id":133,"purposeIds":[1,3,5]},{"policyUrl":"http://adkernel.com/privacy-policy/","featureIds":[2,3],"name":"Adkernel LLC","legIntPurposeIds":[],"id":14,"purposeIds":[1,2,3,4,5]},{"policyUrl":"http://www.thirdpresence.com/privacy","deletedDate":"2019-10-02T00:00:00Z","featureIds":[3],"name":"Thirdpresence Oy","legIntPurposeIds":[3],"id":180,"purposeIds":[1]},{"policyUrl":"https://emxdigital.com/privacy/","featureIds":[2,3],"name":"EMX Digital LLC","legIntPurposeIds":[3,4,5],"id":183,"purposeIds":[1,2]},{"policyUrl":"http://www.33across.com/privacy-policy","featureIds":[2],"name":"33Across","legIntPurposeIds":[],"id":58,"purposeIds":[1,2,3,5]},{"policyUrl":"https://platform161.com/cookie-and-privacy-policy/","featureIds":[],"name":"Platform161","legIntPurposeIds":[],"id":140,"purposeIds":[1,2,3,4,5]},{"policyUrl":"https://www.e-planning.net/en/privacy.html","featureIds":[],"name":"Teroa S.A.","legIntPurposeIds":[2,3,4,5],"id":90,"purposeIds":[1]},{"policyUrl":"https://www.ericsson-emodo.com/privacy-policy/","featureIds":[3],"name":"1020, Inc. dba Placecast and Ericsson Emodo","legIntPurposeIds":[5],"id":141,"purposeIds":[1,2,3,4]},{"policyUrl":"https://www.media.net/en/privacy-policy","featureIds":[3],"name":"Media.net Advertising FZ-LLC","legIntPurposeIds":[3,5],"id":142,"purposeIds":[1,2]},{"policyUrl":"http://www.deltaprojects.com/data-collection-policy/","featureIds":[3],"name":"Delta Projects AB","legIntPurposeIds":[2,3,5],"id":209,"purposeIds":[1]},{"policyUrl":"http://www.advanced-store.com/de/datenschutz/","featureIds":[3],"name":"advanced store GmbH","legIntPurposeIds":[1,2,3],"id":195,"purposeIds":[]},{"policyUrl":"https://www.vi.ai/privacy-policy/","featureIds":[],"name":"video intelligence AG","legIntPurposeIds":[],"id":190,"purposeIds":[1,2,3,4,5]},{"policyUrl":"http://www.semasio.com/privacy-policy/","featureIds":[],"name":"Semasio GmbH","legIntPurposeIds":[1,2,4,5],"id":84,"purposeIds":[]},{"policyUrl":"https://www.locationsciences.ai/privacy-policy/","featureIds":[3],"name":"Location Sciences AI Ltd","legIntPurposeIds":[],"id":65,"purposeIds":[1,3,4,5]},{"policyUrl":"http://www.zemanta.com/legal/privacy","featureIds":[1],"name":"Zemanta, Inc.","legIntPurposeIds":[],"id":210,"purposeIds":[1,2,3,4,5]},{"policyUrl":"https://www.tapjoy.com/legal/#privacy-policy","featureIds":[],"name":"Tapjoy, Inc.","legIntPurposeIds":[1,2,3,4,5],"id":200,"purposeIds":[]},{"policyUrl":"https://retargeter.com/service-privacy-policy/","deletedDate":"2019-09-17T00:00:00Z","featureIds":[1,2,3],"name":"Sellpoints Inc.","legIntPurposeIds":[1,2,3,4,5],"id":188,"purposeIds":[]},{"policyUrl":"https://www.ipromote.com/privacy-policy/","featureIds":[],"name":"2KDirect, Inc. (dba iPromote)","legIntPurposeIds":[1,3],"id":217,"purposeIds":[]},{"policyUrl":"https://www.centro.net/privacy-policy/","featureIds":[1],"name":"Centro, Inc.","legIntPurposeIds":[2,3,4,5],"id":156,"purposeIds":[1]},{"policyUrl":"https://rezonence.com/privacy-policy/","featureIds":[],"name":"Rezonence Limited","legIntPurposeIds":[1],"id":194,"purposeIds":[3,5]},{"policyUrl":"https://www.publicismedia.de/datenschutz/","featureIds":[1],"name":"Publicis Media GmbH","legIntPurposeIds":[2,3,4,5],"id":226,"purposeIds":[1]},{"policyUrl":"https://redirect.sync.tv/privacy/","deletedDate":"2019-09-12T00:00:00Z","featureIds":[],"name":"SYNC","legIntPurposeIds":[],"id":198,"purposeIds":[1,3]},{"policyUrl":"https://www.ortecadscience.com/privacy-policy/","featureIds":[1,2,3],"name":"ORTEC B.V.","legIntPurposeIds":[1,3,4,5],"id":227,"purposeIds":[2]},{"policyUrl":"https://www.ligatus.com/en/privacy-policy","featureIds":[3],"name":"Ligatus GmbH","legIntPurposeIds":[1,2,3,5],"id":225,"purposeIds":[]},{"policyUrl":"http://adssets.com/policy/","featureIds":[],"name":"Adssets AB","legIntPurposeIds":[3,5],"id":205,"purposeIds":[]},{"policyUrl":"https://www.timeincuk.com/privacy/","featureIds":[1,2,3],"name":"Collective Europe Ltd.","legIntPurposeIds":[],"id":179,"purposeIds":[1,2,3,4,5]},{"policyUrl":"https://www.ogury.com/privacy/","featureIds":[2],"name":"Ogury Ltd.","legIntPurposeIds":[5],"id":31,"purposeIds":[1,2,3,4]},{"policyUrl":"https://www.1plusx.com/privacy-policy/","featureIds":[1,2,3],"name":"1plusX AG","legIntPurposeIds":[1,2,3,4,5],"id":92,"purposeIds":[]},{"policyUrl":"https://www.antvoice.com/en/privacypolicy/","featureIds":[2],"name":"AntVoice","legIntPurposeIds":[],"id":155,"purposeIds":[1,2,3]},{"policyUrl":"http://privacy-portal.smartclip.net/","featureIds":[1,2,3],"name":"smartclip Holding AG","legIntPurposeIds":[2,3,5],"id":115,"purposeIds":[1]},{"policyUrl":"https://www.doubleverify.com/privacy/","featureIds":[],"name":"DoubleVerify Inc.​","legIntPurposeIds":[],"id":126,"purposeIds":[5]},{"policyUrl":"http://mediasmart.io/privacy/","featureIds":[3],"name":"Mediasmart Mobile S.L.","legIntPurposeIds":[],"id":193,"purposeIds":[1,3]},{"policyUrl":"https://www.ignitionone.com/privacy-policy/","featureIds":[1,2],"name":"IgnitionOne","legIntPurposeIds":[1,2,3,4,5],"id":245,"purposeIds":[]},{"policyUrl":"https://www.emetriq.com/datenschutz/","featureIds":[1,2],"name":"emetriq GmbH","legIntPurposeIds":[2,3,5],"id":213,"purposeIds":[1]},{"policyUrl":"https://temelio.com/vie-privee","featureIds":[1,2],"name":"Leadplace - Temelio","legIntPurposeIds":[],"id":244,"purposeIds":[1,2,3,4,5]},{"policyUrl":"https://www.adrule.net/de/datenschutz/","featureIds":[3],"name":"adrule mobile GmbH","legIntPurposeIds":[1,3,5],"id":224,"purposeIds":[2,4]},{"policyUrl":"https://www.amillionads.com/privacy-policy","deletedDate":"2019-08-06T00:00:00Z","featureIds":[],"name":"A Million Ads Limited","legIntPurposeIds":[3],"id":174,"purposeIds":[]},{"policyUrl":"https://remerge.io/privacy-policy.html","featureIds":[],"name":"remerge GmbH","legIntPurposeIds":[],"id":192,"purposeIds":[1,2,3,4,5]},{"policyUrl":"http://rockerbox.com/privacy","deletedDate":"2019-09-12T00:00:00Z","featureIds":[3],"name":"Rockerbox, Inc","legIntPurposeIds":[1,3,5],"id":232,"purposeIds":[]},{"policyUrl":"https://www.bouncex.com/privacy/","featureIds":[1,2],"name":"Bounce Exchange, Inc","legIntPurposeIds":[2,4,5],"id":256,"purposeIds":[1]},{"policyUrl":"https://zbo.media/mentions-legales/politique-de-confidentialite-service-publicitaire/","featureIds":[1,2],"name":"ZBO Media","legIntPurposeIds":[5],"id":234,"purposeIds":[1,2,3]},{"policyUrl":"https://www.smartology.net/privacy-policy/","featureIds":[],"name":"Smartology Limited","legIntPurposeIds":[5],"id":246,"purposeIds":[]},{"policyUrl":"https://www.onetag.net/privacy/","featureIds":[1,2,3],"name":"OneTag Ltd","legIntPurposeIds":[5],"id":241,"purposeIds":[1,2,3,4]},{"policyUrl":"https://liquidm.com/privacy-policy/","featureIds":[3],"name":"LiquidM Technology GmbH","legIntPurposeIds":[1,2,3,5],"id":254,"purposeIds":[]},{"policyUrl":"https://armis.tech/en/armis-personal-data-privacy-policy/","featureIds":[],"name":"ARMIS SAS","legIntPurposeIds":[],"id":215,"purposeIds":[1,2,3]},{"policyUrl":"http://www.audiens.com/privacy","featureIds":[1,2,3],"name":"Audiens S.r.l.","legIntPurposeIds":[],"id":167,"purposeIds":[1,5]},{"policyUrl":"https://zergnet.com/privacy","featureIds":[],"name":"7Hops.com Inc. (ZergNet)","legIntPurposeIds":[1,4,5],"id":240,"purposeIds":[]},{"policyUrl":"http://www.bucksense.com/platform-privacy-policy/","featureIds":[2,3],"name":"Bucksense Inc","legIntPurposeIds":[2,3,4,5],"id":235,"purposeIds":[1]},{"policyUrl":"https://www.bidtellect.com/privacy-policy/","featureIds":[1,2],"name":"Bidtellect, Inc","legIntPurposeIds":[],"id":185,"purposeIds":[1,2,3,4,5]},{"policyUrl":"https://www.adello.com/privacy-policy/","featureIds":[3],"name":"Adello Group AG","legIntPurposeIds":[1,2,3,5],"id":258,"purposeIds":[]},{"policyUrl":"http://www.rtk.io/privacy.html","featureIds":[1,3],"name":"RTK.IO, Inc","legIntPurposeIds":[2,3,5],"id":169,"purposeIds":[1,4]},{"policyUrl":"http://www.spotad.co/privacy-policy/","featureIds":[1,2,3],"name":"Spotad","legIntPurposeIds":[],"id":208,"purposeIds":[2,3]},{"policyUrl":"http://adtheorent.com/privacy-policy","featureIds":[1,2,3],"name":"AdTheorent, Inc","legIntPurposeIds":[],"id":211,"purposeIds":[1,2,3,4,5]},{"policyUrl":"http://www.digitize.ie/online-privacy","featureIds":[],"name":"Digitize New Media Ltd","legIntPurposeIds":[],"id":229,"purposeIds":[2,4]},{"policyUrl":"https://www.bannerflow.com/privacy ","featureIds":[],"name":"Bannerflow AB","legIntPurposeIds":[3,4,5],"id":273,"purposeIds":[1]},{"policyUrl":"http://sonobi.com/privacy-policy/","featureIds":[1,2,3],"name":"Sonobi, Inc","legIntPurposeIds":[3],"id":104,"purposeIds":[1,2]},{"policyUrl":"https://unruly.co/privacy/","featureIds":[1,2],"name":"Unruly Group Ltd","legIntPurposeIds":[1,2,3,5],"id":162,"purposeIds":[]},{"policyUrl":"https://www.spolecznosci.pl/polityka-prywatnosci","featureIds":[2,3],"name":"Spolecznosci Sp. z o.o. Sp. k.","legIntPurposeIds":[],"id":249,"purposeIds":[1,2,3,4,5]},{"policyUrl":"https://www.valuedopinions.co.uk/privacy","deletedDate":"2019-09-17T00:00:00Z","featureIds":[],"name":"Research Now Group, Inc","legIntPurposeIds":[],"id":125,"purposeIds":[1,3,5]},{"policyUrl":"https://goodwaygroup.com/privacy-policy/","featureIds":[1,2,3],"name":"Goodway Group, Inc.","legIntPurposeIds":[1,2,3,4,5],"id":170,"purposeIds":[]},{"policyUrl":"http://spoldzielnia.nsaudience.pl/opt-out/","featureIds":[1,2,3],"name":"Netsprint SA","legIntPurposeIds":[],"id":160,"purposeIds":[1,2,3,4,5]},{"policyUrl":"http://www.intowow.com/privacy/","deletedDate":"2019-08-12T00:00:00Z","featureIds":[3],"name":"Intowow Innovation Ltd.","legIntPurposeIds":[],"id":189,"purposeIds":[1,3]},{"policyUrl":"https://wwwmirando.de/datenschutz/","featureIds":[3],"name":"Mirando GmbH &amp; Co KG","legIntPurposeIds":[],"id":279,"purposeIds":[1,2,3,4,5]},{"policyUrl":"https://sanoma.fi/tietoa-meista/tietosuoja/","deletedDate":"2019-08-07T00:00:00Z","featureIds":[1,2,3],"name":"Sanoma Media Finland","legIntPurposeIds":[],"id":269,"purposeIds":[1,2,3,4,5]},{"policyUrl":"https://viralize.com/privacy-policy","featureIds":[3],"name":"Viralize SRL","legIntPurposeIds":[],"id":276,"purposeIds":[1,2,3,4,5]},{"policyUrl":"http://www.geniussports.com/privacy-policy/","featureIds":[2,3],"name":"Genius Sports Media Limited","legIntPurposeIds":[1,3,5],"id":87,"purposeIds":[2,4]},{"policyUrl":"https://www.vistohub.com/privacy-policy/","deletedDate":"2019-07-26T00:00:00Z","featureIds":[1,2,3],"name":"Collective, Inc. dba Visto","legIntPurposeIds":[],"id":182,"purposeIds":[1,2,3,4,5]},{"policyUrl":"https://www.onnetwork.tv/pp_services.php","featureIds":[],"name":"Onnetwork Sp. z o.o.","legIntPurposeIds":[1],"id":255,"purposeIds":[2,3,5]},{"policyUrl":"https://faq.revcontent.com/customer/en/portal/articles/2703838-revcontent-s-privacy-and-cookie-policy","featureIds":[],"name":"Revcontent, LLC","legIntPurposeIds":[1,2,3,4,5],"id":203,"purposeIds":[]},{"policyUrl":"https://rockyou.com/privacy-policy/","deletedDate":"2019-08-09T00:00:00Z","featureIds":[3],"name":"RockYou, Inc.","legIntPurposeIds":[1,2,5],"id":260,"purposeIds":[3]},{"policyUrl":"http://www.lkqd.com/privacy-policy/","deletedDate":"2019-09-12T00:00:00Z","featureIds":[2,3],"name":"LKQD, a division of Nexstar Digital, LLC.","legIntPurposeIds":[1,2,3,4,5],"id":237,"purposeIds":[]},{"policyUrl":"https://www.goldenbees.fr/en/privacy-charter/","featureIds":[2],"name":"Golden Bees","legIntPurposeIds":[],"id":274,"purposeIds":[1,2,3,4,5]},{"policyUrl":"http://spot.im/privacy","deletedDate":"2019-09-12T00:00:00Z","featureIds":[],"name":"Spot.IM Ltd.","legIntPurposeIds":[1,2,3,4,5],"id":280,"purposeIds":[]},{"policyUrl":"https://www.tritondigital.com/privacy-policies","featureIds":[],"name":"Triton Digital Canada Inc.","legIntPurposeIds":[1,3,4,5],"id":239,"purposeIds":[]},{"policyUrl":"https://www.plista.com/about/privacy/","featureIds":[],"name":"plista GmbH","legIntPurposeIds":[5],"id":177,"purposeIds":[1,2,3,4]},{"policyUrl":"https://privacy.timeonegroup.com/en/","featureIds":[1,2,3],"name":"TimeOne","legIntPurposeIds":[5],"id":201,"purposeIds":[1,2,3]},{"policyUrl":"http://www.inskinmedia.com/privacy-policy.html","featureIds":[],"name":"Inskin Media LTD","legIntPurposeIds":[1],"id":150,"purposeIds":[2,3,5]},{"policyUrl":"https://www.jadudamobile.com/datenschutzerklaerung/","featureIds":[3],"name":"Jaduda GmbH","legIntPurposeIds":[1,2,3,4,5],"id":252,"purposeIds":[]},{"policyUrl":"https://converge-digital.com/privacy-policy/","featureIds":[3],"name":"Converge-Digital","legIntPurposeIds":[3,4,5],"id":248,"purposeIds":[1]},{"policyUrl":"http://smadex.com/end-user-privacy-policy/","featureIds":[1,2,3],"name":"Smadex SL","legIntPurposeIds":[],"id":161,"purposeIds":[1,2,3,4,5]},{"policyUrl":"http://freewheel.tv/privacy-policy","featureIds":[],"name":"Comcast International France SAS","legIntPurposeIds":[],"id":285,"purposeIds":[1]},{"policyUrl":"https://www.primis.tech/wp-content/uploads/2019/03/Primis-Privacy-Policy-GDPR.pdf","featureIds":[],"name":"McCann Discipline LTD","legIntPurposeIds":[],"id":228,"purposeIds":[1,2,3,4,5]},{"policyUrl":"https://www.adclear.de/datenschutzerklaerung/","featureIds":[1,2],"name":"AdClear GmbH","legIntPurposeIds":[2,3,4],"id":299,"purposeIds":[1,5]},{"policyUrl":"https://voluumdsp.com/end-user-privacy-policy/","featureIds":[1,2],"name":"Codewise Sp. z o.o. Sp. k","legIntPurposeIds":[],"id":277,"purposeIds":[1,2,3,4,5]},{"policyUrl":"https://www.adyoulike.com/privacy_policy.php","featureIds":[],"name":"ADYOULIKE SA","legIntPurposeIds":[1,3,5],"id":259,"purposeIds":[2,4]},{"policyUrl":"https://www.mobalo.com/datenschutz/","deletedDate":"2019-07-25T00:00:00Z","featureIds":[3],"name":"mobalo GmbH","legIntPurposeIds":[],"id":289,"purposeIds":[1,2,3,4,5]},{"policyUrl":"https://www.we-are-adot.com/privacy-policy/","featureIds":[1,2,3],"name":"A.Mob","legIntPurposeIds":[],"id":272,"purposeIds":[1,2,3,4,5]},{"policyUrl":"https://steelhouse.com/privacy-policy/","featureIds":[],"name":"Steel House, Inc.","legIntPurposeIds":[],"id":230,"purposeIds":[1,2,3,4,5]},{"policyUrl":"https://www.improvedigital.com/platform-privacy-policy","featureIds":[1,2,3],"name":"Improve Digital International BV","legIntPurposeIds":[],"id":253,"purposeIds":[1,2,3,4,5]},{"policyUrl":"https://s.on-device.com/privacyPolicy","featureIds":[1,2,3],"name":"On Device Research Limited","legIntPurposeIds":[],"id":304,"purposeIds":[1,2,3,4,5]},{"policyUrl":"https://www.keymantics.com/assets/privacy-policy.pdf","featureIds":[],"name":"Keymantics","legIntPurposeIds":[],"id":314,"purposeIds":[1,2,3]},{"policyUrl":"http://www.r-target.com/privacy","deletedDate":"2019-08-26T00:00:00Z","featureIds":[1,2],"name":"R-TARGET","legIntPurposeIds":[],"id":257,"purposeIds":[1]},{"policyUrl":"http://www.mainad.com/privacy-policy/","featureIds":[2,3],"name":"mainADV Srl","legIntPurposeIds":[],"id":317,"purposeIds":[1,2,3,4,5]},{"policyUrl":"https://integralads.com/privacy-policy/","featureIds":[],"name":"Integral Ad Science, Inc.","legIntPurposeIds":[5],"id":278,"purposeIds":[]},{"policyUrl":"https://www.qwertize.com/en/privacy","deletedDate":"2019-08-26T00:00:00Z","featureIds":[],"name":"Qwertize","legIntPurposeIds":[3,5],"id":291,"purposeIds":[1,2,4]},{"policyUrl":"https://www.sojern.com/privacy/product-privacy-policy/","featureIds":[2],"name":"Sojern, Inc.","legIntPurposeIds":[],"id":295,"purposeIds":[1,2,3,5]},{"policyUrl":"https://www.celtra.com/privacy-policy/","featureIds":[3],"name":"Celtra, Inc.","legIntPurposeIds":[],"id":315,"purposeIds":[1,3]},{"policyUrl":"https://www.spotx.tv/privacy-policy/","featureIds":[],"name":"SpotX","legIntPurposeIds":[],"id":165,"purposeIds":[1]},{"policyUrl":"http://www.adman.gr/privacy","featureIds":[],"name":"ADMAN - Phaistos Networks, S.A.","legIntPurposeIds":[],"id":47,"purposeIds":[1,2,3,4,5]},{"policyUrl":"https://www.smartstream.tv/en/privacy","featureIds":[1,2],"name":"SMARTSTREAM.TV GmbH","legIntPurposeIds":[],"id":134,"purposeIds":[1,2,3]},{"policyUrl":"https://www.knorex.com/privacy","featureIds":[1,2,3],"name":"Knorex Pte Ltd","legIntPurposeIds":[1,2,3,4,5],"id":325,"purposeIds":[]},{"policyUrl":"https://www.gamned.com/privacy-policy/","featureIds":[3],"name":"Gamned","legIntPurposeIds":[],"id":316,"purposeIds":[1,2,3,4,5]},{"policyUrl":"http://www.instytut-pollster.pl/privacy-policy/","featureIds":[],"name":"Accorp Sp. z o.o.","legIntPurposeIds":[1,5],"id":318,"purposeIds":[2,3,4]},{"policyUrl":"http://www.adux.com/donnees-personelles/","featureIds":[1,2,3],"name":"ADUX","legIntPurposeIds":[],"id":199,"purposeIds":[1,2,3,4,5]},{"policyUrl":"https://www.powerlinks.com/privacy-policy/","featureIds":[3],"name":"PowerLinks Media Limited","legIntPurposeIds":[3,4],"id":236,"purposeIds":[1,2,5]},{"policyUrl":"https://www.jivox.com/privacy","featureIds":[3],"name":"Jivox Corporation","legIntPurposeIds":[1,2,3,4,5],"id":294,"purposeIds":[]},{"policyUrl":"https://connatix.com/privacy-policy/","featureIds":[],"name":"Connatix Native Exchange Inc.","legIntPurposeIds":[],"id":143,"purposeIds":[1,2,3,4,5]},{"policyUrl":"https://privacy.polar.me","featureIds":[],"name":"Polar Mobile Group Inc.","legIntPurposeIds":[3,4,5],"id":297,"purposeIds":[1,2]},{"policyUrl":"https://clipcentric.com/privacy.bhtml","featureIds":[3],"name":"Clipcentric, Inc.","legIntPurposeIds":[],"id":319,"purposeIds":[1,3,4,5]},{"policyUrl":"http://readpeak.com/privacy-policy/","featureIds":[],"name":"Readpeak Oy","legIntPurposeIds":[],"id":290,"purposeIds":[1,2,3,4,5]},{"policyUrl":"http://www.performgroup.com/media-privacy-notice","featureIds":[1,2],"name":"Perform Media Services Ltd","legIntPurposeIds":[1,3,4,5],"id":323,"purposeIds":[2]},{"policyUrl":"http://www.s4m.io/privacy-policy/","featureIds":[1,3],"name":"Fusio","legIntPurposeIds":[3],"id":119,"purposeIds":[1,2,5]},{"policyUrl":"https://mobpro.com/privacy.html","featureIds":[3],"name":"Mobile Professionals BV","legIntPurposeIds":[],"id":302,"purposeIds":[1,2,3,4,5]},{"policyUrl":"http://www.usemax.de/?l=privacy","featureIds":[],"name":"usemax advertisement (Emego GmbH)","legIntPurposeIds":[1,2,3,4,5],"id":212,"purposeIds":[]},{"policyUrl":"https://www.adobe.com/nz/privacy/marketing-cloud.html","featureIds":[2,3],"name":"Adobe Advertising Cloud","legIntPurposeIds":[],"id":264,"purposeIds":[1,2,3,4,5]},{"policyUrl":"https://www.theadex.com/privacy-opt-out/","featureIds":[1,2,3],"name":"The ADEX GmbH","legIntPurposeIds":[2,3,4,5],"id":44,"purposeIds":[1]},{"policyUrl":"https://www.welect.de/datenschutz","featureIds":[],"name":"Welect GmbH","legIntPurposeIds":[5],"id":282,"purposeIds":[]},{"policyUrl":"https://www.stackadapt.com/privacy","featureIds":[1,2,3],"name":"StackAdapt","legIntPurposeIds":[1,2,3,4,5],"id":238,"purposeIds":[]},{"policyUrl":"https://weborama.com/privacy_en/","featureIds":[1,2,3],"name":"WEBORAMA","legIntPurposeIds":[2,3,4,5],"id":284,"purposeIds":[1]},{"policyUrl":"https://liveintent.com/services-privacy-policy/","featureIds":[2],"name":"Liveintent Inc.","legIntPurposeIds":[],"id":148,"purposeIds":[1]},{"policyUrl":"http://www.digitru.st/privacy-policy/","featureIds":[],"name":"DigiTrust / IAB Tech Lab","legIntPurposeIds":[],"id":64,"purposeIds":[1]},{"policyUrl":"https://www.zeotap.com/privacy_policy/","featureIds":[1,2],"name":"zeotap GmbH","legIntPurposeIds":[1,2,3,4,5],"id":301,"purposeIds":[]},{"policyUrl":"http://static.tabmo.io.s3.amazonaws.com/privacy-policy/index.html","featureIds":[1,3],"name":"TabMo SAS","legIntPurposeIds":[],"id":275,"purposeIds":[1,2,3]},{"policyUrl":"https://www.adevinta.com/es/spain/privacidad-adevinta-en-espana/","featureIds":[],"name":"Adevinta Spain S.L.U.","legIntPurposeIds":[4],"id":310,"purposeIds":[]},{"policyUrl":"https://permodo.com/de/privacy.html","featureIds":[1,2,3],"name":"Permodo GmbH","legIntPurposeIds":[],"id":139,"purposeIds":[1,2,3]},{"policyUrl":"http://www.adtiming.com/en/privacypolicy.html","featureIds":[],"name":"AdTiming Technology Company Limited","legIntPurposeIds":[1,2,4],"id":326,"purposeIds":[3,5]},{"policyUrl":"https://www.fyber.com/legal/privacy-policy/","featureIds":[3],"name":"Fyber ","legIntPurposeIds":[],"id":262,"purposeIds":[3]},{"policyUrl":"https://www.ad6media.fr/privacy","featureIds":[2,3],"name":"ad6media","legIntPurposeIds":[3,5],"id":331,"purposeIds":[1,2,4]},{"policyUrl":"http://www.kantar.com/cookies-policies","featureIds":[1,2,3],"name":"The Kantar Group Limited","legIntPurposeIds":[],"id":345,"purposeIds":[1,3,5]},{"policyUrl":"http://scoota.com/privacy-policy","featureIds":[],"name":"Rockabox Media Ltd","legIntPurposeIds":[2,3],"id":308,"purposeIds":[1]},{"policyUrl":"https://www.marfeel.com/privacy-policy/","featureIds":[],"name":"Marfeel Solutions S.L","legIntPurposeIds":[],"id":270,"purposeIds":[1,3]},{"policyUrl":"https://www.inmobi.com/privacy-policy-for-eea","featureIds":[1,2,3],"name":"InMobi Pte Ltd","legIntPurposeIds":[],"id":333,"purposeIds":[1,2,3,4,5]},{"policyUrl":"https://telaria.com/privacy-policy/","featureIds":[1,2,3],"name":"Telaria, Inc","legIntPurposeIds":[],"id":202,"purposeIds":[1,2,3,4,5]},{"policyUrl":"https://www.gemius.com/cookie-policy.html","featureIds":[2],"name":"Gemius SA","legIntPurposeIds":[],"id":328,"purposeIds":[1,2,3,4,5]},{"policyUrl":"https://www.wizaly.com/terms-of-use#privacy-policy","featureIds":[1,2],"name":"Wizaly","legIntPurposeIds":[],"id":281,"purposeIds":[1,5]},{"policyUrl":"https://apester.com/privacy-policy/","featureIds":[],"name":"Apester Ltd","legIntPurposeIds":[1,3,4,5],"id":354,"purposeIds":[2]},{"policyUrl":"https://adelphic.com/platform/privacy/","featureIds":[2,3],"name":"Adelphic LLC","legIntPurposeIds":[],"id":320,"purposeIds":[1,2,3]},{"policyUrl":"https://www.aerserv.com/privacy-policy/","featureIds":[1,2,3],"name":"Aerserv LLC","legIntPurposeIds":[],"id":359,"purposeIds":[1,2,3,4,5]},{"policyUrl":"https://instinctive.io/privacy","featureIds":[],"name":"Instinctive, Inc.","legIntPurposeIds":[1,5],"id":265,"purposeIds":[2,3,4]},{"policyUrl":"http://optomaton.com/privacy.html","featureIds":[2],"name":"Optomaton UG","legIntPurposeIds":[],"id":349,"purposeIds":[1,2,3,4]},{"policyUrl":"http://www.videomediagroup.com/wp-content/uploads/2016/01/Privacy-policy-VMG.pdf","deletedDate":"2019-09-17T00:00:00Z","featureIds":[],"name":"Video Media Groep B.V.","legIntPurposeIds":[1,3,4,5],"id":288,"purposeIds":[2]},{"policyUrl":"https://www.digilant.com/es/politica-privacidad/","featureIds":[1],"name":"Digilant Spain, SLU","legIntPurposeIds":[],"id":266,"purposeIds":[1,2,3,4,5]},{"policyUrl":"https://www.vuble.tv/us/privacy","deletedDate":"2019-08-26T00:00:00Z","featureIds":[],"name":"Vuble","legIntPurposeIds":[1],"id":339,"purposeIds":[2,3,4,5]},{"policyUrl":"http://static.orion-semantics.com/privacy.html","featureIds":[],"name":"Orion Semantics","legIntPurposeIds":[],"id":303,"purposeIds":[1,2,3]},{"policyUrl":"https://www.signal.co/privacy-policy/","featureIds":[1,2],"name":"Signal Digital Inc.","legIntPurposeIds":[],"id":261,"purposeIds":[1,2,3,4,5]},{"policyUrl":"http://primo.design/docs/PrivacyPolicyPrimo.html","featureIds":[],"name":"Visarity Technologies GmbH","legIntPurposeIds":[],"id":83,"purposeIds":[5]},{"policyUrl":"https://www.ultimedia.com/POLICY.html","featureIds":[3],"name":"DIGITEKA Technologies","legIntPurposeIds":[1,2,3,4,5],"id":343,"purposeIds":[]},{"policyUrl":"https://www.linicom.com/privacy/","featureIds":[],"name":"Linicom","legIntPurposeIds":[1,3,4,5],"id":330,"purposeIds":[2]},{"policyUrl":"https://www.acuityads.com/privacy-policy/","deletedDate":"2019-08-07T00:00:00Z","featureIds":[],"name":"Acuityads Inc.","legIntPurposeIds":[],"id":231,"purposeIds":[1,2,3,4,5]},{"policyUrl":"http://mindlytix.com/privacy/","featureIds":[],"name":"Mindlytix SAS","legIntPurposeIds":[1,2,3,4,5],"id":216,"purposeIds":[]},{"policyUrl":"https://permutive.com/privacy","featureIds":[1,2],"name":"Permutive Technologies, Inc.","legIntPurposeIds":[1],"id":360,"purposeIds":[]},{"policyUrl":"https://permutive.com/privacy","featureIds":[1,2],"name":"Permutive Ltd.","legIntPurposeIds":[1],"id":361,"purposeIds":[]},{"policyUrl":"https://www.mobfox.com/privacy-policy/","featureIds":[3],"name":"Mobfox US LLC","legIntPurposeIds":[],"id":311,"purposeIds":[1,2,3,4,5]},{"policyUrl":"https://www.mgid.com/privacy-policy","featureIds":[1],"name":"MGID Inc.","legIntPurposeIds":[],"id":358,"purposeIds":[1,2,3,4,5]},{"policyUrl":"https://www.meetrics.com/en/data-privacy/","featureIds":[],"name":"Meetrics GmbH","legIntPurposeIds":[5],"id":152,"purposeIds":[]},{"policyUrl":"http://www.yieldlove.com/cookie-policy","featureIds":[],"name":"Yieldlove GmbH","legIntPurposeIds":[2,3,4,5],"id":251,"purposeIds":[1]},{"policyUrl":"http://seeding-alliance.de/datenschutz","featureIds":[3],"name":"Seeding Alliance GmbH","legIntPurposeIds":[1,2,3,4,5],"id":371,"purposeIds":[]},{"policyUrl":"https://my6sense.com/privacy-policy/","featureIds":[],"name":"My6sense Inc.","legIntPurposeIds":[2,4],"id":344,"purposeIds":[1,3,5]},{"policyUrl":"https://www.ezoic.com/terms/","featureIds":[],"name":"Ezoic Inc.","legIntPurposeIds":[1],"id":347,"purposeIds":[2,4,5]},{"policyUrl":"http://www.bigabid.com/data-protection/gdpr","deletedDate":"2019-08-26T00:00:00Z","featureIds":[2,3],"name":"Bigabid Media Ltd","legIntPurposeIds":[1,2,3,4,5],"id":218,"purposeIds":[]},{"policyUrl":"https://samba.tv/legal/privacy-policy/","featureIds":[1,2],"name":"Free Stream Media Corp. dba Samba TV","legIntPurposeIds":[],"id":350,"purposeIds":[1,2,3,4,5]},{"policyUrl":"https://samba.tv/legal/privacy-policy/","featureIds":[1,2],"name":"Samba TV UK Limited","legIntPurposeIds":[],"id":351,"purposeIds":[1,2,3,4,5]},{"policyUrl":"https://somoaudience.com/legal/","featureIds":[1,2,3],"name":"Somo Audience Corp","legIntPurposeIds":[3],"id":341,"purposeIds":[1,2]},{"policyUrl":"http://vidoomy.com/privacy-policy.html","featureIds":[2,3],"name":"Vidoomy Media SL","legIntPurposeIds":[3,4,5],"id":380,"purposeIds":[1,2]},{"policyUrl":"https://www.communicationads.net/aboutus/privacy/","featureIds":[],"name":"communicationAds GmbH &amp; Co. KG","legIntPurposeIds":[1],"id":378,"purposeIds":[]},{"policyUrl":"https://getintent.com/privacy/","featureIds":[],"name":"Getintent USA, inc.","legIntPurposeIds":[],"id":369,"purposeIds":[1]},{"policyUrl":"https://www.mediarithmics.com/en-us/content/privacy-policy","featureIds":[1,2,3],"name":"mediarithmics SAS","legIntPurposeIds":[],"id":184,"purposeIds":[1,2,3,4,5]},{"policyUrl":"https://www.vectaury.io/en/personal-data","featureIds":[1,2,3],"name":"VECTAURY","legIntPurposeIds":[],"id":368,"purposeIds":[1,2,3,4,5]},{"policyUrl":"http://www.nielsen.com/us/en/privacy-statement/exelate-privacy-policy.html","featureIds":[1,2],"name":"Nielsen Marketing Cloud","legIntPurposeIds":[5],"id":373,"purposeIds":[1,2]},{"policyUrl":"http://advolution.de/privacy.php","featureIds":[],"name":"Digital Control GmbH &amp; Co. KG","legIntPurposeIds":[],"id":214,"purposeIds":[1,2,3]},{"policyUrl":"http://ads.1000mercis.com/fr.html","featureIds":[1,2,3],"name":"numberly","legIntPurposeIds":[2,3,4,5],"id":388,"purposeIds":[1]},{"policyUrl":"https://www.qriously.com/privacy","featureIds":[],"name":"Qriously","legIntPurposeIds":[1],"id":250,"purposeIds":[2,3,4]},{"policyUrl":"https://atp.io/privacy-policy","featureIds":[2],"name":"Audience Trading Platform Ltd.","legIntPurposeIds":[1,5],"id":223,"purposeIds":[]},{"policyUrl":"http://pixalate.com/privacypolicy/","featureIds":[],"name":"Pixalate, Inc.","legIntPurposeIds":[1,5],"id":384,"purposeIds":[]},{"policyUrl":"https://appreciate.mobi/page.html#/end-user-privacy-policy","featureIds":[],"name":"Triapodi Ltd.","legIntPurposeIds":[],"id":387,"purposeIds":[1,3,5]},{"policyUrl":"https://www.exactag.com/en/data-privacy/","featureIds":[],"name":"Exactag GmbH","legIntPurposeIds":[],"id":312,"purposeIds":[1,5]},{"policyUrl":"https://affectv.com/privacy-policy","featureIds":[],"name":"Affectv Ltd","legIntPurposeIds":[1,2,3,4,5],"id":178,"purposeIds":[]},{"policyUrl":"https://www.addapptr.com/data-privacy","featureIds":[3],"name":"AddApptr GmbH","legIntPurposeIds":[],"id":377,"purposeIds":[1,3,5]},{"policyUrl":"https://www.reachgroup.com/en/privacy-statement/","featureIds":[],"name":"The Reach Group GmbH","legIntPurposeIds":[3],"id":382,"purposeIds":[1,2,4,5]},{"policyUrl":"https://hybrid.ai/data_protection_policy","featureIds":[1,2,3],"name":"Hybrid Adtech GmbH","legIntPurposeIds":[],"id":206,"purposeIds":[1,2,3,4,5]},{"policyUrl":"https://www.mobusi.com/privacy.en.html","featureIds":[3],"name":"Mobusi Mobile Advertising S.L.","legIntPurposeIds":[],"id":403,"purposeIds":[1,3,4,5]},{"policyUrl":"https://www.oracle.com/legal/privacy/marketing-cloud-data-cloud-privacy-policy.html","featureIds":[2],"name":"Oracle","legIntPurposeIds":[5],"id":385,"purposeIds":[1,2,3,4]},{"policyUrl":"https://www.easy-ads.com/privacypolicy.htm","featureIds":[],"name":"Duplo Media AS","legIntPurposeIds":[1,5],"id":404,"purposeIds":[]},{"policyUrl":"https://www.twiago.com/datenschutz/","featureIds":[2,3],"name":"twiago GmbH","legIntPurposeIds":[1,2,3,4,5],"id":242,"purposeIds":[]},{"policyUrl":"https://www.pocketmath.com/privacy-policy","featureIds":[1,2,3],"name":"Pocketmath Pte Ltd","legIntPurposeIds":[],"id":376,"purposeIds":[1,2,3,5]},{"policyUrl":"https://inter.effiliation.com/politique-confidentialite.html","featureIds":[2],"name":"Effiliation","legIntPurposeIds":[],"id":402,"purposeIds":[2,3,4,5]},{"policyUrl":"https://www.eulerian.com/en/privacy/","featureIds":[1,2],"name":"Eulerian Technologies","legIntPurposeIds":[],"id":413,"purposeIds":[1,2,3,4,5]},{"policyUrl":"https://www.whenevermedia.com/privacy-policy","deletedDate":"2019-07-29T00:00:00Z","featureIds":[2,3],"name":"Whenever Media Ltd","legIntPurposeIds":[],"id":400,"purposeIds":[1,2,3,4,5]},{"policyUrl":"http://www.webedia-group.com/site/privacy-policy","featureIds":[],"name":"Webedia","legIntPurposeIds":[],"id":171,"purposeIds":[1,2,3,4,5]},{"policyUrl":"http://www.yormedia.com/privacy-and-cookies-notice/","deletedDate":"2019-08-06T00:00:00Z","featureIds":[3],"name":"Yormedia Solutions Ltd","legIntPurposeIds":[],"id":398,"purposeIds":[1,2,3,4,5]},{"policyUrl":"https://seenthis.co/privacy-notice-2018-04-18.pdf","featureIds":[],"name":"Seenthis AB","legIntPurposeIds":[1],"id":415,"purposeIds":[]},{"policyUrl":"https://www.nativo.com/interest-based-ads","featureIds":[],"name":"Nativo, Inc.","legIntPurposeIds":[5],"id":263,"purposeIds":[1,2,3,4]},{"policyUrl":"http://gobrowsi.com/browsi-privacy-policy/","featureIds":[],"name":"Browsi Mobile Ltd","legIntPurposeIds":[],"id":329,"purposeIds":[1,5]},{"policyUrl":"https://www.adspert.net/en/privacy/","featureIds":[],"name":"Bidmanagement GmbH","legIntPurposeIds":[],"id":389,"purposeIds":[1,2,3,4,5]},{"policyUrl":"http://corporate.shemedia.com/faq/ad-services-privacy-policy","featureIds":[1,2],"name":"SheMedia, LLC","legIntPurposeIds":[],"id":337,"purposeIds":[1,2,3,4,5]},{"policyUrl":"https://collector.brandmetrics.com/brandmetrics_privacypolicy.pdf","featureIds":[],"name":"Brand Metrics Sweden AB","legIntPurposeIds":[],"id":422,"purposeIds":[1]},{"policyUrl":"https://liqwid.solutions/privacy-policy","featureIds":[3],"name":"LeftsnRight, Inc. dba LIQWID","legIntPurposeIds":[1,2,3,4,5],"id":421,"purposeIds":[]},{"policyUrl":"https://tradetracker.com/privacy-policy/","deletedDate":"2019-08-21T00:00:00Z","featureIds":[2],"name":"TradeTracker","legIntPurposeIds":[1,3,5],"id":426,"purposeIds":[]},{"policyUrl":"https://privacy.audienceproject.com","featureIds":[1,2],"name":"AudienceProject Aps","legIntPurposeIds":[3,4,5],"id":394,"purposeIds":[1,2]},{"policyUrl":"http://avazuinc.com/opt-out/","featureIds":[3],"name":"Avazu Inc.","legIntPurposeIds":[1,3,4],"id":287,"purposeIds":[]},{"policyUrl":"https://www.onaudience.com/internet-advertising-privacy-policy","featureIds":[1,2],"name":"Cloud Technologies S.A.","legIntPurposeIds":[],"id":243,"purposeIds":[1,2,3,4,5]},{"policyUrl":"https://www.iotecglobal.com/privacy-policy/","featureIds":[],"name":"iotec global Ltd.","legIntPurposeIds":[],"id":113,"purposeIds":[1,2,3,5]},{"policyUrl":"https://www.sociomantic.com/privacy/en/","featureIds":[1,2,3],"name":"dunnhumby Germany GmbH","legIntPurposeIds":[1,2,3,4,5],"id":338,"purposeIds":[]},{"policyUrl":"https://www.isitelab.io/default.aspx","featureIds":[2],"name":"IgnitionAi Ltd","legIntPurposeIds":[1,3,4,5],"id":405,"purposeIds":[]},{"policyUrl":"https://www.commandersact.com/en/privacy/","featureIds":[1,2,3],"name":"Commanders Act","legIntPurposeIds":[],"id":416,"purposeIds":[1,2,3,4,5]},{"policyUrl":"http://eu.dynadmic.com/privacy-policy/","featureIds":[1,3],"name":"DynAdmic","legIntPurposeIds":[2,4],"id":434,"purposeIds":[1,3]},{"policyUrl":"https://www.singlespot.com/privacy_policy?locale=fr","featureIds":[1,3],"name":"SINGLESPOT SAS ","legIntPurposeIds":[],"id":435,"purposeIds":[1,2,3]},{"policyUrl":"https://www.arrivalist.com/privacy","featureIds":[1,2],"name":"Arrivalist Co.","legIntPurposeIds":[1,3,5],"id":409,"purposeIds":[]},{"policyUrl":"http://www.ziffdavis.com/privacy-policy","featureIds":[2],"name":"Ziff Davis LLC","legIntPurposeIds":[],"id":321,"purposeIds":[1,2,3,5]},{"policyUrl":"http://www.invibes.com/terms","featureIds":[1,2,3],"name":"INVIBES GROUP","legIntPurposeIds":[1,5],"id":436,"purposeIds":[2,3,4]},{"policyUrl":"http://www.tradedoubler.com/en/privacy-policy/","deletedDate":"2019-08-20T00:00:00Z","featureIds":[],"name":"R-Advertising","legIntPurposeIds":[],"id":442,"purposeIds":[1,2,3,4,5]},{"policyUrl":"http://www.myntelligence.com/privacy-page/","featureIds":[1,2,3],"name":"Myntelligence Limited","legIntPurposeIds":[],"id":362,"purposeIds":[1,2,3,4,5]},{"policyUrl":"https://www.proxistore.com/common/en/cgv","featureIds":[3],"name":"PROXISTORE","legIntPurposeIds":[3],"id":418,"purposeIds":[1]},{"policyUrl":"https://mobilejourney.com/Privacy-Policy","deletedDate":"2019-09-05T00:00:00Z","featureIds":[3],"name":"Mobile Journey B.V.","legIntPurposeIds":[1,3,5],"id":449,"purposeIds":[]},{"policyUrl":"https://www.tradedoubler.com/en/privacy-policy/","deletedDate":"2019-08-13T00:00:00Z","featureIds":[2],"name":"Tradedoubler AB","legIntPurposeIds":[1,5],"id":443,"purposeIds":[]},{"policyUrl":"https://signalsdata.com/platform-cookie-policy/","featureIds":[1,2,3],"name":"Signals","legIntPurposeIds":[],"id":429,"purposeIds":[1,2,3,4,5]},{"policyUrl":"http://beachfront.com/privacy-policy/","featureIds":[],"name":"Beachfront Media LLC","legIntPurposeIds":[1,3,4,5],"id":335,"purposeIds":[]},{"policyUrl":"https://www.pi-rate.com.au/privacy.html","featureIds":[1,2,3],"name":"Publishers Internationale Pty Ltd","legIntPurposeIds":[3,4,5],"id":407,"purposeIds":[1,2]},{"policyUrl":"https://proxi.cloud/info/privacy-policy/","featureIds":[3],"name":"Proxi.cloud Sp. z o.o.","legIntPurposeIds":[],"id":427,"purposeIds":[1,2,3,4,5]},{"policyUrl":"http://www.bmind.es/legal-notice/","featureIds":[1,2],"name":"Bmind a Sales Maker Company, S.L.","legIntPurposeIds":[],"id":374,"purposeIds":[1,2,4,5]},{"policyUrl":"https://ooyala.com/privacy","deletedDate":"2019-08-13T00:00:00Z","featureIds":[2,3],"name":"Ooyala Inc","legIntPurposeIds":[],"id":438,"purposeIds":[1,2,3]},{"policyUrl":"https://www.neodatagroup.com/en/security-policy","featureIds":[1,3],"name":"Neodata Group srl","legIntPurposeIds":[],"id":450,"purposeIds":[1,2,3,4,5]},{"policyUrl":"http://www.innovid.com/privacy-policy","featureIds":[2],"name":"Innovid Inc.","legIntPurposeIds":[5],"id":452,"purposeIds":[1,2,3,4]},{"policyUrl":"https://www.playbuzz.com/PrivacyPolicy","featureIds":[3],"name":"Playbuzz Ltd. ","legIntPurposeIds":[1,3,4,5],"id":444,"purposeIds":[2]},{"policyUrl":"https://www.cxense.com/about-us/privacy-policy","featureIds":[],"name":"Cxense ASA","legIntPurposeIds":[],"id":412,"purposeIds":[1,2,3,4,5]},{"policyUrl":"https://adimo.co/privacy-policy/","deletedDate":"2019-09-12T00:00:00Z","featureIds":[3],"name":"Adimo","legIntPurposeIds":[5],"id":454,"purposeIds":[1]},{"policyUrl":"https://fiksu.com/privacy-policy/","featureIds":[2,3],"name":"GDMServices, Inc. d/b/a FiksuDSP","legIntPurposeIds":[],"id":455,"purposeIds":[1,2,3]},{"policyUrl":"https://www.cuebiq.com/privacypolicy/","deletedDate":"2019-08-30T00:00:00Z","featureIds":[3],"name":"Cuebiq Inc.","legIntPurposeIds":[],"id":298,"purposeIds":[1,2,3,5]},{"policyUrl":"https://travelaudience.com/product-privacy-policy/","featureIds":[],"name":"travel audience GmbH","legIntPurposeIds":[],"id":423,"purposeIds":[1,2,3,4,5]},{"policyUrl":"https://www.demandbase.com/privacy-policy/","featureIds":[1,2,3],"name":"Demandbase, Inc. ","legIntPurposeIds":[2,3,4,5],"id":397,"purposeIds":[1]},{"policyUrl":"https://client.adhslx.com/privacy.html ","featureIds":[],"name":"Solocal","legIntPurposeIds":[],"id":381,"purposeIds":[1,2,3,4,5]},{"policyUrl":"http://www.adrino.pl/ciasteczkowa-polityka/","deletedDate":"2019-09-05T00:00:00Z","featureIds":[1,2,3],"name":"ADRINO Sp. z o.o.","legIntPurposeIds":[1,2,3,4,5],"id":425,"purposeIds":[]},{"policyUrl":"https://impact.com/privacy-policy/","featureIds":[1,3],"name":"Forensiq LLC","legIntPurposeIds":[1,5],"id":365,"purposeIds":[]},{"policyUrl":"https://adludio.com/privacypolicy","featureIds":[3],"name":"Adludio Ltd","legIntPurposeIds":[],"id":447,"purposeIds":[1,2,3,4,5]},{"policyUrl":"https://adtelligent.com/privacy-policy/","featureIds":[],"name":"Adtelligent Inc.","legIntPurposeIds":[],"id":410,"purposeIds":[1,3]},{"policyUrl":"https://privacy.mbr-targeting.com/?optedIn=true","featureIds":[],"name":"mbr targeting GmbH","legIntPurposeIds":[1,2,3],"id":137,"purposeIds":[]},{"policyUrl":"http://www.programmatic-exchange.com/privacy","featureIds":[],"name":"PREX Programmatic Exchange GmbH&amp;Co KG","legIntPurposeIds":[1,2,3,5],"id":395,"purposeIds":[]},{"policyUrl":"https://bidstack.com/policy/","featureIds":[1,2,3],"name":"bidstack ltd","legIntPurposeIds":[],"id":462,"purposeIds":[1,2,3,4,5]},{"policyUrl":"https://tacticrealtime.com/privacy/","featureIds":[],"name":"TACTIC™ Real-Time Marketing AS","legIntPurposeIds":[],"id":466,"purposeIds":[1,3]},{"policyUrl":"https://www.yieldr.com/privacy","featureIds":[1,3],"name":"Yieldr UK","legIntPurposeIds":[],"id":340,"purposeIds":[1,2,3,4,5]},{"policyUrl":"https://www.whiteops.com/privacy","featureIds":[1,3],"name":"White Ops, Inc.","legIntPurposeIds":[1,5],"id":431,"purposeIds":[]},{"policyUrl":"http://www.telecoming.com/privacy-policy/","featureIds":[3],"name":"Telecoming S.A.","legIntPurposeIds":[1,2,3,4],"id":336,"purposeIds":[]},{"policyUrl":"http://www.adunity.com/privacy-policy.html","deletedDate":"2019-08-13T00:00:00Z","featureIds":[],"name":"Ad Unity Ltd","legIntPurposeIds":[3],"id":430,"purposeIds":[]},{"policyUrl":"http://cybba.com/about/legal/data-processing-agreement/","featureIds":[],"name":"Cybba, Inc.","legIntPurposeIds":[],"id":346,"purposeIds":[1,2,3,4,5]},{"policyUrl":"https://zetaglobal.com/privacy-policy/","featureIds":[1,2],"name":"Zeta Global","legIntPurposeIds":[1,2,3,4,5],"id":469,"purposeIds":[]},{"policyUrl":"http://www.definemedia.de/datenschutz-conative/","featureIds":[],"name":"DEFINE MEDIA GMBH","legIntPurposeIds":[1,2,3,4,5],"id":440,"purposeIds":[]},{"policyUrl":"https://affle.com/privacy-policy ","featureIds":[3],"name":"Affle International","legIntPurposeIds":[],"id":375,"purposeIds":[1,2,3]},{"policyUrl":"http://adelement.com/privacy-policy.html","featureIds":[3],"name":"AdElement Media Solutions Pvt Ltd","legIntPurposeIds":[3,5],"id":196,"purposeIds":[1,2,4]},{"policyUrl":"http://woobi.com/privacy/","deletedDate":"2019-10-02T00:00:00Z","featureIds":[1,2,3],"name":"Social Tokens Ltd. ","legIntPurposeIds":[],"id":268,"purposeIds":[1,2,3,4,5]},{"policyUrl":"http://www.taptapnetworks.com/privacy_policy/","featureIds":[1,2,3],"name":"TAPTAP Networks SL","legIntPurposeIds":[4,5],"id":475,"purposeIds":[1,2,3]},{"policyUrl":"http://www.hbfstech.com/fr/privacy.html","featureIds":[],"name":"hbfsTech","legIntPurposeIds":[1,2],"id":474,"purposeIds":[]},{"policyUrl":"http://marketing.targetspot.com/Targetspot/Legal/TargetSpot%20Privacy%20Policy%20-%20June%202018.pdf","featureIds":[1,2,3],"name":"TARGETSPOT BELGIUM SPRL","legIntPurposeIds":[1,2,3,4,5],"id":448,"purposeIds":[]},{"policyUrl":"http://www.ibillboard.com/en/privacy-information/","featureIds":[],"name":"Internet BillBoard a.s.","legIntPurposeIds":[1,3,4,5],"id":428,"purposeIds":[]},{"policyUrl":"https://www.selfcampaign.com/static/privacy","deletedDate":"2019-08-14T00:00:00Z","featureIds":[],"name":"B2B Media Group EMEA GmbH","legIntPurposeIds":[],"id":461,"purposeIds":[1,2,3,4,5]},{"policyUrl":"http://hiro-media.com/privacy.php","featureIds":[1],"name":"HIRO Media Ltd","legIntPurposeIds":[1,2,3,4,5],"id":476,"purposeIds":[]},{"policyUrl":"https://pilotx.tv/privacy/","featureIds":[1,2,3],"name":"pilotx.tv","legIntPurposeIds":[1,4,5],"id":480,"purposeIds":[2,3]},{"policyUrl":"https://www.cerebroad.com/privacy-policy","deletedDate":"2019-10-02T00:00:00Z","featureIds":[1,2,3],"name":"CerebroAd.com s.r.o.","legIntPurposeIds":[1,2,3,4,5],"id":366,"purposeIds":[]},{"policyUrl":"https://stroeermobileperformance.com/?dl=privacy","featureIds":[3],"name":"Ströer Mobile Performance GmbH","legIntPurposeIds":[1,5],"id":392,"purposeIds":[2,3,4]},{"policyUrl":"https://www.totaljobs.com/privacy-policy","featureIds":[1,2,3],"name":"Totaljobs Group Ltd ","legIntPurposeIds":[],"id":357,"purposeIds":[1,2,3,4,5]},{"policyUrl":"https://delivered-by-madington.com/dat-privacy-policy/","featureIds":[],"name":"Madington","legIntPurposeIds":[1,5],"id":486,"purposeIds":[]},{"policyUrl":"https://www.home.neustar/privacy","featureIds":[1,2],"name":"Neustar, Inc.","legIntPurposeIds":[2,3,4,5],"id":468,"purposeIds":[1]},{"policyUrl":"http://www.adcolony.com/privacy-policy","featureIds":[1],"name":"AdColony, Inc.","legIntPurposeIds":[1,2,3,4,5],"id":458,"purposeIds":[]},{"policyUrl":"http://www.yhmg.com/privacy-policy/","featureIds":[],"name":"YellowHammer Media Group","legIntPurposeIds":[],"id":489,"purposeIds":[1,2,3]},{"policyUrl":"https://adledge.com/data-privacy/","featureIds":[],"name":"Adledge","legIntPurposeIds":[5],"id":484,"purposeIds":[]},{"policyUrl":"https://carbondmp.com/privacy.html","featureIds":[2],"name":"Clicksco Digital Limited","legIntPurposeIds":[5],"id":493,"purposeIds":[1,2,3,4]},{"policyUrl":"https://public.arcspire.io/docs/ARCSPIRE-PrivacyPolicy_v1.0.pdf","featureIds":[3],"name":"Arcspire Limited","legIntPurposeIds":[],"id":495,"purposeIds":[1,2,3,4,5]},{"policyUrl":"https://en.blog.wordpress.com/2017/12/04/updated-privacy-policy/","featureIds":[],"name":"Automattic Inc.","legIntPurposeIds":[],"id":496,"purposeIds":[1,2,3,4]},{"policyUrl":"https://www.kupona.de/dsgvo/","featureIds":[],"name":"KUPONA GmbH","legIntPurposeIds":[3,5],"id":424,"purposeIds":[]},{"policyUrl":"https://fidelity-media.com/privacy-policy/","featureIds":[3],"name":"Kubient","legIntPurposeIds":[1,3,4,5],"id":408,"purposeIds":[2]},{"policyUrl":"http://www.sub2tech.com/privacy-policy/","featureIds":[],"name":"Sub2 Technologies Ltd","legIntPurposeIds":[1,2],"id":473,"purposeIds":[3,4,5]},{"policyUrl":"https://haensel-ams.com/data-privacy/","featureIds":[2],"name":"Haensel AMS GmbH","legIntPurposeIds":[],"id":467,"purposeIds":[3,5]},{"policyUrl":"https://opinary.com/privacy-policy/","deletedDate":"2019-10-03T00:00:00Z","featureIds":[],"name":"Opinary GmbH","legIntPurposeIds":[1,2,3,4,5],"id":488,"purposeIds":[]},{"policyUrl":"https://playground.xyz/privacy/privacy-policy.pdf","featureIds":[],"name":"PLAYGROUND XYZ EMEA LTD","legIntPurposeIds":[],"id":490,"purposeIds":[1,3,5]},{"policyUrl":"http://www.addthis.com/privacy/privacy-policy/","featureIds":[2],"name":"Oracle AddThis","legIntPurposeIds":[5],"id":464,"purposeIds":[1,2,3,4]},{"policyUrl":"https://www.shinystat.com/it/informativa_sito.html","featureIds":[],"name":"Triboo Data Analytics","legIntPurposeIds":[],"id":491,"purposeIds":[1,2,3,4,5]},{"policyUrl":"https://purposelab.com/privacy/","deletedDate":"2019-10-02T00:00:00Z","featureIds":[],"name":"PurposeLab, LLC","legIntPurposeIds":[],"id":499,"purposeIds":[5]},{"policyUrl":"https://nexd.com/privacy-policy","featureIds":[3],"name":"NEXD","legIntPurposeIds":[3],"id":502,"purposeIds":[5]},{"policyUrl":"https://www.schibsted.com/","deletedDate":"2019-07-26T00:00:00Z","featureIds":[1],"name":"Schibsted Product and Tech UK","legIntPurposeIds":[],"id":465,"purposeIds":[1,2,3,4,5]},{"policyUrl":"http://dtxngr.com/legal/","featureIds":[1,2,3],"name":"Little Big Data sp.z.o.o.","legIntPurposeIds":[],"id":497,"purposeIds":[1,2,4]},{"policyUrl":"https://lotadata.com/privacy_policy","deletedDate":"2019-10-02T00:00:00Z","featureIds":[1],"name":"LotaData, Inc.","legIntPurposeIds":[1,5],"id":492,"purposeIds":[]},{"policyUrl":"https://luc.id/gdpr","featureIds":[1,2,3],"name":"Lucid Holdings, LLC","legIntPurposeIds":[],"id":508,"purposeIds":[1,2,3,4,5]},{"policyUrl":"https://pubnative.net/privacy-notice/","featureIds":[3],"name":"PubNative GmbH","legIntPurposeIds":[],"id":512,"purposeIds":[1,2,3,4,5]},{"policyUrl":"https://www.flexoffers.com/privacy-policy/","featureIds":[1,2,3],"name":"FlexOffers.com, LLC","legIntPurposeIds":[],"id":471,"purposeIds":[1,2,3,4,5]},{"policyUrl":"https://cablato.com/privacy","deletedDate":"2019-10-02T00:00:00Z","featureIds":[],"name":"Cablato Limited","legIntPurposeIds":[],"id":494,"purposeIds":[1,2,4,5]},{"policyUrl":"https://pexi.nl/privacy-policy/","featureIds":[],"name":"Pexi B.V.","legIntPurposeIds":[],"id":516,"purposeIds":[1,2,3,4,5]},{"policyUrl":"https://www.adswizz.com/our-privacy-policy/","featureIds":[1,2,3],"name":"AdsWizz Inc.","legIntPurposeIds":[1,2,3,5],"id":507,"purposeIds":[]},{"policyUrl":"http://ubermedia.com/company/products-privacy-policy/#ADDITIONAL_NOTICE","featureIds":[],"name":"UberMedia, Inc.","legIntPurposeIds":[],"id":482,"purposeIds":[1,2,3,4,5]},{"policyUrl":"https://www.shortlyst.com/eu/privacy_terms.html","featureIds":[],"name":"Shopalyst Inc","legIntPurposeIds":[],"id":505,"purposeIds":[1,2]},{"policyUrl":"https://www.sunmedia.tv/en/cookies","featureIds":[2],"name":"SunMedia ","legIntPurposeIds":[3],"id":517,"purposeIds":[1,2]},{"policyUrl":"https://getcake.com/privacy-policy/","featureIds":[2,3],"name":"Accelerize Inc.","legIntPurposeIds":[5],"id":518,"purposeIds":[1]},{"policyUrl":"https://admixer.net/privacy","featureIds":[1,2,3],"name":"Admixer EU GmbH","legIntPurposeIds":[],"id":511,"purposeIds":[1,2,3,4,5]},{"policyUrl":"http://www.infiniamobile.com/privacy_policy","featureIds":[2,3],"name":"INFINIA MOBILE S.L.","legIntPurposeIds":[],"id":479,"purposeIds":[1,2,3]},{"policyUrl":"https://www.shopstyle.co.uk/privacy","deletedDate":"2019-10-02T00:00:00Z","featureIds":[1,2],"name":"Shopstyle","legIntPurposeIds":[],"id":513,"purposeIds":[1,2,3,4,5]},{"policyUrl":"http://advandeo.com/privacy-policy/","featureIds":[],"name":"ATG Ad Tech Group GmbH","legIntPurposeIds":[],"id":509,"purposeIds":[1,3]},{"policyUrl":"https://www.netzeffekt.de/en/imprint","featureIds":[],"name":"netzeffekt GmbH","legIntPurposeIds":[3,5],"id":521,"purposeIds":[1]},{"policyUrl":"https://www.nugg.ad/en/privacy/general-information.html","deletedDate":"2019-10-03T00:00:00Z","featureIds":[1],"name":"nugg.ad GmbH","legIntPurposeIds":[1,2,3,5],"id":487,"purposeIds":[]},{"policyUrl":"https://zighzag.com/privacy","featureIds":[1,2],"name":"ZighZag","legIntPurposeIds":[5],"id":515,"purposeIds":[1,3]},{"policyUrl":"https://www.channelsight.com/privacypolicy/","featureIds":[],"name":"ChannelSight ","legIntPurposeIds":[5],"id":520,"purposeIds":[1]},{"policyUrl":"https://ozoneproject.com/privacy-policy","featureIds":[2,3],"name":"The Ozone Project Limited","legIntPurposeIds":[],"id":524,"purposeIds":[1,2,3,4,5]},{"policyUrl":"https://www.fidzup.com/en/privacy/","featureIds":[1,2,3],"name":"Fidzup","legIntPurposeIds":[],"id":529,"purposeIds":[1,2,3,4,5]},{"policyUrl":"https://www.applift.com/privacy-notice","featureIds":[],"name":"AppLift GmbH ","legIntPurposeIds":[],"id":528,"purposeIds":[1,2,3,5]},{"policyUrl":"https://jampp.com/privacy-policy/","featureIds":[3],"name":"Jampp LTD","legIntPurposeIds":[],"id":527,"purposeIds":[1,2,3,4,5]},{"policyUrl":"https://www.salesforce.com/company/privacy/","featureIds":[2],"name":"salesforce.com, inc.","legIntPurposeIds":[],"id":506,"purposeIds":[1,2,3]},{"policyUrl":"https://smartyads.com/privacy-policy","featureIds":[2,3],"name":"SmartyAds Inc.","legIntPurposeIds":[],"id":534,"purposeIds":[1,3,4,5]},{"policyUrl":"https://www.innity.com/privacy-policy.php","featureIds":[],"name":"INNITY","legIntPurposeIds":[],"id":535,"purposeIds":[1,2,3,4,5]},{"policyUrl":"https://uprival.com/privacy-policy/","featureIds":[],"name":"Uprival LLC","legIntPurposeIds":[],"id":514,"purposeIds":[1]},{"policyUrl":"https://tealium.com/privacy/","featureIds":[1,2],"name":"Tealium Inc","legIntPurposeIds":[],"id":522,"purposeIds":[2,3,5]},{"policyUrl":"https://near.co/privacy","featureIds":[3],"name":"Near Pte Ltd","legIntPurposeIds":[],"id":530,"purposeIds":[1,2,3,5]},{"policyUrl":"https://www.addefend.com/en/privacy-policy/","featureIds":[],"name":"AdDefend GmbH","legIntPurposeIds":[1,2,3,4,5],"id":539,"purposeIds":[]},{"policyUrl":"https://www.alliancegravity.com/politiquedeprotectiondesdonneespersonnelles","featureIds":[1,2],"name":"Alliance Gravity Data Media","legIntPurposeIds":[],"id":501,"purposeIds":[1,2,3,4,5]},{"policyUrl":"https://www.chargeplatform.com/privacy","featureIds":[1,2,3],"name":"Chargeads","legIntPurposeIds":[3,4,5],"id":519,"purposeIds":[1,2]},{"policyUrl":"http://xmode.io/privacy-policy.html","featureIds":[1,2,3],"name":"X-Mode Social, Inc.","legIntPurposeIds":[],"id":523,"purposeIds":[1,2,3,4,5]},{"policyUrl":"http://www.runads.com/privacy-policy","featureIds":[1,2,3],"name":"RUN, Inc.","legIntPurposeIds":[1,2,3,4,5],"id":537,"purposeIds":[]},{"policyUrl":"http://rgpd-smartclip.com/","featureIds":[],"name":"Smartclip Hispania SL","legIntPurposeIds":[],"id":531,"purposeIds":[1,2,3,5]},{"policyUrl":"http://legal.trendstream.net/non-panellist_privacy_policy","featureIds":[1,2],"name":"GlobalWebIndex","legIntPurposeIds":[3,5],"id":536,"purposeIds":[1]},{"policyUrl":"https://densou.dk/Policy.html","featureIds":[],"name":"Densou Trading Desk ApS","legIntPurposeIds":[1,2,3,4,5],"id":542,"purposeIds":[]},{"policyUrl":"https://rta.pubocean.com/privacy-policy/","deletedDate":"2019-10-03T00:00:00Z","featureIds":[3],"name":"PUB OCEAN LIMITED","legIntPurposeIds":[5],"id":525,"purposeIds":[1]},{"policyUrl":"https://www.kochava.com/support-privacy/","featureIds":[],"name":"Kochava Inc.","legIntPurposeIds":[1,5],"id":544,"purposeIds":[]},{"policyUrl":"https://www.makethunder.com/privacy","featureIds":[],"name":"PaperG, Inc. dba Thunder Industries","legIntPurposeIds":[3,4,5],"id":543,"purposeIds":[1,2]},{"policyUrl":"http://www.videmob.com/privacy.html","featureIds":[2,3],"name":"Cydersoft","legIntPurposeIds":[1,2,3,4],"id":334,"purposeIds":[]},{"policyUrl":"https://www.weareilluma.com/endddd","featureIds":[],"name":"Illuma Technology Limited","legIntPurposeIds":[3],"id":551,"purposeIds":[1]},{"policyUrl":"https://tunnl.com/privacy.html","featureIds":[],"name":"Tunnl BV","legIntPurposeIds":[],"id":540,"purposeIds":[1,2,3,4,5]},{"policyUrl":"https://www.videoreach.de/about/privacy-policy/","featureIds":[],"name":"Video Reach","legIntPurposeIds":[],"id":547,"purposeIds":[1,3]},{"policyUrl":"https://smart-traffik.io/politique-de-confidentialite","featureIds":[3],"name":"Smart Traffik","legIntPurposeIds":[],"id":546,"purposeIds":[1,5]},{"policyUrl":"https://www.deepintent.com/platform-privacy-policy/","featureIds":[3],"name":"DeepIntent, Inc.","legIntPurposeIds":[1,2,3,4,5],"id":541,"purposeIds":[]},{"policyUrl":"https://www.reignn.com/user-privacy-policy/","featureIds":[],"name":"ReigNN Platform Ltd.","legIntPurposeIds":[],"id":545,"purposeIds":[1,2,3,4,5]},{"policyUrl":"https://bitqueen.com/privacy","featureIds":[1,2,3],"name":"Bit Q Holdings Limited","legIntPurposeIds":[],"id":439,"purposeIds":[1,5]},{"policyUrl":"https://adhese.com/privacy-and-cookie-policy","featureIds":[2,3],"name":"Adhese","legIntPurposeIds":[],"id":553,"purposeIds":[1,2,3,4,5]},{"policyUrl":"http://v3.adhood.com/en/site/politikavekurallar/gizlilik.php?lang=en","featureIds":[3],"name":"adhood.com","legIntPurposeIds":[],"id":556,"purposeIds":[1,2,3,4,5]},{"policyUrl":"https://www.iubenda.com/privacy-policy/69056167/full-legal","featureIds":[1,3],"name":"Happydemics","legIntPurposeIds":[],"id":550,"purposeIds":[5]},{"policyUrl":"http://www.leiki.com/privacy","featureIds":[],"name":"Leiki Ltd.","legIntPurposeIds":[4],"id":560,"purposeIds":[1,2,3]},{"policyUrl":"https://www.rms.de/datenschutz/","featureIds":[1,2,3],"name":"RMSi Radio Marketing Service interactive GmbH","legIntPurposeIds":[],"id":554,"purposeIds":[1,2,3,4,5]},{"policyUrl":"https://drbanner.com/privacypolicy_en/","featureIds":[3],"name":"Dr. Banner","legIntPurposeIds":[3],"id":498,"purposeIds":[1]},{"policyUrl":"https://www.adobe.com/privacy/policy.html","featureIds":[],"name":"Adobe Audience Manager","legIntPurposeIds":[],"id":565,"purposeIds":[1,2,5]},{"policyUrl":"http://www.drawbridge.com/privacy/","featureIds":[2],"name":"Drawbridge, Inc.","legIntPurposeIds":[],"id":118,"purposeIds":[1]},{"policyUrl":"http://www.cheq.ai/privacy","featureIds":[],"name":"CHEQ AI TECHNOLOGIES LTD.","legIntPurposeIds":[5],"id":572,"purposeIds":[1]},{"policyUrl":"http://viewpay.tv/mentions-legales/","featureIds":[3],"name":"ViewPay","legIntPurposeIds":[],"id":571,"purposeIds":[1,2,3,4,5]},{"policyUrl":"https://www.jointag.com/privacy/kariboo/publisher/third/","featureIds":[3],"name":"Jointag S.r.l.","legIntPurposeIds":[],"id":568,"purposeIds":[1,2,3,4,5]},{"policyUrl":"https://www.cpex.cz/pro-uzivatele/ochrana-soukromi/","featureIds":[1,2],"name":"Czech Publisher Exchange z.s.p.o.","legIntPurposeIds":[],"id":570,"purposeIds":[1,2,3,4,5]},{"policyUrl":"https://www.otto.de/shoppages/service/datenschutz","featureIds":[2],"name":"Otto (GmbH &amp; Co KG)","legIntPurposeIds":[1,2,3,4,5],"id":559,"purposeIds":[]},{"policyUrl":"https://www.leboncoin.fr/dc/cookies","featureIds":[2,3],"name":"LBC France","legIntPurposeIds":[],"id":548,"purposeIds":[1,2,3,4,5]},{"policyUrl":"https://www.kairosfire.com/wp-content/uploads/2019/02/Kairos-Fire_Politique-de-confidentialite%CC%81_jan19.pdf","featureIds":[1,3],"name":"Kairos Fire","legIntPurposeIds":[],"id":569,"purposeIds":[1,3,4,5]},{"policyUrl":"https://www.pg.com/privacy/english/privacy_statement.shtml","featureIds":[1,2],"name":"Neustar on behalf of The Procter & Gamble Company","legIntPurposeIds":[1,2,3,4,5],"id":577,"purposeIds":[]},{"policyUrl":"https://www.sourcepoint.com/privacy-policy","featureIds":[],"name":"Sourcepoint Technologies, Inc.","legIntPurposeIds":[1,2,3,4,5],"id":590,"purposeIds":[]},{"policyUrl":"https://www.localsensor.com/privacy.html","featureIds":[1,3],"name":"Localsensor B.V.","legIntPurposeIds":[],"id":587,"purposeIds":[1,2,3,4,5]},{"policyUrl":"https://mairdumont-netletix.com/datenschutz","featureIds":[3],"name":"MAIRDUMONT NETLETIX GmbH&amp;Co. KG","legIntPurposeIds":[],"id":578,"purposeIds":[1,2,3,4,5]},{"policyUrl":"https://goldbach.com/ch/de/datenschutz","featureIds":[1,2,3],"name":"Goldbach Group AG","legIntPurposeIds":[1,2,3,4,5],"id":580,"purposeIds":[]},{"policyUrl":"https://datmean.com/politica-privacidad/","featureIds":[1,2,3],"name":"Programatica de publicidad S.L.","legIntPurposeIds":[],"id":593,"purposeIds":[1,2,3,4,5]},{"policyUrl":"https://www.realeyesit.com/privacy","featureIds":[1,2],"name":"Realeyes OÜ","legIntPurposeIds":[],"id":574,"purposeIds":[1,2,3,4,5]},{"policyUrl":"https://www.mobilewalla.com/business-services-privacy-policy","featureIds":[1,2,3],"name":"Mobilewalla, Inc.","legIntPurposeIds":[1,2,3,4,5],"id":581,"purposeIds":[]},{"policyUrl":"https://www.audio-cc.com/audiocc_privacy_policy.pdf","featureIds":[3],"name":"audio content & control GmbH","legIntPurposeIds":[3,4,5],"id":598,"purposeIds":[1]},{"policyUrl":"https://www.insurads.com/privacy.html","featureIds":[3],"name":"InsurAds Technologies SA.","legIntPurposeIds":[5],"id":596,"purposeIds":[3]},{"policyUrl":"https://www.startapp.com/policy/privacy-policy/","featureIds":[3],"name":"StartApp Inc.","legIntPurposeIds":[1,3,4,5],"id":576,"purposeIds":[2]},{"policyUrl":"https://privacy-policy.colpirio.com/en/","featureIds":[],"name":"Colpirio.com","legIntPurposeIds":[],"id":592,"purposeIds":[1,2,3,4,5]},{"policyUrl":"http://corp.bandsintown.com/privacy","featureIds":[2],"name":"Bandsintown Amplified LLC","legIntPurposeIds":[],"id":549,"purposeIds":[1,2,3,4,5]},{"policyUrl":"https://betterbanners.com/en/privacy","featureIds":[],"name":"Better Banners A/S","legIntPurposeIds":[3,5],"id":597,"purposeIds":[]},{"policyUrl":"https://dynamic-tracking.com/Datenschutz.aspx","featureIds":[],"name":"Dynamic 1001 GmbH","legIntPurposeIds":[1],"id":584,"purposeIds":[3]},{"policyUrl":"http://privacy.webads.eu/","featureIds":[],"name":"WebAds B.V","legIntPurposeIds":[],"id":601,"purposeIds":[1,2,3]},{"policyUrl":"https://maximusx.com/privacy-policy/","featureIds":[2,3],"name":"Maximus Live LLC","legIntPurposeIds":[3,4,5],"id":599,"purposeIds":[]},{"policyUrl":"https://www.teamjoin.fr/privacy.html","featureIds":[1,2,3],"name":"Join","legIntPurposeIds":[],"id":604,"purposeIds":[1,2,3,4,5]},{"policyUrl":"https://impactify.io/privacy-policy/","featureIds":[],"name":"Impactify ","legIntPurposeIds":[3,4,5],"id":606,"purposeIds":[1,2]},{"policyUrl":"https://www.newsandmedia.sk/gdpr/","featureIds":[1,2,3],"name":"News and Media Holding, a.s.","legIntPurposeIds":[],"id":608,"purposeIds":[1,2,3,4,5]},{"policyUrl":"https://adsafety.net/privacy.html/","featureIds":[],"name":"Online Solution Int Limited","legIntPurposeIds":[3,4,5],"id":602,"purposeIds":[1,2]},{"policyUrl":"https://www.adnami.io/adnami_privacy","featureIds":[],"name":"Adnami Aps","legIntPurposeIds":[3],"id":612,"purposeIds":[]},{"policyUrl":"http://consumable.com/privacy-policy.html","featureIds":[1,2],"name":"Consumable, Inc.","legIntPurposeIds":[],"id":591,"purposeIds":[1,3]},{"policyUrl":"https://www.mrpfd.com/privacy-policy/","featureIds":[1,2,3],"name":"Market Resource Partners LLC","legIntPurposeIds":[],"id":614,"purposeIds":[1,2,3,4,5]},{"policyUrl":"https://www.adsolutions.com/privacy-policy/","featureIds":[],"name":"Adsolutions BV","legIntPurposeIds":[],"id":615,"purposeIds":[1,5]},{"policyUrl":"https://www.ucfunnel.com/privacy-policy","featureIds":[3],"name":"ucfunnel Co., Ltd.","legIntPurposeIds":[],"id":607,"purposeIds":[1,2,3,4,5]},{"policyUrl":"http://www.predic.io/privacy","featureIds":[1,2,3],"name":"Predicio","legIntPurposeIds":[],"id":609,"purposeIds":[1,2,3,4,5]},{"policyUrl":"https://adagio.io/privacy","featureIds":[],"name":"Onfocus (Adagio)","legIntPurposeIds":[1],"id":617,"purposeIds":[]},{"policyUrl":"http://www.getblue.io/privacy/","featureIds":[],"name":"Blue","legIntPurposeIds":[],"id":620,"purposeIds":[1,2,3,4,5]},{"policyUrl":"https://azerion.com/business/privacy.html","featureIds":[1,2,3],"name":"Azerion Holding B.V.","legIntPurposeIds":[1,2,3,4,5],"id":610,"purposeIds":[]},{"policyUrl":"https://www.seznam.cz/ochranaudaju","featureIds":[2,3],"name":"Seznam.cz, a.s.","legIntPurposeIds":[1,5],"id":621,"purposeIds":[2,3,4]},{"policyUrl":"https://panel.norstat.dk/sikkerhed","featureIds":[1,2],"name":"Norstat Danmark A/S","legIntPurposeIds":[],"id":624,"purposeIds":[1,2,3,4,5]},{"policyUrl":"http://adprimehealth.com/privacy/","featureIds":[],"name":"Adprime Media Inc. ","legIntPurposeIds":[],"id":623,"purposeIds":[1,2,3]},{"policyUrl":"https://www.lotame.com/about-lotame/privacy/","featureIds":[],"name":"Lotame Solutions, Inc.","legIntPurposeIds":[],"id":95,"purposeIds":[1,2,3,4,5]},{"policyUrl":"http://www.beintoo.com/privacy-cookie-policy/","featureIds":[3],"name":"BEINTOO SPA","legIntPurposeIds":[],"id":618,"purposeIds":[1,3]},{"policyUrl":"https://www.capitaldata.fr/privacy","featureIds":[1,2,3],"name":"Capitaldata","legIntPurposeIds":[],"id":619,"purposeIds":[1,2,3,4,5]},{"policyUrl":"https://www.maximiles.com/privacy-policy","featureIds":[2],"name":"BILENDI SA","legIntPurposeIds":[],"id":625,"purposeIds":[1,3,4,5]},{"policyUrl":"https://www.tappx.com/en/privacy-policy/","featureIds":[2,3],"name":": Tappx","legIntPurposeIds":[2,3],"id":628,"purposeIds":[1]},{"policyUrl":"https://contactimpact.de/privacy","featureIds":[3],"name":"Contact Impact GmbH","legIntPurposeIds":[],"id":630,"purposeIds":[1,2,3,4,5]},{"policyUrl":"https://hivestack.com/privacy-policy","featureIds":[3],"name":"Hivestack Inc.","legIntPurposeIds":[1],"id":626,"purposeIds":[]},{"policyUrl":"https://relay42.com/privacy","featureIds":[1,2,3],"name":"Relay42 Netherlands B.V.","legIntPurposeIds":[],"id":631,"purposeIds":[1,2,3,4,5]},{"policyUrl":"https://www.d-edge.com/privacy-policy/","featureIds":[],"name":"D-Edge","legIntPurposeIds":[],"id":627,"purposeIds":[1]},{"policyUrl":"https://www.passendo.com/users-privacy-policy/","featureIds":[],"name":"Passendo ApS","legIntPurposeIds":[],"id":638,"purposeIds":[1,3]},{"policyUrl":"https://www.gamoshi.com/privacy-policy","featureIds":[],"name":"Gamoshi LTD","legIntPurposeIds":[],"id":644,"purposeIds":[1]},{"policyUrl":"https://www.smilewanted.com/privacy.php","featureIds":[],"name":"Smile Wanted Group","legIntPurposeIds":[],"id":639,"purposeIds":[1,2,3,4,5]},{"policyUrl":"http://www.webmediarm.com/vie_privee_et_opposition_en.php","featureIds":[],"name":"WebMediaRM","legIntPurposeIds":[],"id":635,"purposeIds":[1,2,3,4,5]},{"policyUrl":"https://www.ve.com/privacy-policy","featureIds":[],"name":"Ve Global","legIntPurposeIds":[],"id":579,"purposeIds":[1,2,3,4,5]},{"policyUrl":"https://www.finect.com/terminos-legales/politica-de-cookies","featureIds":[2,3],"name":"Noster Finance S.L.","legIntPurposeIds":[],"id":645,"purposeIds":[1,2,3,4,5]},{"policyUrl":"http://smartmeapp.com/info/smartme/aviso_legal.php","featureIds":[1],"name":"Smartme Analytics","legIntPurposeIds":[5],"id":653,"purposeIds":[]},{"policyUrl":"http://adserve.zone/adserveprivacypolicy.html","featureIds":[],"name":"Adserve.zone / Artworx AS","legIntPurposeIds":[3,4,5],"id":613,"purposeIds":[1]},{"policyUrl":"https://www.dailymotion.com/legal/privacy?localization=fr","featureIds":[2],"name":"Dailymotion SA","legIntPurposeIds":[1],"id":573,"purposeIds":[2,3,4,5]},{"policyUrl":"http://www.skaze.fr/rgpd/","featureIds":[1,2,3],"name":"Skaze","legIntPurposeIds":[1,2,3,4,5],"id":652,"purposeIds":[]},{"policyUrl":"https://notify-group.com/en/mentions-legales/","featureIds":[1,2,3],"name":"Notify","legIntPurposeIds":[],"id":646,"purposeIds":[1,2,5]},{"policyUrl":"https://www.truedata.co/privacy-policy/","featureIds":[1,2,3],"name":"TrueData Solutions, Inc.","legIntPurposeIds":[],"id":648,"purposeIds":[1,2,3,4,5]},{"policyUrl":"https://www.adup-tech.com/privacy","featureIds":[],"name":"Axel Springer Teaser Ad GmbH","legIntPurposeIds":[1,3,5],"id":647,"purposeIds":[2]},{"policyUrl":"https://www.graphinium.com/privacy/","featureIds":[1,2],"name":"GRAPHINIUM","legIntPurposeIds":[],"id":654,"purposeIds":[1,2,3,4,5]},{"policyUrl":"https://www2.rampanel.com/privacy-policy/","featureIds":[],"name":"Research and Analysis of Media in Sweden AB","legIntPurposeIds":[5],"id":659,"purposeIds":[]},{"policyUrl":"https://www.contentignite.com/privacy-policy/","featureIds":[],"name":"Think Clever Media","legIntPurposeIds":[5],"id":656,"purposeIds":[1,2,3,4]},{"policyUrl":"http://www.mcsaatchiplc.com/privacy-and-cookies","featureIds":[1,2,3],"name":"Alive & Kicking Global Limited","legIntPurposeIds":[],"id":504,"purposeIds":[1,2,3,4,5]},{"policyUrl":"https://www.gsi-one.org/de/privacy-policy.html","featureIds":[3],"name":"GP One GmbH","legIntPurposeIds":[1,3,5],"id":657,"purposeIds":[]},{"policyUrl":"https://www.sportradar.com/about-us/privacy/","featureIds":[2,3],"name":"Sportradar AG","legIntPurposeIds":[],"id":655,"purposeIds":[1,2,3,4,5]},{"policyUrl":"https://soundcast.fm/en/data-privacy","featureIds":[3],"name":"Soundcast","legIntPurposeIds":[],"id":662,"purposeIds":[1,2,3]},{"policyUrl":"https://www.digitaleast.mobi/en/legal/privacy-policy/","featureIds":[1,2,3],"name":"Digital East GmbH","legIntPurposeIds":[],"id":665,"purposeIds":[1,2,3,4,5]},{"policyUrl":"http://www.cognitivemarketing.tid.es/","featureIds":[1,2,3],"name":"Telefonica Investigación y Desarrollo S.A.U","legIntPurposeIds":[],"id":650,"purposeIds":[1,2,3,4,5]},{"policyUrl":"https://beop.io/privacy","featureIds":[2,3],"name":"BeOp","legIntPurposeIds":[],"id":666,"purposeIds":[1,2,3,4,5]},{"policyUrl":"https://www.mobsuccess.com/en/privacy","featureIds":[1,2,3],"name":"Mobsuccess","legIntPurposeIds":[],"id":663,"purposeIds":[1,2,3]},{"policyUrl":"https://bliink.io/privacy-policy","featureIds":[],"name":"BLIINK SAS","legIntPurposeIds":[],"id":658,"purposeIds":[1,2,3]},{"policyUrl":"https://liftoff.io/privacy-policy/","featureIds":[3],"name":"Liftoff Mobile, Inc.","legIntPurposeIds":[1,2,3,4,5],"id":667,"purposeIds":[]},{"policyUrl":"https://www.whatrocks.co/en/privacy-policy ","featureIds":[],"name":"WhatRocks Inc. ","legIntPurposeIds":[],"id":668,"purposeIds":[1,5]},{"policyUrl":"https://www.timehop.com/privacy","featureIds":[3],"name":"Timehop, Inc.","legIntPurposeIds":[],"id":670,"purposeIds":[1,3,5]},{"policyUrl":"https://www.durationmedia.net/privacy-policy","featureIds":[1,2,3],"name":"Duration Media, LLC.","legIntPurposeIds":[],"id":674,"purposeIds":[1,3,5]},{"policyUrl":"http://instreamatic.com/privacy-policy/","featureIds":[],"name":"Instreamatic inc.","legIntPurposeIds":[],"id":675,"purposeIds":[1,2,3]},{"policyUrl":"https://www.businessclick.com/documents/RegulaminProgramuBusinessClick-2019.pdf","featureIds":[1,2,3],"name":"BusinessClick","legIntPurposeIds":[],"id":676,"purposeIds":[1,2,3,4,5]},{"policyUrl":"https://www.undertone.com/privacy/","featureIds":[],"name":"Intercept Interactive Inc. dba Undertone","legIntPurposeIds":[],"id":677,"purposeIds":[1,2,3,4,5]},{"policyUrl":"https://static.vg.no/privacy/","deletedDate":"2019-09-16T00:00:00Z","featureIds":[2,3],"name":"Schibsted Norge AS","legIntPurposeIds":[1,2,3,4,5],"id":660,"purposeIds":[]},{"policyUrl":"https://www.adtonos.com/service-privacy-policy/","featureIds":[1,2,3],"name":"Radio Net Media Limited","legIntPurposeIds":[5],"id":682,"purposeIds":[1,2,3]},{"policyUrl":"https://www.bluebillywig.com/privacy-statement/","featureIds":[],"name":"Blue Billywig BV","legIntPurposeIds":[5],"id":684,"purposeIds":[]},{"policyUrl":"https://www.themediagrid.com/privacy-policy/","featureIds":[1,2],"name":"The MediaGrid Inc.","legIntPurposeIds":[],"id":686,"purposeIds":[1,2,3,4,5]},{"policyUrl":"https://arkeero.com/privacy-2/","featureIds":[1,2,3],"name":"Arkeero","legIntPurposeIds":[],"id":685,"purposeIds":[1,2,3,4,5]}]}