{"sheets":{"control":[{"messageText":"<strong> We chose a different approach. Will you support it?</strong>  Unlike many news organisations, we made a choice to keep all of our independent, investigative reporting free and available for everyone. We believe that each of us, around the world, deserves access to accurate information with integrity at its heart. At a time when factual reporting is critical, support from our readers is essential in safeguarding The Guardian’s editorial independence. This is our model for open, independent journalism.","ctaText":" If you’re able to, please support The Guardian today from as little as %%CURRENCY_SYMBOL%%1.","buttonCaption":"Support The Guardian","linkUrl":"https://support.theguardian.com/contribute"}]}}