{"html":"<li class=\"yns-container\"><a class=\"yns-link\" target=\"_blank\" data-ylk=\"elm:hdln;subsec:notifications-brknews;pos:1;slk:Trump takes aim at NBA coaches: The president used the NBA's China controversy as an opportunity to attack two of his most vocal critics in sports — Gregg Popovich and Steve Kerr.;elmt:seen;cat:unfresh;g:375f5355-4164-3511-b8f5-9b165da8687a;\" href=\"https://sports.yahoo.com/donald-trump-chastises-little-boy-steve-kerr-gregg-popovich-over-nb-as-china-flap-214434724.html?.tsrc=bell-brknews\"><img class=\"yns-img yns-redImg\" src=\"https://s.yimg.com/cv/ae/news/Purple-News.png\" /><div class=\"yns-content\"><span class=\"yns-title\" title=\"Trump takes aim at NBA coaches: The president used the NBA's China controversy as an opportunity to attack two of his most vocal critics in sports — Gregg Popovich and Steve Kerr.\">Trump takes aim at NBA coaches: The president used the NBA's China controversy as an opportunity to attack two of his most vocal critics in sports — Gregg Popovich and Steve Kerr.</span><span class=\"yns-time\">10h</span><span class=\"yns-ell\"></span></div></a></li><li class=\"yns-container\"><a class=\"yns-link\" target=\"_blank\" data-ylk=\"elm:hdln;subsec:notifications-brknews;pos:2;slk:'I believe she is telling the truth': Ann Curry took to Twitter to address the rape accusation against her former \"Today\" co-host Matt Lauer.;elmt:seen;cat:unfresh;g:65315037-530f-3ba0-aacc-c084da265497;\" href=\"https://www.yahoo.com/entertainment/ann-curry-matt-lauer-rape-allegations-202550395.html?.tsrc=bell-brknews\"><img class=\"yns-img yns-redImg\" src=\"https://s.yimg.com/cv/ae/news/Purple-News.png\" /><div class=\"yns-content\"><span class=\"yns-title\" title=\"'I believe she is telling the truth': Ann Curry took to Twitter to address the rape accusation against her former \"Today\" co-host Matt Lauer.\">'I believe she is telling the truth': Ann Curry took to Twitter to address the rape accusation against her former \"Today\" co-host Matt Lauer.</span><span class=\"yns-time\">12h</span><span class=\"yns-ell\"></span></div></a></li><li class=\"yns-container\"><a class=\"yns-link\" target=\"_blank\" data-ylk=\"elm:hdln;subsec:notifications-brknews;pos:3;slk:Former co-star blasts Huffman: The \"Desperate Housewives\" star called Felicity Huffman's 14-day prison sentence a \"slap on the wrist.\";elmt:seen;cat:unfresh;g:045934e5-70af-3090-8c71-e8261eb67caf;\" href=\"https://www.yahoo.com/entertainment/felicity-huffmans-desperate-housewives-costar-010221748.html?.tsrc=bell-brknews\"><img class=\"yns-img yns-redImg\" src=\"https://s.yimg.com/cv/ae/news/Purple-News.png\" /><div class=\"yns-content\"><span class=\"yns-title\" title=\"Former co-star blasts Huffman: The \"Desperate Housewives\" star called Felicity Huffman's 14-day prison sentence a \"slap on the wrist.\"\">Former co-star blasts Huffman: The \"Desperate Housewives\" star called Felicity Huffman's 14-day prison sentence a \"slap on the wrist.\"</span><span class=\"yns-time\">17h</span><span class=\"yns-ell\"></span></div></a></li><li class=\"yns-container\"><a class=\"yns-link\" target=\"_blank\" data-ylk=\"elm:hdln;subsec:notifications-brknews;pos:4;slk:Matt Lauer rape allegation revealed: Brooke Nevils, the former NBC employee whose complaint against the anchor led to his firing, told her story to Ronan Farrow for his new book.;elmt:seen;cat:unfresh;g:dabf67ef-fcda-3c54-b7b7-a8002673fbe3;\" href=\"https://www.yahoo.com/entertainment/matt-lauer-rape-allegation-revealed-in-ronan-farrows-catch-and-kill-book-132749377.html?.tsrc=bell-brknews\"><img class=\"yns-img yns-redImg\" src=\"https://s.yimg.com/cv/ae/news/Purple-News.png\" /><div class=\"yns-content\"><span class=\"yns-title\" title=\"Matt Lauer rape allegation revealed: Brooke Nevils, the former NBC employee whose complaint against the anchor led to his firing, told her story to Ronan Farrow for his new book.\">Matt Lauer rape allegation revealed: Brooke Nevils, the former NBC employee whose complaint against the anchor led to his firing, told her story to Ronan Farrow for his new book.</span><span class=\"yns-time\">21h</span><span class=\"yns-ell\"></span></div></a></li>","css":".yns-notifications{list-style-type:none;font-family:'Helvetica Neue',Helvetica,Arial,sans-serif}.yns-container{word-wrap:break-word}.yns-container:hover{background-color:#c2deff}.yns-img{border-radius:45%;float:left;width:40px;height:40px}.yns-dot{color:#0f69ff;padding-left:6px;position:absolute;top:0;left:0;font-size:30px;line-height:20px}.yns-title{line-height:1.5}.yns-content{font-size:14px;height:42px;overflow:hidden;color:#26282a;padding-left:24px;padding-right:44px;position:relative}.yns-ell{position:absolute;bottom:0;right:42px;background:linear-gradient(to right,rgba(255,255,255,.1),#fff);width:90px;height:1.4em}.yns-container:hover .yns-ell{background:linear-gradient(to right,rgba(194,222,255,.1),rgba(194,222,255,1))}.yns-link,.yns-link:hover{padding:15px 16px;display:block;text-decoration:none}.yns-breaking{color:#ff4136}.yns-time{position:absolute;right:0;top:0;font-size:12px;line-height:1.67;color:#979ba7}.yns-lite-text{color:#767d84}","nextToken":":::1570629658","newCount":0,"count":4}