{"html":"<li class=\"yns-container\"><a class=\"yns-link\" target=\"_blank\" data-ylk=\"elm:hdln;subsec:notifications-brknews;pos:1;slk:Breaking: WH won't comply with probe: The White House has notified the House that the Trump administration will not participate in what it is calling Democrats' illegitimate impeachment.;elmt:seen;cat:unfresh;g:3dc77f41-dc9d-311e-b357-276e70ae67d8;\" href=\"https://www.yahoo.com/gma/white-house-letter-pelosi-pushes-back-impeachment-probe-205700069.html?.tsrc=bell-brknews\"><img class=\"yns-img yns-redImg\" src=\"https://s.yimg.com/cv/ae/news/Purple-News.png\" /><div class=\"yns-content\"><span class=\"yns-title\" title=\"Breaking: WH won't comply with probe: The White House has notified the House that the Trump administration will not participate in what it is calling Democrats' illegitimate impeachment.\">Breaking: WH won't comply with probe: The White House has notified the House that the Trump administration will not participate in what it is calling Democrats' illegitimate impeachment.</span><span class=\"yns-time\">27m</span><span class=\"yns-ell\"></span></div></a></li><li class=\"yns-container\"><a class=\"yns-link\" target=\"_blank\" data-ylk=\"elm:hdln;subsec:notifications-brknews;pos:2;slk:WH official: Ukraine call was 'crazy': An official listening to the July 25 call was \"visibly shaken\" by it, according to notes taken by the official who filed a whistleblower complaint.;elmt:seen;cat:unfresh;g:83d05bf7-7ab7-30ab-91a8-116345436ac6;\" href=\"https://www.yahoo.com/gma/white-house-official-told-whistleblower-trump-ukraine-call-184300457.html?.tsrc=bell-brknews\"><img class=\"yns-img yns-redImg\" src=\"https://s.yimg.com/cv/ae/news/Purple-News.png\" /><div class=\"yns-content\"><span class=\"yns-title\" title=\"WH official: Ukraine call was 'crazy': An official listening to the July 25 call was \"visibly shaken\" by it, according to notes taken by the official who filed a whistleblower complaint.\">WH official: Ukraine call was 'crazy': An official listening to the July 25 call was \"visibly shaken\" by it, according to notes taken by the official who filed a whistleblower complaint.</span><span class=\"yns-time\">1h</span><span class=\"yns-ell\"></span></div></a></li><li class=\"yns-container\"><a class=\"yns-link\" target=\"_blank\" data-ylk=\"elm:hdln;subsec:notifications-brknews;pos:3;slk:'I could not refuse': The judge who hugged an ex-Dallas police officer after she was sentenced to prison for killing her neighbor said the embrace was appropriate. ;elmt:seen;cat:unfresh;g:f4df6a05-2730-341e-b99e-02efe9d7fb30;\" href=\"https://news.yahoo.com/judge-tammy-kemp-could-not-235612792.html?.tsrc=bell-brknews\"><img class=\"yns-img yns-redImg\" src=\"https://s.yimg.com/cv/ae/news/Purple-News.png\" /><div class=\"yns-content\"><span class=\"yns-title\" title=\"'I could not refuse': The judge who hugged an ex-Dallas police officer after she was sentenced to prison for killing her neighbor said the embrace was appropriate. \">'I could not refuse': The judge who hugged an ex-Dallas police officer after she was sentenced to prison for killing her neighbor said the embrace was appropriate. </span><span class=\"yns-time\">4h</span><span class=\"yns-ell\"></span></div></a></li><li class=\"yns-container\"><a class=\"yns-link\" target=\"_blank\" data-ylk=\"elm:hdln;subsec:notifications-brknews;pos:4;slk:NASA's Curiosity rover makes stunning find: Scientists said on Monday the rover discovered what it dubs an \"ancient oasis\" on the red planet, featuring some very unusual salts.;elmt:seen;cat:unfresh;g:f35bc804-5e83-3d84-a598-f64a677ae096;\" href=\"https://www.yahoo.com/gma/nasas-curiosity-rover-found-weirdly-salty-ancient-oasis-222526634--abc-news-tech.html?.tsrc=bell-brknews\"><img class=\"yns-img yns-redImg\" src=\"https://s.yimg.com/cv/ae/news/Purple-News.png\" /><div class=\"yns-content\"><span class=\"yns-title\" title=\"NASA's Curiosity rover makes stunning find: Scientists said on Monday the rover discovered what it dubs an \"ancient oasis\" on the red planet, featuring some very unusual salts.\">NASA's Curiosity rover makes stunning find: Scientists said on Monday the rover discovered what it dubs an \"ancient oasis\" on the red planet, featuring some very unusual salts.</span><span class=\"yns-time\">6h</span><span class=\"yns-ell\"></span></div></a></li>","css":".yns-notifications{list-style-type:none;font-family:'Helvetica Neue',Helvetica,Arial,sans-serif}.yns-container{word-wrap:break-word}.yns-container:hover{background-color:#c2deff}.yns-img{border-radius:45%;float:left;width:40px;height:40px}.yns-dot{color:#0f69ff;padding-left:6px;position:absolute;top:0;left:0;font-size:30px;line-height:20px}.yns-title{line-height:1.5}.yns-content{font-size:14px;height:42px;overflow:hidden;color:#26282a;padding-left:24px;padding-right:44px;position:relative}.yns-ell{position:absolute;bottom:0;right:42px;background:linear-gradient(to right,rgba(255,255,255,.1),#fff);width:90px;height:1.4em}.yns-container:hover .yns-ell{background:linear-gradient(to right,rgba(194,222,255,.1),rgba(194,222,255,1))}.yns-link,.yns-link:hover{padding:15px 16px;display:block;text-decoration:none}.yns-breaking{color:#ff4136}.yns-time{position:absolute;right:0;top:0;font-size:12px;line-height:1.67;color:#979ba7}.yns-lite-text{color:#767d84}","nextToken":":::1570551347","newCount":0,"count":4}