{"ok":1,"data":{"cardlistInfo":{"containerid":"1076031694659791","v_p":42,"show_style":1,"total":46,"page":2},"cards":[{"card_type":9,"itemid":"1076031694659791_-_3460044547392924","scheme":"https:\/\/m.weibo.cn\/status\/ypc22v1eI?mblogid=ypc22v1eI&luicode=10000011&lfid=1076031694659791","mblog":{"visible":{"type":0,"list_id":0},"created_at":"2012-06-23","id":"3460044547392924","idstr":"3460044547392924","mid":"3460044547392924","can_edit":false,"show_additional_indication":0,"text":"\u8f6c\u53d1\u5fae\u535a\/\/<a href='\/n\/\u4e0d\u662f\u6bcf\u4e2a\u4eba\u90fd\u53eb\u4f59\u4f73\u9547__'>@\u4e0d\u662f\u6bcf\u4e2a\u4eba\u90fd\u53eb\u4f59\u4f73\u9547__<\/a>:\u8f6c\u53d1\u5fae\u535a\u3002","source":"\u5fae\u535a\u8f6c\u8f6c","favorited":false,"pic_types":"","is_paid":false,"mblog_vip_type":0,"user":{"id":1694659791,"screen_name":"overseas","profile_image_url":"https:\/\/tva2.sinaimg.cn\/crop.0.0.180.180.180\/650274cfjw1e8qgp5bmzyj2050050aa8.jpg?KID=imgbed,tva&Expires=1570715918&ssig=eqHbqMSR%2BI","profile_url":"https:\/\/m.weibo.cn\/u\/1694659791?uid=1694659791&luicode=10000011&lfid=1076031694659791","statuses_count":46,"verified":false,"verified_type":-1,"close_blue_v":false,"description":"","gender":"m","mbtype":0,"urank":0,"mbrank":0,"follow_me":false,"following":false,"followers_count":40,"follow_count":35,"cover_image_phone":"https:\/\/tva1.sinaimg.cn\/crop.0.0.640.640.640\/549d0121tw1egm1kjly3jj20hs0hsq4f.jpg","avatar_hd":"https:\/\/ww2.sinaimg.cn\/orj480\/650274cfjw1e8qgp5bmzyj2050050aa8.jpg","like":false,"like_me":false},"pid":3459848635294378,"pidstr":"3459848635294378","retweeted_status":{"visible":{"type":0,"list_id":3,"list_idstr":"3"},"created_at":"2012-06-22","id":"3459842972902281","idstr":"3459842972902281","mid":"3459842972902281","text":"\u62b1\u6b49\uff0c\u4f5c\u8005\u5df2\u8bbe\u7f6e\u4ec5\u5c55\u793a\u534a\u5e74\u5185\u5fae\u535a\uff0c\u6b64\u5fae\u535a\u5df2\u4e0d\u53ef\u89c1\u3002 ","edit_config":{"edited":false},"weibo_position":2,"show_attitude_bar":0,"retweeted":1,"user":null,"bid":"yp6MVcb0Z","source":""},"reposts_count":0,"comments_count":1,"attitudes_count":3,"pending_approval_count":0,"isLongText":false,"reward_exhibition_type":0,"hide_flag":0,"mblogtype":0,"more_info_type":0,"extern_safe":0,"number_display_strategy":{"apply_scenario_flag":3,"display_text_min_number":1000000,"display_text":"100\u4e07+"},"content_auth":0,"pic_num":0,"mblog_menu_new_style":0,"edit_config":{"edited":false},"weibo_position":3,"show_attitude_bar":0,"raw_text":"\u8f6c\u53d1\u5fae\u535a\/\/@\u4e0d\u662f\u6bcf\u4e2a\u4eba\u90fd\u53eb\u4f59\u4f73\u9547__:\u8f6c\u53d1\u5fae\u535a\u3002","bid":"ypc22v1eI"},"show_type":0},{"card_type":9,"itemid":"1076031694659791_-_3459321214444364","scheme":"https:\/\/m.weibo.cn\/status\/yoTdniEbi?mblogid=yoTdniEbi&luicode=10000011&lfid=1076031694659791","mblog":{"visible":{"type":0,"list_id":0},"created_at":"2012-06-21","id":"3459321214444364","idstr":"3459321214444364","mid":"3459321214444364","can_edit":false,"show_additional_indication":0,"text":"\u8f6c\u53d1\u5fae\u535a","source":"\u5fae\u535a\u8f6c\u8f6c","favorited":false,"pic_types":"","is_paid":false,"mblog_vip_type":0,"user":{"id":1694659791,"screen_name":"overseas","profile_image_url":"https:\/\/tva2.sinaimg.cn\/crop.0.0.180.180.180\/650274cfjw1e8qgp5bmzyj2050050aa8.jpg?KID=imgbed,tva&Expires=1570715918&ssig=eqHbqMSR%2BI","profile_url":"https:\/\/m.weibo.cn\/u\/1694659791?uid=1694659791&luicode=10000011&lfid=1076031694659791","statuses_count":46,"verified":false,"verified_type":-1,"close_blue_v":false,"description":"","gender":"m","mbtype":0,"urank":0,"mbrank":0,"follow_me":false,"following":false,"followers_count":40,"follow_count":35,"cover_image_phone":"https:\/\/tva1.sinaimg.cn\/crop.0.0.640.640.640\/549d0121tw1egm1kjly3jj20hs0hsq4f.jpg","avatar_hd":"https:\/\/ww2.sinaimg.cn\/orj480\/650274cfjw1e8qgp5bmzyj2050050aa8.jpg","like":false,"like_me":false},"retweeted_status":{"visible":{"type":0,"list_id":0},"created_at":"2012-06-18","id":"3458218137223600","idstr":"3458218137223600","mid":"3458218137223600","can_edit":false,"show_additional_indication":0,"text":"\u4eba\u751f\u8bbe\u8ba1\u4e0e\u518d\u521b\u8f89\u714c------ \u5fc3\u7075\u80fd\u91cf\u7684\u73b0\u5b9e\u8fd0\u4f5c <a data-url=\"http:\/\/t.cn\/zWzSaPR\" target=\"_blank\" href=\"https:\/\/weibo.cn\/sinaurl\/blockedd72bf0a0?url=http%3A%2F%2Fblog.163.com%2Fnimawose%40126%2Fblog%2Fstatic%2F3979237620091017102342965%2F&luicode=10000011&lfid=1076031694659791&u=http%3A%2F%2Fblog.163.com%2Fnimawose%40126%2Fblog%2Fstatic%2F3979237620091017102342965%2F\" class=\"\"><span class='url-icon'><img style='width: 1rem;height: 1rem' src='\/\/h5.sinaimg.cn\/upload\/2015\/09\/25\/3\/timeline_card_small_web_default.png'><\/span><span class=\"surl-text\">\u7f51\u9875\u94fe\u63a5<\/span><\/a> ","source":"\u5206\u4eab\u6309\u94ae","favorited":false,"pic_types":"","is_paid":false,"mblog_vip_type":0,"user":{"id":2797445812,"screen_name":"\u4e91\u968f\u6625\u52a8","profile_image_url":"https:\/\/tvax2.sinaimg.cn\/crop.0.0.180.180.180\/a6bda2b4ly8fd5bewa3a6j2050050dfu.jpg?KID=imgbed,tva&Expires=1570715918&ssig=rXDU42Qsd3","profile_url":"https:\/\/m.weibo.cn\/u\/2797445812?uid=2797445812&luicode=10000011&lfid=1076031694659791","statuses_count":66,"verified":false,"verified_type":-1,"close_blue_v":false,"description":"","gender":"f","mbtype":0,"urank":6,"mbrank":0,"follow_me":false,"following":false,"followers_count":31,"follow_count":167,"cover_image_phone":"https:\/\/tva1.sinaimg.cn\/crop.0.0.640.640.640\/549d0121tw1egm1kjly3jj20hs0hsq4f.jpg","avatar_hd":"https:\/\/wx2.sinaimg.cn\/orj480\/a6bda2b4ly8fd5bewa3a6j2050050dfu.jpg","like":false,"like_me":false},"reposts_count":1,"comments_count":1,"attitudes_count":0,"pending_approval_count":0,"isLongText":false,"reward_exhibition_type":0,"hide_flag":0,"mblogtype":0,"more_info_type":0,"number_display_strategy":{"apply_scenario_flag":3,"display_text_min_number":1000000,"display_text":"100\u4e07+"},"content_auth":0,"pic_num":0,"edit_config":{"edited":false},"weibo_position":2,"show_attitude_bar":0,"retweeted":1,"bid":"yoqwdujbG"},"reposts_count":0,"comments_count":0,"attitudes_count":0,"pending_approval_count":0,"isLongText":false,"reward_exhibition_type":0,"hide_flag":0,"mblogtype":0,"more_info_type":0,"extern_safe":0,"number_display_strategy":{"apply_scenario_flag":3,"display_text_min_number":1000000,"display_text":"100\u4e07+"},"content_auth":0,"pic_num":0,"mblog_menu_new_style":0,"edit_config":{"edited":false},"weibo_position":3,"show_attitude_bar":0,"raw_text":"\u8f6c\u53d1\u5fae\u535a","bid":"yoTdniEbi"},"show_type":0},{"card_type":9,"itemid":"1076031694659791_-_3458960353329105","scheme":"https:\/\/m.weibo.cn\/status\/yoJPldY3f?mblogid=yoJPldY3f&luicode=10000011&lfid=1076031694659791","mblog":{"visible":{"type":0,"list_id":0},"created_at":"2012-06-20","id":"3458960353329105","idstr":"3458960353329105","mid":"3458960353329105","can_edit":false,"show_additional_indication":0,"text":"\u8f6c\u53d1\u5fae\u535a\/\/<a href='\/n\/\u6e05\u98ce--------'>@\u6e05\u98ce--------<\/a>:\u60ec\u610f..","source":"\u5fae\u535a\u8f6c\u8f6c","favorited":false,"pic_types":"","is_paid":false,"mblog_vip_type":0,"user":{"id":1694659791,"screen_name":"overseas","profile_image_url":"https:\/\/tva2.sinaimg.cn\/crop.0.0.180.180.180\/650274cfjw1e8qgp5bmzyj2050050aa8.jpg?KID=imgbed,tva&Expires=1570715918&ssig=eqHbqMSR%2BI","profile_url":"https:\/\/m.weibo.cn\/u\/1694659791?uid=1694659791&luicode=10000011&lfid=1076031694659791","statuses_count":46,"verified":false,"verified_type":-1,"close_blue_v":false,"description":"","gender":"m","mbtype":0,"urank":0,"mbrank":0,"follow_me":false,"following":false,"followers_count":40,"follow_count":35,"cover_image_phone":"https:\/\/tva1.sinaimg.cn\/crop.0.0.640.640.640\/549d0121tw1egm1kjly3jj20hs0hsq4f.jpg","avatar_hd":"https:\/\/ww2.sinaimg.cn\/orj480\/650274cfjw1e8qgp5bmzyj2050050aa8.jpg","like":false,"like_me":false},"pid":3458055431876810,"pidstr":"3458055431876810","retweeted_status":{"visible":{"type":0,"list_id":0},"created_at":"2012-06-17","id":"3457869653962848","idstr":"3457869653962848","mid":"3457869653962848","can_edit":false,"show_additional_indication":0,"text":"\u4e00\u4f4d\u6444\u5f71\u5e08\u5728\u6fb3\u5927\u5229\u4e9a\u6089\u5c3c\u7684\u4e00\u95f4\u52a8\u7269\u56ed\u91cc\u53d1\u73b0\u4e86\u4ee4\u4eba\u6367\u8179\u7684\u4e00\u5e55\uff1a\u5f53\u65f6\uff0c\u201c\u5750\u57ab\u732b\u9f2c\u201d\u672c\u6765\u662f\u72ec\u81ea\u8eba\u7740\u6652\u592a\u9633\u7684\uff0c\u8c01\u77e5\u53e6\u5916\u4e24\u53ea\u732b\u9f2c\u901b\u8fc7\u6765\u4e4b\u540e\uff0c\u89c9\u5f97\u662f\u4e2a\u4e0d\u9519\u7684\u57ab\u5b50\uff0c\u4e8e\u662f\u4e00\u8d77\u628a\u5b83\u538b\u5230\u4e86\u5899\u6839\uff0c\u76f4\u76f4\u5730\u5750\u7740\uff0c\u4eab\u53d7\u6696\u6d0b\u6d0b\u7684\u592a\u9633\u3002\u51ed\u6444\u5f71\u5e08\u5bf9\u8fd9\u79cd\u52a8\u726930\u5e74\u7684\u89c2\u5bdf\uff0c\u8fd9\u4e2a\u5012\u9709\u9b3c\u7edd\u4e0d\u662f\u81ea\u613f\u7684\uff0c\u5b8c\u5168\u662f\u88ab\u903c\u65e0\u5948\uff01   ","source":"\u76ae\u76ae\u65f6\u5149\u673a","favorited":false,"pic_types":"","thumbnail_pic":"http:\/\/ww4.sinaimg.cn\/thumbnail\/604e48d0jw1du0zye074ij.jpg","bmiddle_pic":"http:\/\/ww4.sinaimg.cn\/bmiddle\/604e48d0jw1du0zye074ij.jpg","original_pic":"http:\/\/ww4.sinaimg.cn\/large\/604e48d0jw1du0zye074ij.jpg","is_paid":false,"mblog_vip_type":0,"user":{"id":1615743184,"screen_name":"\u5168\u7403\u5947\u95fb\u8da3\u4e8b","profile_image_url":"https:\/\/tva1.sinaimg.cn\/crop.0.0.180.180.180\/604e48d0jw1e8qgp5bmzyj2050050aa8.jpg?KID=imgbed,tva&Expires=1570715918&ssig=raAN3RBCvW","profile_url":"https:\/\/m.weibo.cn\/u\/1615743184?uid=1615743184&luicode=10000011&lfid=1076031694659791","statuses_count":73959,"verified":true,"verified_type":0,"verified_type_ext":1,"verified_reason":"\u77e5\u540d\u641e\u7b11\u5e7d\u9ed8\u535a\u4e3b","close_blue_v":false,"description":"\u6bcf\u65e5\u641c\u5bfb\u5168\u7403\u5947\u95fb\u8da3\u4e8b\uff0c\u5982\u679c\u60a8\u8eab\u8fb9\u53d1\u751f\u6216\u8005\u7f51\u7edc\u770b\u5230\u65b0\u9c9c\u4e8b\uff0c\u6b22\u8fce\u79c1\u4fe1\u6295\u7a3f\uff0c\u5f55\u7528\u5fc5@","gender":"f","mbtype":12,"urank":48,"mbrank":7,"follow_me":false,"following":false,"followers_count":12636907,"follow_count":2469,"cover_image_phone":"https:\/\/tva1.sinaimg.cn\/crop.0.0.640.640.640\/549d0121tw1egm1kjly3jj20hs0hsq4f.jpg","avatar_hd":"https:\/\/ww1.sinaimg.cn\/orj480\/604e48d0jw1e8qgp5bmzyj2050050aa8.jpg","like":false,"like_me":false,"badge":{"anniversary":1,"dailv":1,"zongyiji":1,"dzwbqlx_2016":1,"follow_whitelist_video":1,"user_name_certificate":1,"suishoupai_2018":5,"worldcup_2018":34,"qixi_2018":1,"hongbaofei_2019":1,"hongrenjie_2019":1}},"reposts_count":3142,"comments_count":522,"attitudes_count":16,"pending_approval_count":0,"isLongText":false,"reward_exhibition_type":0,"hide_flag":0,"mblogtype":0,"more_info_type":0,"number_display_strategy":{"apply_scenario_flag":3,"display_text_min_number":1000000,"display_text":"100\u4e07+"},"content_auth":0,"pic_num":1,"edit_config":{"edited":false},"weibo_position":2,"show_attitude_bar":0,"retweeted":1,"bid":"yohs9gCUU","pics":[{"pid":"604e48d0jw1du0zye074ij","url":"https:\/\/ww4.sinaimg.cn\/orj360\/604e48d0jw1du0zye074ij.jpg","size":"orj360","geo":false,"large":{"size":"large","url":"https:\/\/ww4.sinaimg.cn\/large\/604e48d0jw1du0zye074ij.jpg","geo":false}}]},"reposts_count":0,"comments_count":0,"attitudes_count":0,"pending_approval_count":0,"isLongText":false,"reward_exhibition_type":0,"hide_flag":0,"mblogtype":0,"more_info_type":0,"extern_safe":0,"number_display_strategy":{"apply_scenario_flag":3,"display_text_min_number":1000000,"display_text":"100\u4e07+"},"content_auth":0,"pic_num":0,"mblog_menu_new_style":0,"edit_config":{"edited":false},"weibo_position":3,"show_attitude_bar":0,"raw_text":"\u8f6c\u53d1\u5fae\u535a\/\/@\u6e05\u98ce--------:\u60ec\u610f..","bid":"yoJPldY3f"},"show_type":0},{"card_type":9,"itemid":"1076031694659791_-_3458241944494603","scheme":"https:\/\/m.weibo.cn\/status\/yor8CiRfB?mblogid=yor8CiRfB&luicode=10000011&lfid=1076031694659791","mblog":{"visible":{"type":0,"list_id":0},"created_at":"2012-06-18","id":"3458241944494603","idstr":"3458241944494603","mid":"3458241944494603","can_edit":false,"show_additional_indication":0,"text":"\u8f6c\u53d1\u5fae\u535a\/\/<a href='\/n\/\u72ec\u7231-\u7965'>@\u72ec\u7231-\u7965<\/a>:\u8f6c\u53d1\u5fae\u535a","source":"\u5fae\u535a\u8f6c\u8f6c","favorited":false,"pic_types":"","is_paid":false,"mblog_vip_type":0,"user":{"id":1694659791,"screen_name":"overseas","profile_image_url":"https:\/\/tva2.sinaimg.cn\/crop.0.0.180.180.180\/650274cfjw1e8qgp5bmzyj2050050aa8.jpg?KID=imgbed,tva&Expires=1570715918&ssig=eqHbqMSR%2BI","profile_url":"https:\/\/m.weibo.cn\/u\/1694659791?uid=1694659791&luicode=10000011&lfid=1076031694659791","statuses_count":46,"verified":false,"verified_type":-1,"close_blue_v":false,"description":"","gender":"m","mbtype":0,"urank":0,"mbrank":0,"follow_me":false,"following":false,"followers_count":40,"follow_count":35,"cover_image_phone":"https:\/\/tva1.sinaimg.cn\/crop.0.0.640.640.640\/549d0121tw1egm1kjly3jj20hs0hsq4f.jpg","avatar_hd":"https:\/\/ww2.sinaimg.cn\/orj480\/650274cfjw1e8qgp5bmzyj2050050aa8.jpg","like":false,"like_me":false},"pid":3457897457873227,"pidstr":"3457897457873227","retweeted_status":{"visible":{"type":0,"list_id":0},"created_at":"2012-06-17","id":"3457877299992808","idstr":"3457877299992808","mid":"3457877299992808","can_edit":false,"show_additional_indication":0,"text":"\u3010\u5929\u79e4\u5fc3\u58f0\u3011\u6211\u5f88\u61d2\uff0c\u6240\u4ee5\u4e0d\u8981\u8ddf\u6211\u73a9\u513f\u4ec0\u4e48\u5fc3\u8ba1\uff0c\u6709\u90a3\u65f6\u95f4\u8fd8\u4e0d\u5982\u591a\u7761\u4e00\u4f1a\u513f\uff1b\u6211\u5f88\u61d2\uff0c\u6240\u4ee5\u4e0d\u8981\u4ee5\u4e3a\u5e73\u65f6\u7684\u6211\u5f88\u50bb\uff0c\u6211\u53ea\u662f\u61d2\u7684\u8ba1\u8f83\u90a3\u4e48\u591a\uff0c\u4eba\u751f\u96be\u5f97\u80e1\u6d82\uff1b\u6211\u5f88\u61d2\uff0c\u6240\u4ee5\u4e0d\u8981\u8ddf\u6211\u73a9\u513f\u66a7\u6627\uff0c\u6211\u6015\u4f60\u4f1a\u5f88\u5931\u671b \u5982\u679c\u4f60\u662f\u5929\u79e4\u5ea7\uff0c\u8bf7\u5173\u6ce8<a href='\/n\/\u5929\u79e4\u5ea7\u5fc5\u770b'>@\u5929\u79e4\u5ea7\u5fc5\u770b<\/a> ","source":"\u76ae\u76ae\u65f6\u5149\u673a","favorited":false,"pic_types":"","thumbnail_pic":"http:\/\/ww1.sinaimg.cn\/thumbnail\/9951ebcejw1du10u0691oj.jpg","bmiddle_pic":"http:\/\/ww1.sinaimg.cn\/bmiddle\/9951ebcejw1du10u0691oj.jpg","original_pic":"http:\/\/ww1.sinaimg.cn\/large\/9951ebcejw1du10u0691oj.jpg","is_paid":false,"mblog_vip_type":0,"user":{"id":2572282830,"screen_name":"V\u82b1\u82b1\u82b1\u5c0f\u59d0","profile_image_url":"https:\/\/tva4.sinaimg.cn\/crop.12.0.627.627.180\/9951ebcejw8f8wgd7l4jwj20hs0hsacz.jpg?KID=imgbed,tva&Expires=1570715918&ssig=sZlct1aRa6","profile_url":"https:\/\/m.weibo.cn\/u\/2572282830?uid=2572282830&luicode=10000011&lfid=1076031694659791","statuses_count":11023,"verified":false,"verified_type":-1,"close_blue_v":false,"description":"\u523a\u732c\u81ea\u5a92\u4f53\u7b7e\u7ea6\u7f51\u7ea2\uff0c\u4e13\u4e1a\u5316\u5986\u5e08","gender":"f","mbtype":0,"urank":18,"mbrank":0,"follow_me":false,"following":false,"followers_count":52670,"follow_count":585,"cover_image_phone":"https:\/\/tva1.sinaimg.cn\/crop.0.0.640.640.640\/549d0121tw1egm1kjly3jj20hs0hsq4f.jpg","avatar_hd":"https:\/\/ww4.sinaimg.cn\/orj480\/9951ebcejw8f8wgd7l4jwj20hs0hsacz.jpg","like":false,"like_me":false,"badge":{"gongyi_level":1,"user_name_certificate":1}},"reposts_count":65,"comments_count":10,"attitudes_count":0,"pending_approval_count":0,"isLongText":false,"reward_exhibition_type":0,"hide_flag":0,"mblogtype":0,"more_info_type":0,"number_display_strategy":{"apply_scenario_flag":3,"display_text_min_number":1000000,"display_text":"100\u4e07+"},"content_auth":0,"pic_num":1,"edit_config":{"edited":false},"weibo_position":2,"show_attitude_bar":0,"retweeted":1,"bid":"yohEtFVAk","pics":[{"pid":"9951ebcejw1du10u0691oj","url":"https:\/\/ww1.sinaimg.cn\/orj360\/9951ebcejw1du10u0691oj.jpg","size":"orj360","geo":false,"large":{"size":"large","url":"https:\/\/ww1.sinaimg.cn\/large\/9951ebcejw1du10u0691oj.jpg","geo":false}}]},"reposts_count":0,"comments_count":0,"attitudes_count":0,"pending_approval_count":0,"isLongText":false,"reward_exhibition_type":0,"hide_flag":0,"mblogtype":0,"more_info_type":0,"extern_safe":0,"number_display_strategy":{"apply_scenario_flag":3,"display_text_min_number":1000000,"display_text":"100\u4e07+"},"content_auth":0,"pic_num":0,"mblog_menu_new_style":0,"edit_config":{"edited":false},"weibo_position":3,"show_attitude_bar":0,"raw_text":"\u8f6c\u53d1\u5fae\u535a\/\/@\u72ec\u7231-\u7965:\u8f6c\u53d1\u5fae\u535a","bid":"yor8CiRfB"},"show_type":0},{"card_type":9,"itemid":"1076031694659791_-_3457873927828117","scheme":"https:\/\/m.weibo.cn\/status\/yohz2wQrX?mblogid=yohz2wQrX&luicode=10000011&lfid=1076031694659791","mblog":{"visible":{"type":0,"list_id":0},"created_at":"2012-06-17","id":"3457873927828117","idstr":"3457873927828117","mid":"3457873927828117","can_edit":false,"show_additional_indication":0,"text":"\u8f6c\u53d1\u5fae\u535a","source":"\u5fae\u535a\u8f6c\u8f6c","favorited":false,"pic_types":"","is_paid":false,"mblog_vip_type":0,"user":{"id":1694659791,"screen_name":"overseas","profile_image_url":"https:\/\/tva2.sinaimg.cn\/crop.0.0.180.180.180\/650274cfjw1e8qgp5bmzyj2050050aa8.jpg?KID=imgbed,tva&Expires=1570715918&ssig=eqHbqMSR%2BI","profile_url":"https:\/\/m.weibo.cn\/u\/1694659791?uid=1694659791&luicode=10000011&lfid=1076031694659791","statuses_count":46,"verified":false,"verified_type":-1,"close_blue_v":false,"description":"","gender":"m","mbtype":0,"urank":0,"mbrank":0,"follow_me":false,"following":false,"followers_count":40,"follow_count":35,"cover_image_phone":"https:\/\/tva1.sinaimg.cn\/crop.0.0.640.640.640\/549d0121tw1egm1kjly3jj20hs0hsq4f.jpg","avatar_hd":"https:\/\/ww2.sinaimg.cn\/orj480\/650274cfjw1e8qgp5bmzyj2050050aa8.jpg","like":false,"like_me":false},"retweeted_status":{"visible":{"type":0,"list_id":0},"created_at":"2012-05-12","id":"3444798659077442","idstr":"3444798659077442","mid":"3444798659077442","can_edit":false,"show_additional_indication":0,"text":"\u6211\u521a\u66f4\u65b0\u4e86\u65b0\u6d6a\u5fae\u535aAndroid\u5ba2\u6237\u7aefv2.9.1,\u63a8\u8350\u4f60\u4e5f\u4e00\u8d77\u6765\u4f53\u9a8c\u3002\u4e0b\u8f7d\u5730\u5740\uff1a<a data-url=\"http:\/\/t.cn\/zOCkG9N\" href=\"http:\/\/3g.sina.com.cn\/tv\/soft\/sina\/Weibo2.9.1_174_common_0411.apk?luicode=10000011&lfid=1076031694659791\" data-hide=\"\"><span class='url-icon'><img style='width: 1rem;height: 1rem' src='\/\/h5.sinaimg.cn\/upload\/2015\/09\/25\/3\/timeline_card_small_web_default.png'><\/span><span class=\"surl-text\">\u7f51\u9875\u94fe\u63a5<\/span><\/a> \u5185\u7f6e5\u6b3e\u6ee4\u955c\u7279\u6548,\u53d1\u56fe\u7247\u66f4\u7cbe\u5f69\uff1b\u4f18\u5316\u79c1\u4fe1\u8bed\u97f3\u804a\u5929\u529f\u80fd\uff1b\u79c1\u4fe1\u652f\u6301\u56fe\u7247\u548c\u6587\u5b57\u540c\u65f6\u53d1\u5e03\uff1b\u65b0\u589e\u5185\u7f6e\u6d4f\u89c8\u5668\uff0c\u6d4f\u89c8\u7f51\u9875\u65e0\u9700\u8df3\u51fa\u5fae\u535a\u3002 ","source":"Android\u5ba2\u6237\u7aef","favorited":false,"pic_types":"","thumbnail_pic":"http:\/\/ww1.sinaimg.cn\/thumbnail\/6e34fbcajw1droxrmq08rj.jpg","bmiddle_pic":"http:\/\/ww1.sinaimg.cn\/bmiddle\/6e34fbcajw1droxrmq08rj.jpg","original_pic":"http:\/\/ww1.sinaimg.cn\/large\/6e34fbcajw1droxrmq08rj.jpg","is_paid":false,"mblog_vip_type":0,"user":{"id":2762125971,"screen_name":"\u624b\u673a\u7528\u62372762125971","profile_image_url":"https:\/\/tva4.sinaimg.cn\/crop.0.0.180.180.180\/a4a2b293jw1e8qgp5bmzyj2050050aa8.jpg?KID=imgbed,tva&Expires=1570715918&ssig=CfPD0Z9geK","profile_url":"https:\/\/m.weibo.cn\/u\/2762125971?uid=2762125971&luicode=10000011&lfid=1076031694659791","statuses_count":2,"verified":false,"verified_type":-1,"close_blue_v":false,"description":"","gender":"m","mbtype":0,"urank":0,"mbrank":0,"follow_me":false,"following":false,"followers_count":0,"follow_count":44,"cover_image_phone":"https:\/\/tva1.sinaimg.cn\/crop.0.0.640.640.640\/549d0121tw1egm1kjly3jj20hs0hsq4f.jpg","avatar_hd":"https:\/\/ww4.sinaimg.cn\/orj480\/a4a2b293jw1e8qgp5bmzyj2050050aa8.jpg","like":false,"like_me":false},"reposts_count":1,"comments_count":0,"attitudes_count":0,"pending_approval_count":0,"isLongText":false,"reward_exhibition_type":0,"hide_flag":0,"mblogtype":0,"more_info_type":0,"number_display_strategy":{"apply_scenario_flag":3,"display_text_min_number":1000000,"display_text":"100\u4e07+"},"content_auth":0,"pic_num":1,"edit_config":{"edited":false},"weibo_position":2,"show_attitude_bar":0,"retweeted":1,"bid":"yiNpTC5sm","pics":[{"pid":"6e34fbcajw1droxrmq08rj","url":"https:\/\/ww1.sinaimg.cn\/orj360\/6e34fbcajw1droxrmq08rj.jpg","size":"orj360","geo":false,"large":{"size":"large","url":"https:\/\/ww1.sinaimg.cn\/large\/6e34fbcajw1droxrmq08rj.jpg","geo":false}}]},"reposts_count":0,"comments_count":0,"attitudes_count":0,"pending_approval_count":0,"isLongText":false,"reward_exhibition_type":0,"hide_flag":0,"mblogtype":0,"more_info_type":0,"extern_safe":0,"number_display_strategy":{"apply_scenario_flag":3,"display_text_min_number":1000000,"display_text":"100\u4e07+"},"content_auth":0,"pic_num":0,"mblog_menu_new_style":0,"edit_config":{"edited":false},"weibo_position":3,"show_attitude_bar":0,"raw_text":"\u8f6c\u53d1\u5fae\u535a","bid":"yohz2wQrX"},"show_type":0},{"card_type":9,"itemid":"1076031694659791_-_3457502962295814","scheme":"https:\/\/m.weibo.cn\/status\/yo7UI9Dfg?mblogid=yo7UI9Dfg&luicode=10000011&lfid=1076031694659791","mblog":{"visible":{"type":0,"list_id":0},"created_at":"2012-06-16","id":"3457502962295814","idstr":"3457502962295814","mid":"3457502962295814","can_edit":false,"show_additional_indication":0,"text":"\u8f6c\u53d1\u5fae\u535a\/\/<a href='\/n\/\u831c\u831cZ-Sissi'>@\u831c\u831cZ-Sissi<\/a>:\u8bf4\u4eba\u8bdd\u2026\u2026<span class=\"url-icon\"><img alt=[\u5077\u7b11] src=\"\/\/h5.sinaimg.cn\/m\/emoticon\/icon\/default\/d_touxiao-15afb1c739.png\" style=\"width:1em; height:1em;\" \/><\/span><span class=\"url-icon\"><img alt=[\u563b\u563b] src=\"\/\/h5.sinaimg.cn\/m\/emoticon\/icon\/default\/d_xixi-813ededea2.png\" style=\"width:1em; height:1em;\" \/><\/span>[\u6316\u9f3b\u5c4e]\/\/<a href='\/n\/\u65b0\u6d6a\u89c6\u9891'>@\u65b0\u6d6a\u89c6\u9891<\/a>: \u7206\u7ea2\u7684\u7504\u5b1b\u4f53\uff0c\u6700\u540e\u662f\u4eae\u70b9\u2026","source":"\u5fae\u535a\u8f6c\u8f6c","favorited":false,"pic_types":"","is_paid":false,"mblog_vip_type":0,"user":{"id":1694659791,"screen_name":"overseas","profile_image_url":"https:\/\/tva2.sinaimg.cn\/crop.0.0.180.180.180\/650274cfjw1e8qgp5bmzyj2050050aa8.jpg?KID=imgbed,tva&Expires=1570715918&ssig=eqHbqMSR%2BI","profile_url":"https:\/\/m.weibo.cn\/u\/1694659791?uid=1694659791&luicode=10000011&lfid=1076031694659791","statuses_count":46,"verified":false,"verified_type":-1,"close_blue_v":false,"description":"","gender":"m","mbtype":0,"urank":0,"mbrank":0,"follow_me":false,"following":false,"followers_count":40,"follow_count":35,"cover_image_phone":"https:\/\/tva1.sinaimg.cn\/crop.0.0.640.640.640\/549d0121tw1egm1kjly3jj20hs0hsq4f.jpg","avatar_hd":"https:\/\/ww2.sinaimg.cn\/orj480\/650274cfjw1e8qgp5bmzyj2050050aa8.jpg","like":false,"like_me":false},"pid":3454265278615949,"pidstr":"3454265278615949","retweeted_status":{"visible":{"type":0,"list_id":0},"created_at":"2012-06-06","id":"3454006339079322","idstr":"3454006339079322","mid":"3454006339079322","can_edit":false,"show_additional_indication":0,"text":"\u7206\u7b11\u6076\u641e\u914d\u97f3\uff01\uff01<span class=\"url-icon\"><img alt=[\u5077\u7b11] src=\"\/\/h5.sinaimg.cn\/m\/emoticon\/icon\/default\/d_touxiao-15afb1c739.png\" style=\"width:1em; height:1em;\" \/><\/span> \u5927\u5bb6\u7231\u5206\u88c2\u4e4b\u7504\u5b1b\u4f53\uff01\uff01\uff01<span class=\"url-icon\"><img alt=[\u54c8\u54c8] src=\"\/\/h5.sinaimg.cn\/m\/emoticon\/icon\/default\/d_haha-dd1c6d36cf.png\" style=\"width:1em; height:1em;\" \/><\/span> <span class=\"url-icon\"><img alt=[\u54c8\u54c8] src=\"\/\/h5.sinaimg.cn\/m\/emoticon\/icon\/default\/d_haha-dd1c6d36cf.png\" style=\"width:1em; height:1em;\" \/><\/span> \u73b0\u5728\u6d41\u884c\u554a\uff01\uff01<span class=\"url-icon\"><img alt=[\u563b\u563b] src=\"\/\/h5.sinaimg.cn\/m\/emoticon\/icon\/default\/d_xixi-813ededea2.png\" style=\"width:1em; height:1em;\" \/><\/span> <a data-url=\"http:\/\/t.cn\/zOkYOrO\" href=\"http:\/\/video.sina.com.cn\/v\/b\/78562902-1664032380.html?url_type=1&object_type=&pos=1&luicode=10000011&lfid=1076031694659791\" data-hide=\"\"><span class='url-icon'><img style='width: 1rem;height: 1rem' src='http:\/\/u1.sinaimg.cn\/upload\/2014\/10\/16\/timeline_card_small_video_default.png'><\/span><span class=\"surl-text\">\u89c6\u9891<\/span><\/a> (\u66f4\u591a\u641e\u7b11\u89c6\u9891\u8bf7\u5173\u6ce8 <a href='\/n\/\u6211\u5f7b\u5e95\u7b11\u62bd\u4e86'>@\u6211\u5f7b\u5e95\u7b11\u62bd\u4e86<\/a>) ","source":"\u76ae\u76ae\u65f6\u5149\u673a","favorited":false,"pic_types":"","thumbnail_pic":"http:\/\/ww2.sinaimg.cn\/thumbnail\/632f1e7cjw1dtoo9ckft6j.jpg","bmiddle_pic":"http:\/\/ww2.sinaimg.cn\/bmiddle\/632f1e7cjw1dtoo9ckft6j.jpg","original_pic":"http:\/\/ww2.sinaimg.cn\/large\/632f1e7cjw1dtoo9ckft6j.jpg","is_paid":false,"mblog_vip_type":0,"user":{"id":1664032380,"screen_name":"\u89c6\u9891\u6700\u73b0\u573a","profile_image_url":"https:\/\/tva3.sinaimg.cn\/crop.145.10.133.133.180\/632f1e7ctw1efoerctr5bj20c0054mxv.jpg?KID=imgbed,tva&Expires=1570715918&ssig=trb59LL%2FZ9","profile_url":"https:\/\/m.weibo.cn\/u\/1664032380?uid=1664032380&luicode=10000011&lfid=1076031694659791","statuses_count":9695,"verified":false,"verified_type":-1,"close_blue_v":false,"description":"","gender":"f","mbtype":0,"urank":18,"mbrank":0,"follow_me":false,"following":false,"followers_count":626557,"follow_count":608,"cover_image_phone":"https:\/\/tva1.sinaimg.cn\/crop.0.0.640.640.640\/549d0121tw1egm1kjly3jj20hs0hsq4f.jpg","avatar_hd":"https:\/\/ww3.sinaimg.cn\/orj480\/632f1e7ctw1efoerctr5bj20c0054mxv.jpg","like":false,"like_me":false},"reposts_count":552,"comments_count":82,"attitudes_count":0,"pending_approval_count":0,"isLongText":false,"reward_exhibition_type":0,"hide_flag":0,"mblogtype":0,"more_info_type":0,"number_display_strategy":{"apply_scenario_flag":3,"display_text_min_number":1000000,"display_text":"100\u4e07+"},"content_auth":0,"pic_num":1,"edit_config":{"edited":false},"weibo_position":2,"show_attitude_bar":0,"retweeted":1,"bid":"ymEWZC5WG","pics":[{"pid":"632f1e7cjw1dtoo9ckft6j","url":"https:\/\/ww2.sinaimg.cn\/orj360\/632f1e7cjw1dtoo9ckft6j.jpg","size":"orj360","geo":false,"large":{"size":"large","url":"https:\/\/ww2.sinaimg.cn\/large\/632f1e7cjw1dtoo9ckft6j.jpg","geo":false}}]},"reposts_count":0,"comments_count":0,"attitudes_count":0,"pending_approval_count":0,"isLongText":false,"reward_exhibition_type":0,"hide_flag":0,"mblogtype":0,"more_info_type":0,"extern_safe":0,"number_display_strategy":{"apply_scenario_flag":3,"display_text_min_number":1000000,"display_text":"100\u4e07+"},"content_auth":0,"pic_num":0,"mblog_menu_new_style":0,"edit_config":{"edited":false},"weibo_position":3,"show_attitude_bar":0,"raw_text":"\u8f6c\u53d1\u5fae\u535a\/\/@\u831c\u831cZ-Sissi:\u8bf4\u4eba\u8bdd\u2026\u2026[\u5077\u7b11][\u563b\u563b][\u6316\u9f3b\u5c4e]\/\/@\u65b0\u6d6a\u89c6\u9891: \u7206\u7ea2\u7684\u7504\u5b1b\u4f53\uff0c\u6700\u540e\u662f\u4eae\u70b9\u2026","bid":"yo7UI9Dfg"},"show_type":0},{"card_type":9,"itemid":"1076031694659791_-_3457147482626013","scheme":"https:\/\/m.weibo.cn\/status\/ynYFmb193?mblogid=ynYFmb193&luicode=10000011&lfid=1076031694659791","mblog":{"visible":{"type":0,"list_id":0},"created_at":"2012-06-15","id":"3457147482626013","idstr":"3457147482626013","mid":"3457147482626013","can_edit":false,"show_additional_indication":0,"text":"\u8f6c\u53d1\u5fae\u535a","source":"\u5fae\u535a\u8f6c\u8f6c","favorited":false,"pic_types":"","is_paid":false,"mblog_vip_type":0,"user":{"id":1694659791,"screen_name":"overseas","profile_image_url":"https:\/\/tva2.sinaimg.cn\/crop.0.0.180.180.180\/650274cfjw1e8qgp5bmzyj2050050aa8.jpg?KID=imgbed,tva&Expires=1570715918&ssig=eqHbqMSR%2BI","profile_url":"https:\/\/m.weibo.cn\/u\/1694659791?uid=1694659791&luicode=10000011&lfid=1076031694659791","statuses_count":46,"verified":false,"verified_type":-1,"close_blue_v":false,"description":"","gender":"m","mbtype":0,"urank":0,"mbrank":0,"follow_me":false,"following":false,"followers_count":40,"follow_count":35,"cover_image_phone":"https:\/\/tva1.sinaimg.cn\/crop.0.0.640.640.640\/549d0121tw1egm1kjly3jj20hs0hsq4f.jpg","avatar_hd":"https:\/\/ww2.sinaimg.cn\/orj480\/650274cfjw1e8qgp5bmzyj2050050aa8.jpg","like":false,"like_me":false},"retweeted_status":{"visible":{"type":0,"list_id":0},"created_at":"2012-05-23","id":"3448761269425683","idstr":"3448761269425683","mid":"3448761269425683","can_edit":false,"show_additional_indication":0,"text":"\u4e3a\u770b\u6bd4\u8d5b\u90fd\u8fd8\u6ca1\u7761\u89c9 \u770b\u76f4\u64ad\uff1a <a data-url=\"http:\/\/t.cn\/h9nVzP\" href=\"http:\/\/live.video.sina.com.cn\/room\/nba?luicode=10000011&lfid=1076031694659791\" data-hide=\"\"><span class='url-icon'><img style='width: 1rem;height: 1rem' src='\/\/h5.sinaimg.cn\/upload\/2015\/09\/25\/3\/timeline_card_small_web_default.png'><\/span><span class=\"surl-text\">\u7f51\u9875\u94fe\u63a5<\/span><\/a> \u6211\u770b\u5230\u4e86\u8fd9\u91cc\uff1a <a data-url=\"http:\/\/t.cn\/zO1yVIZ\" target=\"_blank\" href=\"https:\/\/weibo.cn\/sinaurl\/blocked70ab4d7a?url=http%3A%2F%2Fkandian.com%2Fplay%2Fiplay.php%3Fid%3D1026843590%26playTime%3D1023%26url_type%3D1%26object_type%3D%26pos%3D1&luicode=10000011&lfid=1076031694659791&u=http%3A%2F%2Fkandian.com%2Fplay%2Fiplay.php%3Fid%3D1026843590%26playTime%3D1023%26url_type%3D1%26object_type%3D%26pos%3D1\" class=\"\"><span class='url-icon'><img style='width: 1rem;height: 1rem' src='http:\/\/u1.sinaimg.cn\/upload\/2014\/10\/16\/timeline_card_small_video_default.png'><\/span><span class=\"surl-text\">\u89c6\u9891<\/span><\/a> ","source":"\u770b\u70b9","favorited":false,"pic_types":"","thumbnail_pic":"http:\/\/ww3.sinaimg.cn\/thumbnail\/7bff8405jw1dt7xut0pv7j.jpg","bmiddle_pic":"http:\/\/ww3.sinaimg.cn\/bmiddle\/7bff8405jw1dt7xut0pv7j.jpg","original_pic":"http:\/\/ww3.sinaimg.cn\/large\/7bff8405jw1dt7xut0pv7j.jpg","is_paid":false,"mblog_vip_type":0,"user":{"id":2072776002,"screen_name":"\u624b\u673a\u7528\u62372072776002","profile_image_url":"https:\/\/tvax1.sinaimg.cn\/default\/images\/default_avatar_female_180.gif?KID=imgbed,tva&Expires=1570715918&ssig=VJDghieIE4","profile_url":"https:\/\/m.weibo.cn\/u\/2072776002?uid=2072776002&luicode=10000011&lfid=1076031694659791","statuses_count":2,"verified":false,"verified_type":-1,"close_blue_v":false,"description":"","gender":"f","mbtype":0,"urank":7,"mbrank":0,"follow_me":false,"following":false,"followers_count":4,"follow_count":0,"cover_image_phone":"https:\/\/tva1.sinaimg.cn\/crop.0.0.640.640.640\/549d0121tw1egm1kjly3jj20hs0hsq4f.jpg","avatar_hd":"https:\/\/ss1.sinaimg.cn\/orj480\/default_avatar_female_180&690","like":false,"like_me":false},"reposts_count":1,"comments_count":0,"attitudes_count":0,"pending_approval_count":0,"isLongText":false,"reward_exhibition_type":0,"hide_flag":0,"mblogtype":0,"more_info_type":0,"number_display_strategy":{"apply_scenario_flag":3,"display_text_min_number":1000000,"display_text":"100\u4e07+"},"content_auth":0,"pic_num":1,"edit_config":{"edited":false},"weibo_position":2,"show_attitude_bar":0,"retweeted":1,"bid":"yksvcDy39","pics":[{"pid":"7bff8405jw1dt7xut0pv7j","url":"https:\/\/ww3.sinaimg.cn\/orj360\/7bff8405jw1dt7xut0pv7j.jpg","size":"orj360","geo":false,"large":{"size":"large","url":"https:\/\/ww3.sinaimg.cn\/large\/7bff8405jw1dt7xut0pv7j.jpg","geo":false}}]},"reposts_count":0,"comments_count":0,"attitudes_count":0,"pending_approval_count":0,"isLongText":false,"reward_exhibition_type":0,"hide_flag":0,"mblogtype":0,"more_info_type":0,"extern_safe":0,"number_display_strategy":{"apply_scenario_flag":3,"display_text_min_number":1000000,"display_text":"100\u4e07+"},"content_auth":0,"pic_num":0,"mblog_menu_new_style":0,"edit_config":{"edited":false},"weibo_position":3,"show_attitude_bar":0,"raw_text":"\u8f6c\u53d1\u5fae\u535a","bid":"ynYFmb193"},"show_type":0},{"card_type":9,"itemid":"1076031694659791_-_3456788353713719","scheme":"https:\/\/m.weibo.cn\/status\/ynPk7fA6H?mblogid=ynPk7fA6H&luicode=10000011&lfid=1076031694659791","mblog":{"visible":{"type":0,"list_id":0},"created_at":"2012-06-14","id":"3456788353713719","idstr":"3456788353713719","mid":"3456788353713719","can_edit":false,"show_additional_indication":0,"text":"\u8f6c\u53d1\u5fae\u535a\/\/<a href='\/n\/\u4e00\u573a\u5b81\u9759'>@\u4e00\u573a\u5b81\u9759<\/a>:\u8f6c\u53d1\u5fae\u535a","source":"\u5fae\u535a\u8f6c\u8f6c","favorited":false,"pic_types":"","is_paid":false,"mblog_vip_type":0,"user":{"id":1694659791,"screen_name":"overseas","profile_image_url":"https:\/\/tva2.sinaimg.cn\/crop.0.0.180.180.180\/650274cfjw1e8qgp5bmzyj2050050aa8.jpg?KID=imgbed,tva&Expires=1570715918&ssig=eqHbqMSR%2BI","profile_url":"https:\/\/m.weibo.cn\/u\/1694659791?uid=1694659791&luicode=10000011&lfid=1076031694659791","statuses_count":46,"verified":false,"verified_type":-1,"close_blue_v":false,"description":"","gender":"m","mbtype":0,"urank":0,"mbrank":0,"follow_me":false,"following":false,"followers_count":40,"follow_count":35,"cover_image_phone":"https:\/\/tva1.sinaimg.cn\/crop.0.0.640.640.640\/549d0121tw1egm1kjly3jj20hs0hsq4f.jpg","avatar_hd":"https:\/\/ww2.sinaimg.cn\/orj480\/650274cfjw1e8qgp5bmzyj2050050aa8.jpg","like":false,"like_me":false},"pid":3454322518458702,"pidstr":"3454322518458702","retweeted_status":{"visible":{"type":0,"list_id":0},"created_at":"2012-06-04","id":"3453141079417504","idstr":"3453141079417504","mid":"3453141079417504","can_edit":false,"show_additional_indication":0,"text":"\u4eca\u65e5\u70b9\u51e0\u4e0b\u9f20\u6807\uff0c\u82e5\u662f\u80fd\u62ff\u4e86\u767e\u5b89\u5c45\u7684\u514d\u8d39\u4ea7\u54c1\uff0c\u5fc5\u662f\u6781\u597d\u7684\u3002\u4e3e\u624b\u4e4b\u52b3\uff0c\u6362\u5f97\u514d\u8d39\u793c\u54c1\uff0c\u8fd9\u4e43\u662f\u767e\u5b89\u5c45\u7684\u6069\u6cfd\u90a3\u3002\u5b98\u7f51\u6d3b\u52a8\u7ed9\u529b\u4ea6\u6709\u8da3\uff0c\u82e5\u662f\u6709\u53c2\u52a0\u4e4b\u610f\u70b9\u51fb\uff1a<a data-url=\"http:\/\/t.cn\/ak4Jjv\" target=\"_blank\" href=\"https:\/\/weibo.cn\/sinaurl\/blocked3df8d81a?url=http%3A%2F%2Fwww.bnq.com.cn%2Findex.php&luicode=10000011&lfid=1076031694659791&u=http%3A%2F%2Fwww.bnq.com.cn%2Findex.php\" class=\"\"><span class='url-icon'><img style='width: 1rem;height: 1rem' src='\/\/h5.sinaimg.cn\/upload\/2015\/09\/25\/3\/timeline_card_small_web_default.png'><\/span><span class=\"surl-text\">\u7f51\u9875\u94fe\u63a5<\/span><\/a> \u5018\u82e5\u5173\u6ce8<a href='\/n\/\u767e\u5b89\u5c45'>@\u767e\u5b89\u5c45<\/a> \u5e76\u8f6c\u53d1\u6b64\u5fae\u535a@ \u4e00\u4f4d\u53cb\u4eba\u5373\u6709\u5e78\u53ef\u5f97Blyss(S)\u51b7\u98ce\u6247\u4e00\u53f0\uff01\u51715\u4e2a\u54e6\uff01 <a data-url=\"http:\/\/t.cn\/zODVUEm\" href=\"http:\/\/event.weibo.com\/477920?luicode=10000011&lfid=1076031694659791\" data-hide=\"\"><span class='url-icon'><img style='width: 1rem;height: 1rem' src='\/\/h5.sinaimg.cn\/upload\/2015\/09\/25\/3\/timeline_card_small_web_default.png'><\/span><span class=\"surl-text\">\u7f51\u9875\u94fe\u63a5<\/span><\/a> ","source":"\u5fae\u6d3b\u52a8","favorited":false,"pic_types":"","thumbnail_pic":"http:\/\/ww3.sinaimg.cn\/thumbnail\/69416969gw1dtlwo9gwfnj.jpg","bmiddle_pic":"http:\/\/ww3.sinaimg.cn\/bmiddle\/69416969gw1dtlwo9gwfnj.jpg","original_pic":"http:\/\/ww3.sinaimg.cn\/large\/69416969gw1dtlwo9gwfnj.jpg","is_paid":false,"mblog_vip_type":0,"user":{"id":1765894505,"screen_name":"\u767e\u5b89\u5c45","profile_image_url":"https:\/\/tva4.sinaimg.cn\/crop.6.56.281.281.180\/69416969jw8eyr8eruakmj208c09hwen.jpg?KID=imgbed,tva&Expires=1570715918&ssig=ANIZwCQhKJ","profile_url":"https:\/\/m.weibo.cn\/u\/1765894505?uid=1765894505&luicode=10000011&lfid=1076031694659791","statuses_count":12929,"verified":true,"verified_type":2,"verified_type_ext":50,"verified_reason":"\u767e\u5b89\u5c45\uff08\u4e2d\u56fd\uff09\u5b98\u65b9\u5fae\u535a","close_blue_v":false,"description":"\u767e\u5b89\u5c45\u6e90\u81ea\u6b27\u6d32\uff0c\u662f\u56fd\u9645\u56fd\u5185\u77e5\u540d\u7684\u5927\u578b\u5efa\u6750\u96f6\u552e\u548c\u88c5\u4fee\u670d\u52a1\u63d0\u4f9b\u5546\u3002\u63d0\u4f9b\u201c\u786c\u88c5\u3001\u8f6f\u88c5\u3001\u5bb6\u5177\u3001\u5bb6\u7535\u201d\u4e00\u7ad9\u5f0f\u89e3\u51b3\u65b9\u6848\u4ee5\u53ca\u88c5\u4fee\u987e\u95ee\u3001\u5ba4\u5185\u8bbe\u8ba1\u3001\u6750\u6599\u9009\u8d2d\u3001\u65bd\u5de5\u670d\u52a1\u3001\u54c1\u8d28\u76d1\u63a7\u7b49\u5168\u6d41\u7a0b\u7684\u88c5\u4fee\u670d\u52a1\u3002\u767e\u5b89\u5c451999\u5e74\u8fdb\u5165\u4e2d\u56fd\u5e76\u5728\u4e0a\u6d77\u5f00\u8bbe\u7b2c\u4e00\u5bb6\u65d7\u8230\u5e97\uff0c\u59cb\u7ec8\u575a\u6301\u987e\u5ba2\u81f3\u4e0a\u3001\u8ffd\u6c42\u5353\u8d8a\u7684\u54c1\u724c\u7406\u5ff5\u3002\u8fc4\u4eca\u4e3a\u6b62\uff0c\u767e\u5b89\u5c45\uff08\u4e2d\u56fd\uff09\u5df2\u5728\u5317\u4eac\u3001\u4e0a\u6d77\u3001\u5e7f\u5dde\u3001\u6df1\u5733\u3001\u6210\u90fd\u3001\u91cd\u5e86\u3001\u6b66\u6c49\u3001\u6606\u660e\u3001\u9752\u5c9b\u3001\u676d\u5dde\u3001\u5357\u4eac\u3001\u53a6\u95e8\u7b49\u5168\u56fd\u591a\u4e2a\u57ce\u5e02\u8bbe\u7acb\u4e86\u591a\u5bb6\u95e8\u5e97\u3002","gender":"m","mbtype":12,"urank":44,"mbrank":3,"follow_me":false,"following":false,"followers_count":501149,"follow_count":188,"cover_image_phone":"https:\/\/tva1.sinaimg.cn\/crop.0.0.640.640.640\/549d0121tw1egm1kjly3jj20hs0hsq4f.jpg","avatar_hd":"https:\/\/ww4.sinaimg.cn\/orj480\/69416969jw8eyr8eruakmj208c09hwen.jpg","like":false,"like_me":false,"badge":{"bind_taobao":1,"dzwbqlx_2016":1,"user_name_certificate":1,"suishoupai_2018":1,"worldcup_2018":34,"qixi_2018":1,"memorial_2018":1,"denglong_2019":1,"suishoupai_2019":1}},"reposts_count":13610,"comments_count":10473,"attitudes_count":0,"pending_approval_count":0,"isLongText":false,"reward_exhibition_type":0,"hide_flag":0,"mblogtype":0,"more_info_type":0,"number_display_strategy":{"apply_scenario_flag":3,"display_text_min_number":1000000,"display_text":"100\u4e07+"},"content_auth":0,"pic_num":1,"edit_config":{"edited":false},"weibo_position":2,"show_attitude_bar":0,"retweeted":1,"bid":"ymirpDvVe","pics":[{"pid":"69416969gw1dtlwo9gwfnj","url":"https:\/\/ww3.sinaimg.cn\/orj360\/69416969gw1dtlwo9gwfnj.jpg","size":"orj360","geo":false,"large":{"size":"large","url":"https:\/\/ww3.sinaimg.cn\/large\/69416969gw1dtlwo9gwfnj.jpg","geo":false}}]},"reposts_count":0,"comments_count":0,"attitudes_count":0,"pending_approval_count":0,"isLongText":false,"reward_exhibition_type":0,"hide_flag":0,"mblogtype":0,"more_info_type":0,"extern_safe":0,"number_display_strategy":{"apply_scenario_flag":3,"display_text_min_number":1000000,"display_text":"100\u4e07+"},"content_auth":0,"pic_num":0,"mblog_menu_new_style":0,"edit_config":{"edited":false},"weibo_position":3,"show_attitude_bar":0,"raw_text":"\u8f6c\u53d1\u5fae\u535a\/\/@\u4e00\u573a\u5b81\u9759:\u8f6c\u53d1\u5fae\u535a","bid":"ynPk7fA6H"},"show_type":0}],"scheme":"sinaweibo:\/\/cardlist?containerid=1076031694659791&extparam=&type=uid&value=1694659791&fid=1076031694659791&uicode=10000011&v_p=42&luicode=10000011&lfid=1076031694659791"}}