{"ok":1,"data":{"avatar_guide":[],"userInfo":{"id":1694659791,"screen_name":"overseas","profile_image_url":"https:\/\/tva2.sinaimg.cn\/crop.0.0.180.180.180\/650274cfjw1e8qgp5bmzyj2050050aa8.jpg?KID=imgbed,tva&Expires=1570715918&ssig=eqHbqMSR%2BI","profile_url":"https:\/\/m.weibo.cn\/u\/1694659791?uid=1694659791&luicode=10000011&lfid=1005051694659791","statuses_count":46,"verified":false,"verified_type":-1,"close_blue_v":false,"description":"","gender":"m","mbtype":0,"urank":0,"mbrank":0,"follow_me":false,"following":false,"followers_count":689,"follow_count":36,"cover_image_phone":"https:\/\/tva1.sinaimg.cn\/crop.0.0.640.640.640\/549d0121tw1egm1kjly3jj20hs0hsq4f.jpg","avatar_hd":"https:\/\/ww2.sinaimg.cn\/orj480\/650274cfjw1e8qgp5bmzyj2050050aa8.jpg","like":false,"like_me":false,"toolbar_menus":[{"type":"profile_follow","name":"\u5173\u6ce8","pic":"","params":{"uid":1694659791}},{"type":"link","name":"\u804a\u5929","pic":"http:\/\/h5.sinaimg.cn\/upload\/2015\/06\/12\/2\/toolbar_icon_discuss_default.png","params":{"scheme":"sinaweibo:\/\/messagelist?uid=1694659791&nick=overseas"},"scheme":"https:\/\/passport.weibo.cn\/signin\/welcome?entry=mweibo&r=https%3A%2F%2Fm.weibo.cn%2Fu%2F1694659791"},{"type":"link","name":"\u6587\u7ae0","pic":"","params":{"scheme":"sinaweibo:\/\/cardlist?containerid=2303190002_445_1694659791_WEIBO_ARTICLE_LIST_DETAIL&count=20"},"scheme":"https:\/\/m.weibo.cn\/p\/index?containerid=2303190002_445_1694659791_WEIBO_ARTICLE_LIST_DETAIL&count=20&luicode=10000011&lfid=1005051694659791"}]},"fans_scheme":"https:\/\/m.weibo.cn\/p\/index?containerid=231051_-_fans_intimacy_-_1694659791&luicode=10000011&lfid=1005051694659791","follow_scheme":"https:\/\/m.weibo.cn\/p\/index?containerid=231051_-_followersrecomm_-_1694659791&luicode=10000011&lfid=1005051694659791","tabsInfo":{"selectedTab":1,"tabs":[{"id":1,"tabKey":"profile","must_show":1,"hidden":0,"title":"\u4e3b\u9875","tab_type":"profile","containerid":"2302831694659791"},{"id":2,"tabKey":"weibo","must_show":1,"hidden":0,"title":"\u5fae\u535a","tab_type":"weibo","containerid":"1076031694659791","apipath":"\/profile\/statuses","url":"\/index\/my"},{"id":10,"tabKey":"album","must_show":0,"hidden":0,"title":"\u76f8\u518c","tab_type":"album","containerid":"1078031694659791"}]},"scheme":"sinaweibo:\/\/userinfo?uid=1694659791&type=uid&value=1694659791&fid=1005051694659791&uicode=10000011&v_p=42&luicode=10000011&lfid=1005051694659791","showAppTips":1}}