{"fieldTypes":{"x":"Number","pinBodyText":"Text","y":"Number","pinName":"Text","isNew":"Boolean","pinDescription":"Text","isSoon":"Boolean"},"items":[{"createdBy":"rmmaghro","locale":"en_US","author":"rmmaghro","dateUpdated":"2019-04-04T03:18:54+0000","score":0.0,"name":"Jakarta","numImpressions":0,"dateCreated":"2019-04-04T03:13:04+0000","additionalFields":{"x":"72.8","pinName":"Jakarta","y":"35.2","isNew":"0","isSoon":"1","pinDescription":"Coming Soon"},"id":"gi-map-pins#jakarta","directoryId":"gi-map-pins","lastUpdatedBy":"rmmaghro"},{"createdBy":"emilyti","locale":"en_US","author":"emilyti","dateUpdated":"2018-11-13T16:13:28+0000","score":0.0,"name":"Milan","numImpressions":0,"dateCreated":"2018-11-13T16:13:11+0000","additionalFields":{"x":"49.7","pinName":"Milan","y":"58.3","isNew":"0","isSoon":"1","pinDescription":"Coming Soon"},"id":"gi-map-pins#milan","directoryId":"gi-map-pins","lastUpdatedBy":"emilyti"},{"createdBy":"emilyti","locale":"en_US","author":"emilyti","dateUpdated":"2018-11-13T01:20:09+0000","score":0.0,"name":"Cape Town","numImpressions":0,"dateCreated":"2018-11-13T01:19:53+0000","additionalFields":{"x":"51.5","pinName":"Cape Town","y":"23.5","isNew":"0","isSoon":"1","pinDescription":"Coming Soon"},"id":"gi-map-pins#cape-town","directoryId":"gi-map-pins","lastUpdatedBy":"emilyti"},{"createdBy":"emilyti","locale":"en_US","author":"emilyti","dateUpdated":"2018-08-01T23:33:44+0000","score":0.0,"name":"AWS GovCloud (US-West)","numImpressions":0,"dateCreated":"2018-07-31T18:24:40+0000","additionalFields":{"pinBodyText":"Availability Zones: 3","x":"19.8","pinName":"AWS GovCloud (US-West)","y":"54.7","isNew":"0","pinDescription":"Launched 2011","isSoon":"0"},"id":"gi-map-pins#aws-govcloud-us-west","directoryId":"gi-map-pins","lastUpdatedBy":"emilyti"},{"createdBy":"emilyti","locale":"en_US","author":"emilyti","dateUpdated":"2018-07-31T18:25:15+0000","score":0.0,"name":"São Paulo (South America)","numImpressions":0,"dateCreated":"2018-07-31T18:24:38+0000","additionalFields":{"pinBodyText":"Availability Zones: 3","x":"36","pinName":"São Paulo","y":"28","isNew":"0","pinDescription":"Launched 2011","isSoon":"0"},"id":"gi-map-pins#são-paulo-south-america","directoryId":"gi-map-pins","lastUpdatedBy":"emilyti"},{"createdBy":"emilyti","locale":"en_US","author":"emilyti","dateUpdated":"2018-07-31T18:25:11+0000","score":0.0,"name":"Paris (Europe)","numImpressions":0,"dateCreated":"2018-07-31T18:24:35+0000","additionalFields":{"pinBodyText":"Availability Zones: 3","x":"48.3","pinName":"Paris","y":"59.5","isNew":"0","pinDescription":"Launched 2017","isSoon":"0"},"id":"gi-map-pins#paris-europe","directoryId":"gi-map-pins","lastUpdatedBy":"emilyti"},{"createdBy":"emilyti","locale":"en_US","author":"emilyti","dateUpdated":"2018-07-31T18:25:05+0000","score":0.0,"name":"London (Europe)","numImpressions":0,"dateCreated":"2018-07-31T18:24:33+0000","additionalFields":{"pinBodyText":"Availability Zones: 3","x":"47.3","pinName":"London","y":"62","isNew":"0","pinDescription":"Launched 2016","isSoon":"0"},"id":"gi-map-pins#london-europe","directoryId":"gi-map-pins","lastUpdatedBy":"emilyti"},{"createdBy":"emilyti","locale":"en_US","author":"emilyti","dateUpdated":"2018-07-31T18:25:04+0000","score":0.0,"name":"Ireland (Europe)","numImpressions":0,"dateCreated":"2018-07-31T18:24:30+0000","additionalFields":{"pinBodyText":"Availability Zones: 3","x":"45.5","pinName":"Ireland","y":"62","isNew":"0","pinDescription":"Launched 2007","isSoon":"0"},"id":"gi-map-pins#ireland-europe","directoryId":"gi-map-pins","lastUpdatedBy":"emilyti"},{"createdBy":"emilyti","locale":"en_US","author":"emilyti","dateUpdated":"2018-07-31T18:25:02+0000","score":0.0,"name":"Frankfurt (Europe)","numImpressions":0,"dateCreated":"2018-07-31T18:24:27+0000","additionalFields":{"pinBodyText":"Availability Zones: 3","x":"49.5","pinName":"Frankfurt","y":"60.5","isNew":"0","pinDescription":"Launched 2014","isSoon":"0"},"id":"gi-map-pins#frankfurt-europe","directoryId":"gi-map-pins","lastUpdatedBy":"emilyti"},{"createdBy":"emilyti","locale":"en_US","author":"emilyti","dateUpdated":"2018-07-31T18:25:09+0000","score":0.0,"name":"Ningxia (China)","numImpressions":0,"dateCreated":"2018-07-31T18:24:25+0000","additionalFields":{"pinBodyText":"Availability Zones: 3","x":"73","pinName":"Ningxia","y":"54.7","isNew":"0","isSoon":"0"},"id":"gi-map-pins#ningxia-china","directoryId":"gi-map-pins","lastUpdatedBy":"emilyti"},{"createdBy":"emilyti","locale":"en_US","author":"emilyti","dateUpdated":"2018-10-10T17:29:34+0000","score":0.0,"name":"China (Beijing)","numImpressions":0,"dateCreated":"2018-07-31T18:24:23+0000","additionalFields":{"pinBodyText":"Availability Zones: 2","x":"74.8","pinName":"Beijing","y":"56.3","isNew":"0","isSoon":"0"},"id":"gi-map-pins#beijing-china","directoryId":"gi-map-pins","lastUpdatedBy":"emilyti"},{"createdBy":"emilyti","locale":"en_US","author":"emilyti","dateUpdated":"2018-10-10T17:08:53+0000","score":0.0,"name":"Canada (Central)","numImpressions":0,"dateCreated":"2018-07-31T18:24:20+0000","additionalFields":{"pinBodyText":"Availability Zones: 2","x":"30.2","pinName":"Canada Central","y":"59.7","isNew":"0","pinDescription":"Launched 2016","isSoon":"0"},"id":"gi-map-pins#canada-central","directoryId":"gi-map-pins","lastUpdatedBy":"emilyti"},{"createdBy":"emilyti","locale":"en_US","author":"emilyti","dateUpdated":"2018-07-31T18:25:15+0000","score":0.0,"name":"Tokyo (Asia Pacific)","numImpressions":0,"dateCreated":"2018-07-31T18:24:18+0000","additionalFields":{"pinBodyText":"Availability Zones: 4","x":"80.2","pinName":"Tokyo","y":"54","isNew":"0","pinDescription":"Launched 2011","isSoon":"0"},"id":"gi-map-pins#tokyo-asia-pacific","directoryId":"gi-map-pins","lastUpdatedBy":"emilyti"},{"createdBy":"emilyti","locale":"en_US","author":"emilyti","dateUpdated":"2018-07-31T18:25:14+0000","score":0.0,"name":"Sydney (Asia Pacific)","numImpressions":0,"dateCreated":"2018-07-31T18:24:15+0000","additionalFields":{"pinBodyText":"Availability Zones: 3","x":"82.5","pinName":"Sydney","y":"23.5","isNew":"0","pinDescription":"Launched 2012","isSoon":"0"},"id":"gi-map-pins#sydney-asia-pacific","directoryId":"gi-map-pins","lastUpdatedBy":"emilyti"},{"createdBy":"emilyti","locale":"en_US","author":"emilyti","dateUpdated":"2018-07-31T18:25:13+0000","score":0.0,"name":"Singapore (Asia Pacific)","numImpressions":0,"dateCreated":"2018-07-31T18:24:12+0000","additionalFields":{"pinBodyText":"Availability Zones: 3","x":"71.7","pinName":"Singapore","y":"38.7","isNew":"0","pinDescription":"Launched 2010","isSoon":"0"},"id":"gi-map-pins#singapore-asia-pacific","directoryId":"gi-map-pins","lastUpdatedBy":"emilyti"},{"createdBy":"emilyti","locale":"en_US","author":"rmmaghro","dateUpdated":"2019-05-16T19:32:39+0000","score":0.0,"name":"Seoul (Asia Pacific)","numImpressions":0,"dateCreated":"2018-07-31T18:24:10+0000","additionalFields":{"pinBodyText":"Availability Zones: 3","x":"77","pinName":"Seoul","y":"54.5","isNew":"0","pinDescription":"Launched 2016","isSoon":"0"},"id":"gi-map-pins#seoul-asia-pacific","directoryId":"gi-map-pins","lastUpdatedBy":"rmmaghro"},{"createdBy":"emilyti","locale":"en_US","author":"rmmaghro","dateUpdated":"2019-05-15T05:41:15+0000","score":0.0,"name":"Mumbai (Asia Pacific)","numImpressions":0,"dateCreated":"2018-07-31T18:24:07+0000","additionalFields":{"pinBodyText":"Availability Zones: 3","x":"65","pinName":"Mumbai","y":"45.7","isNew":"0","pinDescription":"Launched 2016","isSoon":"0"},"id":"gi-map-pins#mumbai-asia-pacific","directoryId":"gi-map-pins","lastUpdatedBy":"rmmaghro"},{"createdBy":"emilyti","locale":"en_US","author":"emilyti","dateUpdated":"2018-08-01T19:08:16+0000","score":0.0,"name":"N. California (US West)","numImpressions":0,"dateCreated":"2018-07-31T18:24:05+0000","additionalFields":{"pinBodyText":"Availability Zones: 3","x":"18.5","pinName":"Northern California","y":"55","isNew":"0","pinDescription":"Launched 2009","isSoon":"0"},"id":"gi-map-pins#n-california-us-west","directoryId":"gi-map-pins","lastUpdatedBy":"emilyti"},{"createdBy":"emilyti","locale":"en_US","author":"emilyti","dateUpdated":"2018-07-31T18:25:10+0000","score":0.0,"name":"Ohio (US-East)","numImpressions":0,"dateCreated":"2018-07-31T18:24:02+0000","additionalFields":{"pinBodyText":"Availability Zones: 3","x":"27.5","pinName":"Ohio","y":"56","isNew":"0","pinDescription":"Launched 2016","isSoon":"0"},"id":"gi-map-pins#ohio","directoryId":"gi-map-pins","lastUpdatedBy":"emilyti"},{"createdBy":"emilyti","locale":"en_US","author":"emilyti","dateUpdated":"2018-07-31T18:25:08+0000","score":0.0,"name":"N. Virginia (US-East)","numImpressions":0,"dateCreated":"2018-07-31T18:23:59+0000","additionalFields":{"pinBodyText":"Availability Zones: 6","x":"29.5","pinName":"Northern Virginia","y":"54.8","isNew":"0","pinDescription":"Launched 2006","isSoon":"0"},"id":"gi-map-pins#n-virginia","directoryId":"gi-map-pins","lastUpdatedBy":"emilyti"},{"createdBy":"emilyti","locale":"en_US","author":"emilyti","dateUpdated":"2018-11-13T01:18:54+0000","score":0.0,"name":"AWS GovCloud (US-East)","numImpressions":0,"dateCreated":"2018-07-31T18:23:57+0000","additionalFields":{"pinBodyText":"Availability Zones: 3","x":"28.7","pinName":"AWS GovCloud (US-East)","y":"54.8","isNew":"1","pinDescription":"Launched 2018","isSoon":"0"},"id":"gi-map-pins#aws-govcloud-us-east","directoryId":"gi-map-pins","lastUpdatedBy":"emilyti"},{"createdBy":"emilyti","locale":"en_US","author":"rmmaghro","dateUpdated":"2019-05-08T21:35:16+0000","score":0.0,"name":"Hong Kong SAR","numImpressions":0,"dateCreated":"2018-07-31T18:23:54+0000","additionalFields":{"pinBodyText":"Availability Zones: 3","x":"73.8","pinName":"Hong Kong SAR","y":"47.8","isNew":"1","pinDescription":"Launched 2019","isSoon":"0"},"id":"gi-map-pins#hong-kong-sar-china","directoryId":"gi-map-pins","lastUpdatedBy":"rmmaghro"},{"createdBy":"emilyti","locale":"en_US","author":"rmmaghro","dateUpdated":"2019-07-30T07:37:22+0000","score":0.0,"name":"Bahrain","numImpressions":0,"dateCreated":"2018-07-31T18:23:52+0000","additionalFields":{"pinBodyText":"Availability Zones: 3","x":"59.5","pinName":"Bahrain","y":"49","isNew":"1","pinDescription":"Launched 2019","isSoon":"0"},"id":"gi-map-pins#bahrain","directoryId":"gi-map-pins","lastUpdatedBy":"rmmaghro"},{"createdBy":"emilyti","locale":"en_US","author":"emilyti","dateUpdated":"2018-12-12T08:57:16+0000","score":0.0,"name":"Stockholm (Europe)","numImpressions":0,"dateCreated":"2018-07-31T18:23:49+0000","additionalFields":{"pinBodyText":"Availability Zones: 3","x":"51","pinName":"Europe (Stockholm)","y":"67","isNew":"0","pinDescription":"Launched 2018","isSoon":"0"},"id":"gi-map-pins#us-west-california","directoryId":"gi-map-pins","lastUpdatedBy":"emilyti"},{"createdBy":"emilyti","locale":"en_US","author":"rmmaghro","dateUpdated":"2019-02-21T18:59:27+0000","score":0.0,"name":"Oregon (US-West)","numImpressions":0,"dateCreated":"2018-07-31T18:23:47+0000","additionalFields":{"pinBodyText":"Availability Zones: 4","x":"19","pinName":"Oregon","y":"56.5","isNew":"0","pinDescription":"Launched 2011","isSoon":"0"},"id":"gi-map-pins#us-west-oregon","directoryId":"gi-map-pins","lastUpdatedBy":"rmmaghro"}],"metadata":{"count":25}}