{"localizedData":{"ctaText":"Contact us"},"customerType":"consumer","messagingState":{"windowState":"docked","conversationExists":false},"uiPolicy":{"id":14,"name":"adminconsole","loadDelay":0,"showCTA":false,"openMessagingWindow":true,"ctaStyleOverride":"none","wndStyleOverride":"none","yOffset":0,"ctaFadeInDelay":0,"ctaFadeOutDelay":0,"ctaTransparency":0,"showButtonAfterClose":true,"showDotAfterClose":false,"wndType":"docked"},"releaseControl":{"showLegacy":false,"showAdobeMessaging":true,"adobeMessagingClientURL":"https://ui.messaging.adobe.com/2.6.4/index.html","floodgateData":{"feature_id":null,"variant_id":null}},"uiFallbackLocale":"en_US","agentFallbackLocale":"en_US","userProfileInfo":null,"cookieGuid":"1a0d09e0-568b-4756-acca-85d925b90cd4","showPopUp":false,"popUpLoadDelay":0,"enterpriseTeamLocale":null,"appId":"homepage_loggedout_default","ipAddress":"80.113.225.15","agentAvailable":true}